Signature	Return Type	Function Type	Intermediate Type	Properties
__iceberg_transform_bucket(BIGINT,INT)	INT	Scalar	NULL	{"fid":"10351","symbol":"","file":"","isolation":"isolated","type":"BUILTIN","md5":""}
__iceberg_transform_bucket(DATE,INT)	INT	Scalar	NULL	{"fid":"10352","symbol":"","file":"","isolation":"isolated","type":"BUILTIN","md5":""}
__iceberg_transform_bucket(DATETIME,INT)	INT	Scalar	NULL	{"fid":"10353","symbol":"","file":"","isolation":"isolated","type":"BUILTIN","md5":""}
__iceberg_transform_bucket(DECIMAL128,INT)	INT	Scalar	NULL	{"fid":"10358","symbol":"","file":"","isolation":"isolated","type":"BUILTIN","md5":""}
__iceberg_transform_bucket(DECIMAL32,INT)	INT	Scalar	NULL	{"fid":"10356","symbol":"","file":"","isolation":"isolated","type":"BUILTIN","md5":""}
__iceberg_transform_bucket(DECIMAL64,INT)	INT	Scalar	NULL	{"fid":"10357","symbol":"","file":"","isolation":"isolated","type":"BUILTIN","md5":""}
__iceberg_transform_bucket(INT,INT)	INT	Scalar	NULL	{"fid":"10350","symbol":"","file":"","isolation":"isolated","type":"BUILTIN","md5":""}
__iceberg_transform_bucket(VARBINARY,INT)	INT	Scalar	NULL	{"fid":"10355","symbol":"","file":"","isolation":"isolated","type":"BUILTIN","md5":""}
__iceberg_transform_bucket(VARCHAR,INT)	INT	Scalar	NULL	{"fid":"10354","symbol":"","file":"","isolation":"isolated","type":"BUILTIN","md5":""}
__iceberg_transform_day(DATE)	BIGINT	Scalar	NULL	{"fid":"50640","symbol":"","file":"","isolation":"isolated","type":"BUILTIN","md5":""}
__iceberg_transform_day(DATETIME)	BIGINT	Scalar	NULL	{"fid":"50641","symbol":"","file":"","isolation":"isolated","type":"BUILTIN","md5":""}
__iceberg_transform_hour(DATETIME)	BIGINT	Scalar	NULL	{"fid":"50650","symbol":"","file":"","isolation":"isolated","type":"BUILTIN","md5":""}
__iceberg_transform_month(DATE)	BIGINT	Scalar	NULL	{"fid":"50630","symbol":"","file":"","isolation":"isolated","type":"BUILTIN","md5":""}
__iceberg_transform_month(DATETIME)	BIGINT	Scalar	NULL	{"fid":"50631","symbol":"","file":"","isolation":"isolated","type":"BUILTIN","md5":""}
__iceberg_transform_timestamptz_bucket(DATETIME,INT)	INT	Scalar	NULL	{"fid":"10359","symbol":"","file":"","isolation":"isolated","type":"BUILTIN","md5":""}
__iceberg_transform_timestamptz_day(DATETIME)	BIGINT	Scalar	NULL	{"fid":"50642","symbol":"","file":"","isolation":"isolated","type":"BUILTIN","md5":""}
__iceberg_transform_timestamptz_hour(DATETIME)	BIGINT	Scalar	NULL	{"fid":"50651","symbol":"","file":"","isolation":"isolated","type":"BUILTIN","md5":""}
__iceberg_transform_timestamptz_month(DATETIME)	BIGINT	Scalar	NULL	{"fid":"50632","symbol":"","file":"","isolation":"isolated","type":"BUILTIN","md5":""}
__iceberg_transform_timestamptz_year(DATETIME)	BIGINT	Scalar	NULL	{"fid":"50622","symbol":"","file":"","isolation":"isolated","type":"BUILTIN","md5":""}
__iceberg_transform_truncate(BIGINT,INT)	BIGINT	Scalar	NULL	{"fid":"10341","symbol":"","file":"","isolation":"isolated","type":"BUILTIN","md5":""}
__iceberg_transform_truncate(DECIMAL128,INT)	DECIMAL128	Scalar	NULL	{"fid":"10344","symbol":"","file":"","isolation":"isolated","type":"BUILTIN","md5":""}
__iceberg_transform_truncate(DECIMAL32,INT)	DECIMAL32	Scalar	NULL	{"fid":"10342","symbol":"","file":"","isolation":"isolated","type":"BUILTIN","md5":""}
__iceberg_transform_truncate(DECIMAL64,INT)	DECIMAL64	Scalar	NULL	{"fid":"10343","symbol":"","file":"","isolation":"isolated","type":"BUILTIN","md5":""}
__iceberg_transform_truncate(INT,INT)	INT	Scalar	NULL	{"fid":"10340","symbol":"","file":"","isolation":"isolated","type":"BUILTIN","md5":""}
__iceberg_transform_truncate(VARBINARY,INT)	VARBINARY	Scalar	NULL	{"fid":"10346","symbol":"","file":"","isolation":"isolated","type":"BUILTIN","md5":""}
__iceberg_transform_truncate(VARCHAR,INT)	VARCHAR	Scalar	NULL	{"fid":"10345","symbol":"","file":"","isolation":"isolated","type":"BUILTIN","md5":""}
__iceberg_transform_year(DATE)	BIGINT	Scalar	NULL	{"fid":"50620","symbol":"","file":"","isolation":"isolated","type":"BUILTIN","md5":""}
__iceberg_transform_year(DATETIME)	BIGINT	Scalar	NULL	{"fid":"50621","symbol":"","file":"","isolation":"isolated","type":"BUILTIN","md5":""}
abs(BIGINT)	LARGEINT	Scalar	NULL	{"fid":"10043","symbol":"","file":"","isolation":"isolated","type":"BUILTIN","md5":""}
abs(DECIMAL128)	DECIMAL128	Scalar	NULL	{"fid":"100472","symbol":"","file":"","isolation":"isolated","type":"BUILTIN","md5":""}
abs(DECIMAL256)	DECIMAL256	Scalar	NULL	{"fid":"100473","symbol":"","file":"","isolation":"isolated","type":"BUILTIN","md5":""}
abs(DECIMAL32)	DECIMAL32	Scalar	NULL	{"fid":"100470","symbol":"","file":"","isolation":"isolated","type":"BUILTIN","md5":""}
abs(DECIMAL64)	DECIMAL64	Scalar	NULL	{"fid":"100471","symbol":"","file":"","isolation":"isolated","type":"BUILTIN","md5":""}
abs(DECIMALV2)	DECIMALV2	Scalar	NULL	{"fid":"10047","symbol":"","file":"","isolation":"isolated","type":"BUILTIN","md5":""}
abs(DOUBLE)	DOUBLE	Scalar	NULL	{"fid":"10040","symbol":"","file":"","isolation":"isolated","type":"BUILTIN","md5":""}
abs(FLOAT)	FLOAT	Scalar	NULL	{"fid":"10041","symbol":"","file":"","isolation":"isolated","type":"BUILTIN","md5":""}
abs(INT)	BIGINT	Scalar	NULL	{"fid":"10044","symbol":"","file":"","isolation":"isolated","type":"BUILTIN","md5":""}
abs(LARGEINT)	LARGEINT	Scalar	NULL	{"fid":"10042","symbol":"","file":"","isolation":"isolated","type":"BUILTIN","md5":""}
abs(SMALLINT)	INT	Scalar	NULL	{"fid":"10045","symbol":"","file":"","isolation":"isolated","type":"BUILTIN","md5":""}
abs(TINYINT)	SMALLINT	Scalar	NULL	{"fid":"10046","symbol":"","file":"","isolation":"isolated","type":"BUILTIN","md5":""}
acos(DOUBLE)	DOUBLE	Scalar	NULL	{"fid":"10080","symbol":"","file":"","isolation":"isolated","type":"BUILTIN","md5":""}
add(BIGINT,BIGINT)	BIGINT	Scalar	NULL	{"fid":"0","symbol":"","file":"","isolation":"isolated","type":"BUILTIN","md5":""}
add(BOOLEAN,BOOLEAN)	BOOLEAN	Scalar	NULL	{"fid":"0","symbol":"","file":"","isolation":"isolated","type":"BUILTIN","md5":""}
add(DECIMAL128,DECIMAL128)	DECIMAL128	Scalar	NULL	{"fid":"0","symbol":"","file":"","isolation":"isolated","type":"BUILTIN","md5":""}
add(DECIMAL256,DECIMAL256)	DECIMAL256	Scalar	NULL	{"fid":"0","symbol":"","file":"","isolation":"isolated","type":"BUILTIN","md5":""}
add(DECIMAL32,DECIMAL32)	DECIMAL32	Scalar	NULL	{"fid":"0","symbol":"","file":"","isolation":"isolated","type":"BUILTIN","md5":""}
add(DECIMAL64,DECIMAL64)	DECIMAL64	Scalar	NULL	{"fid":"0","symbol":"","file":"","isolation":"isolated","type":"BUILTIN","md5":""}
add(DECIMALV2,DECIMALV2)	DECIMALV2	Scalar	NULL	{"fid":"0","symbol":"","file":"","isolation":"isolated","type":"BUILTIN","md5":""}
add(DOUBLE,DOUBLE)	DOUBLE	Scalar	NULL	{"fid":"0","symbol":"","file":"","isolation":"isolated","type":"BUILTIN","md5":""}
add(FLOAT,FLOAT)	FLOAT	Scalar	NULL	{"fid":"0","symbol":"","file":"","isolation":"isolated","type":"BUILTIN","md5":""}
add(INT,INT)	INT	Scalar	NULL	{"fid":"0","symbol":"","file":"","isolation":"isolated","type":"BUILTIN","md5":""}
add(LARGEINT,LARGEINT)	LARGEINT	Scalar	NULL	{"fid":"0","symbol":"","file":"","isolation":"isolated","type":"BUILTIN","md5":""}
add(SMALLINT,SMALLINT)	SMALLINT	Scalar	NULL	{"fid":"0","symbol":"","file":"","isolation":"isolated","type":"BUILTIN","md5":""}
add(TINYINT,TINYINT)	TINYINT	Scalar	NULL	{"fid":"0","symbol":"","file":"","isolation":"isolated","type":"BUILTIN","md5":""}
add_months(DATETIME,INT)	DATETIME	Scalar	NULL	{"fid":"50122","symbol":"","file":"","isolation":"isolated","type":"BUILTIN","md5":""}
adddate(DATETIME,INT)	DATETIME	Scalar	NULL	{"fid":"50144","symbol":"","file":"","isolation":"isolated","type":"BUILTIN","md5":""}
aes_decrypt(VARCHAR,VARCHAR)	VARCHAR	Scalar	NULL	{"fid":"120110","symbol":"","file":"","isolation":"isolated","type":"BUILTIN","md5":""}
aes_decrypt(VARCHAR,VARCHAR,VARCHAR,VARCHAR)	VARCHAR	Scalar	NULL	{"fid":"120111","symbol":"","file":"","isolation":"isolated","type":"BUILTIN","md5":""}
aes_decrypt(VARCHAR,VARCHAR,VARCHAR,VARCHAR,VARCHAR)	VARCHAR	Scalar	NULL	{"fid":"120112","symbol":"","file":"","isolation":"isolated","type":"BUILTIN","md5":""}
aes_encrypt(VARCHAR,VARCHAR)	VARCHAR	Scalar	NULL	{"fid":"120100","symbol":"","file":"","isolation":"isolated","type":"BUILTIN","md5":""}
aes_encrypt(VARCHAR,VARCHAR,VARCHAR,VARCHAR)	VARCHAR	Scalar	NULL	{"fid":"120101","symbol":"","file":"","isolation":"isolated","type":"BUILTIN","md5":""}
aes_encrypt(VARCHAR,VARCHAR,VARCHAR,VARCHAR,VARCHAR)	VARCHAR	Scalar	NULL	{"fid":"120102","symbol":"","file":"","isolation":"isolated","type":"BUILTIN","md5":""}
ai_query(VARCHAR,JSON)	VARCHAR	Scalar	NULL	{"fid":"200000","symbol":"","file":"","isolation":"isolated","type":"BUILTIN","md5":""}
all_match(INVALID_TYPE)	BOOLEAN	Scalar	NULL	{"fid":"150301","symbol":"","file":"","isolation":"isolated","type":"BUILTIN","md5":""}
any_match(INVALID_TYPE)	BOOLEAN	Scalar	NULL	{"fid":"150302","symbol":"","file":"","isolation":"isolated","type":"BUILTIN","md5":""}
any_value(BIGINT)	BIGINT	Aggregate	NULL	{"fid":"0","symbol":"","file":"","isolation":"isolated","type":"BUILTIN","md5":""}
any_value(BITMAP)	BITMAP	Aggregate	NULL	{"fid":"0","symbol":"","file":"","isolation":"isolated","type":"BUILTIN","md5":""}
any_value(BOOLEAN)	BOOLEAN	Aggregate	NULL	{"fid":"0","symbol":"","file":"","isolation":"isolated","type":"BUILTIN","md5":""}
any_value(DATE)	DATE	Aggregate	NULL	{"fid":"0","symbol":"","file":"","isolation":"isolated","type":"BUILTIN","md5":""}
any_value(DATETIME)	DATETIME	Aggregate	NULL	{"fid":"0","symbol":"","file":"","isolation":"isolated","type":"BUILTIN","md5":""}
any_value(DECIMAL128)	DECIMAL128	Aggregate	NULL	{"fid":"0","symbol":"","file":"","isolation":"isolated","type":"BUILTIN","md5":""}
any_value(DECIMAL256)	DECIMAL256	Aggregate	NULL	{"fid":"0","symbol":"","file":"","isolation":"isolated","type":"BUILTIN","md5":""}
any_value(DECIMAL32)	DECIMAL32	Aggregate	NULL	{"fid":"0","symbol":"","file":"","isolation":"isolated","type":"BUILTIN","md5":""}
any_value(DECIMAL64)	DECIMAL64	Aggregate	NULL	{"fid":"0","symbol":"","file":"","isolation":"isolated","type":"BUILTIN","md5":""}
any_value(DECIMALV2)	DECIMALV2	Aggregate	NULL	{"fid":"0","symbol":"","file":"","isolation":"isolated","type":"BUILTIN","md5":""}
any_value(DOUBLE)	DOUBLE	Aggregate	NULL	{"fid":"0","symbol":"","file":"","isolation":"isolated","type":"BUILTIN","md5":""}
any_value(FLOAT)	FLOAT	Aggregate	NULL	{"fid":"0","symbol":"","file":"","isolation":"isolated","type":"BUILTIN","md5":""}
any_value(HLL)	HLL	Aggregate	NULL	{"fid":"0","symbol":"","file":"","isolation":"isolated","type":"BUILTIN","md5":""}
any_value(INT)	INT	Aggregate	NULL	{"fid":"0","symbol":"","file":"","isolation":"isolated","type":"BUILTIN","md5":""}
any_value(INVALID_TYPE)	INVALID_TYPE	Aggregate	NULL	{"fid":"0","symbol":"","file":"","isolation":"isolated","type":"BUILTIN","md5":""}
any_value(JSON)	JSON	Aggregate	NULL	{"fid":"0","symbol":"","file":"","isolation":"isolated","type":"BUILTIN","md5":""}
any_value(LARGEINT)	LARGEINT	Aggregate	NULL	{"fid":"0","symbol":"","file":"","isolation":"isolated","type":"BUILTIN","md5":""}
any_value(PERCENTILE)	PERCENTILE	Aggregate	NULL	{"fid":"0","symbol":"","file":"","isolation":"isolated","type":"BUILTIN","md5":""}
any_value(SMALLINT)	SMALLINT	Aggregate	NULL	{"fid":"0","symbol":"","file":"","isolation":"isolated","type":"BUILTIN","md5":""}
any_value(TIME)	TIME	Aggregate	NULL	{"fid":"0","symbol":"","file":"","isolation":"isolated","type":"BUILTIN","md5":""}
any_value(TINYINT)	TINYINT	Aggregate	NULL	{"fid":"0","symbol":"","file":"","isolation":"isolated","type":"BUILTIN","md5":""}
any_value(UNKNOWN_TYPE)	UNKNOWN_TYPE	Aggregate	NULL	{"fid":"0","symbol":"","file":"","isolation":"isolated","type":"BUILTIN","md5":""}
any_value(VARBINARY)	VARBINARY	Aggregate	NULL	{"fid":"0","symbol":"","file":"","isolation":"isolated","type":"BUILTIN","md5":""}
any_value(VARCHAR)	VARCHAR	Aggregate	NULL	{"fid":"0","symbol":"","file":"","isolation":"isolated","type":"BUILTIN","md5":""}
any_value_combine(BIGINT)	BIGINT	Aggregate	NULL	{"fid":"0","symbol":"","file":"","isolation":"isolated","type":"BUILTIN","md5":""}
any_value_combine(BOOLEAN)	BOOLEAN	Aggregate	NULL	{"fid":"0","symbol":"","file":"","isolation":"isolated","type":"BUILTIN","md5":""}
any_value_combine(DATE)	DATE	Aggregate	NULL	{"fid":"0","symbol":"","file":"","isolation":"isolated","type":"BUILTIN","md5":""}
any_value_combine(DATETIME)	DATETIME	Aggregate	NULL	{"fid":"0","symbol":"","file":"","isolation":"isolated","type":"BUILTIN","md5":""}
any_value_combine(DECIMAL128)	DECIMAL128	Aggregate	NULL	{"fid":"0","symbol":"","file":"","isolation":"isolated","type":"BUILTIN","md5":""}
any_value_combine(DECIMAL256)	DECIMAL256	Aggregate	NULL	{"fid":"0","symbol":"","file":"","isolation":"isolated","type":"BUILTIN","md5":""}
any_value_combine(DECIMAL32)	DECIMAL32	Aggregate	NULL	{"fid":"0","symbol":"","file":"","isolation":"isolated","type":"BUILTIN","md5":""}
any_value_combine(DECIMAL64)	DECIMAL64	Aggregate	NULL	{"fid":"0","symbol":"","file":"","isolation":"isolated","type":"BUILTIN","md5":""}
any_value_combine(DOUBLE)	DOUBLE	Aggregate	NULL	{"fid":"0","symbol":"","file":"","isolation":"isolated","type":"BUILTIN","md5":""}
any_value_combine(FLOAT)	FLOAT	Aggregate	NULL	{"fid":"0","symbol":"","file":"","isolation":"isolated","type":"BUILTIN","md5":""}
any_value_combine(INT)	INT	Aggregate	NULL	{"fid":"0","symbol":"","file":"","isolation":"isolated","type":"BUILTIN","md5":""}
any_value_combine(INVALID_TYPE)	INVALID_TYPE	Aggregate	NULL	{"fid":"0","symbol":"","file":"","isolation":"isolated","type":"BUILTIN","md5":""}
any_value_combine(JSON)	JSON	Aggregate	NULL	{"fid":"0","symbol":"","file":"","isolation":"isolated","type":"BUILTIN","md5":""}
any_value_combine(LARGEINT)	LARGEINT	Aggregate	NULL	{"fid":"0","symbol":"","file":"","isolation":"isolated","type":"BUILTIN","md5":""}
any_value_combine(SMALLINT)	SMALLINT	Aggregate	NULL	{"fid":"0","symbol":"","file":"","isolation":"isolated","type":"BUILTIN","md5":""}
any_value_combine(TINYINT)	TINYINT	Aggregate	NULL	{"fid":"0","symbol":"","file":"","isolation":"isolated","type":"BUILTIN","md5":""}
any_value_combine(VARBINARY)	VARBINARY	Aggregate	NULL	{"fid":"0","symbol":"","file":"","isolation":"isolated","type":"BUILTIN","md5":""}
any_value_combine(VARCHAR)	VARCHAR	Aggregate	NULL	{"fid":"0","symbol":"","file":"","isolation":"isolated","type":"BUILTIN","md5":""}
any_value_if(BIGINT,BOOLEAN)	BIGINT	Aggregate	NULL	{"fid":"0","symbol":"","file":"","isolation":"isolated","type":"BUILTIN","md5":""}
any_value_if(BOOLEAN,BOOLEAN)	BOOLEAN	Aggregate	NULL	{"fid":"0","symbol":"","file":"","isolation":"isolated","type":"BUILTIN","md5":""}
any_value_if(DATE,BOOLEAN)	DATE	Aggregate	NULL	{"fid":"0","symbol":"","file":"","isolation":"isolated","type":"BUILTIN","md5":""}
any_value_if(DATETIME,BOOLEAN)	DATETIME	Aggregate	NULL	{"fid":"0","symbol":"","file":"","isolation":"isolated","type":"BUILTIN","md5":""}
any_value_if(DECIMAL128,BOOLEAN)	DECIMAL128	Aggregate	NULL	{"fid":"0","symbol":"","file":"","isolation":"isolated","type":"BUILTIN","md5":""}
any_value_if(DECIMAL256,BOOLEAN)	DECIMAL256	Aggregate	NULL	{"fid":"0","symbol":"","file":"","isolation":"isolated","type":"BUILTIN","md5":""}
any_value_if(DECIMAL32,BOOLEAN)	DECIMAL32	Aggregate	NULL	{"fid":"0","symbol":"","file":"","isolation":"isolated","type":"BUILTIN","md5":""}
any_value_if(DECIMAL64,BOOLEAN)	DECIMAL64	Aggregate	NULL	{"fid":"0","symbol":"","file":"","isolation":"isolated","type":"BUILTIN","md5":""}
any_value_if(DOUBLE,BOOLEAN)	DOUBLE	Aggregate	NULL	{"fid":"0","symbol":"","file":"","isolation":"isolated","type":"BUILTIN","md5":""}
any_value_if(FLOAT,BOOLEAN)	FLOAT	Aggregate	NULL	{"fid":"0","symbol":"","file":"","isolation":"isolated","type":"BUILTIN","md5":""}
any_value_if(INT,BOOLEAN)	INT	Aggregate	NULL	{"fid":"0","symbol":"","file":"","isolation":"isolated","type":"BUILTIN","md5":""}
any_value_if(INVALID_TYPE,BOOLEAN)	INVALID_TYPE	Aggregate	NULL	{"fid":"0","symbol":"","file":"","isolation":"isolated","type":"BUILTIN","md5":""}
any_value_if(JSON,BOOLEAN)	JSON	Aggregate	NULL	{"fid":"0","symbol":"","file":"","isolation":"isolated","type":"BUILTIN","md5":""}
any_value_if(LARGEINT,BOOLEAN)	LARGEINT	Aggregate	NULL	{"fid":"0","symbol":"","file":"","isolation":"isolated","type":"BUILTIN","md5":""}
any_value_if(SMALLINT,BOOLEAN)	SMALLINT	Aggregate	NULL	{"fid":"0","symbol":"","file":"","isolation":"isolated","type":"BUILTIN","md5":""}
any_value_if(TINYINT,BOOLEAN)	TINYINT	Aggregate	NULL	{"fid":"0","symbol":"","file":"","isolation":"isolated","type":"BUILTIN","md5":""}
any_value_if(VARBINARY,BOOLEAN)	VARBINARY	Aggregate	NULL	{"fid":"0","symbol":"","file":"","isolation":"isolated","type":"BUILTIN","md5":""}
any_value_if(VARCHAR,BOOLEAN)	VARCHAR	Aggregate	NULL	{"fid":"0","symbol":"","file":"","isolation":"isolated","type":"BUILTIN","md5":""}
any_value_merge(BIGINT)	BIGINT	Aggregate	NULL	{"fid":"0","symbol":"","file":"","isolation":"isolated","type":"BUILTIN","md5":""}
any_value_merge(BOOLEAN)	BOOLEAN	Aggregate	NULL	{"fid":"0","symbol":"","file":"","isolation":"isolated","type":"BUILTIN","md5":""}
any_value_merge(DATE)	DATE	Aggregate	NULL	{"fid":"0","symbol":"","file":"","isolation":"isolated","type":"BUILTIN","md5":""}
any_value_merge(DATETIME)	DATETIME	Aggregate	NULL	{"fid":"0","symbol":"","file":"","isolation":"isolated","type":"BUILTIN","md5":""}
any_value_merge(DECIMAL128)	DECIMAL128	Aggregate	NULL	{"fid":"0","symbol":"","file":"","isolation":"isolated","type":"BUILTIN","md5":""}
any_value_merge(DECIMAL256)	DECIMAL256	Aggregate	NULL	{"fid":"0","symbol":"","file":"","isolation":"isolated","type":"BUILTIN","md5":""}
any_value_merge(DECIMAL32)	DECIMAL32	Aggregate	NULL	{"fid":"0","symbol":"","file":"","isolation":"isolated","type":"BUILTIN","md5":""}
any_value_merge(DECIMAL64)	DECIMAL64	Aggregate	NULL	{"fid":"0","symbol":"","file":"","isolation":"isolated","type":"BUILTIN","md5":""}
any_value_merge(DOUBLE)	DOUBLE	Aggregate	NULL	{"fid":"0","symbol":"","file":"","isolation":"isolated","type":"BUILTIN","md5":""}
any_value_merge(FLOAT)	FLOAT	Aggregate	NULL	{"fid":"0","symbol":"","file":"","isolation":"isolated","type":"BUILTIN","md5":""}
any_value_merge(INT)	INT	Aggregate	NULL	{"fid":"0","symbol":"","file":"","isolation":"isolated","type":"BUILTIN","md5":""}
any_value_merge(INVALID_TYPE)	INVALID_TYPE	Aggregate	NULL	{"fid":"0","symbol":"","file":"","isolation":"isolated","type":"BUILTIN","md5":""}
any_value_merge(JSON)	JSON	Aggregate	NULL	{"fid":"0","symbol":"","file":"","isolation":"isolated","type":"BUILTIN","md5":""}
any_value_merge(LARGEINT)	LARGEINT	Aggregate	NULL	{"fid":"0","symbol":"","file":"","isolation":"isolated","type":"BUILTIN","md5":""}
any_value_merge(SMALLINT)	SMALLINT	Aggregate	NULL	{"fid":"0","symbol":"","file":"","isolation":"isolated","type":"BUILTIN","md5":""}
any_value_merge(TINYINT)	TINYINT	Aggregate	NULL	{"fid":"0","symbol":"","file":"","isolation":"isolated","type":"BUILTIN","md5":""}
any_value_merge(VARBINARY)	VARBINARY	Aggregate	NULL	{"fid":"0","symbol":"","file":"","isolation":"isolated","type":"BUILTIN","md5":""}
any_value_merge(VARCHAR)	VARCHAR	Aggregate	NULL	{"fid":"0","symbol":"","file":"","isolation":"isolated","type":"BUILTIN","md5":""}
any_value_state(BIGINT)	BIGINT	Scalar	NULL	{"fid":"0","symbol":"","file":"","isolation":"isolated","type":"BUILTIN","md5":""}
any_value_state(BOOLEAN)	BOOLEAN	Scalar	NULL	{"fid":"0","symbol":"","file":"","isolation":"isolated","type":"BUILTIN","md5":""}
any_value_state(DATE)	DATE	Scalar	NULL	{"fid":"0","symbol":"","file":"","isolation":"isolated","type":"BUILTIN","md5":""}
any_value_state(DATETIME)	DATETIME	Scalar	NULL	{"fid":"0","symbol":"","file":"","isolation":"isolated","type":"BUILTIN","md5":""}
any_value_state(DECIMAL128)	DECIMAL128	Scalar	NULL	{"fid":"0","symbol":"","file":"","isolation":"isolated","type":"BUILTIN","md5":""}
any_value_state(DECIMAL256)	DECIMAL256	Scalar	NULL	{"fid":"0","symbol":"","file":"","isolation":"isolated","type":"BUILTIN","md5":""}
any_value_state(DECIMAL32)	DECIMAL32	Scalar	NULL	{"fid":"0","symbol":"","file":"","isolation":"isolated","type":"BUILTIN","md5":""}
any_value_state(DECIMAL64)	DECIMAL64	Scalar	NULL	{"fid":"0","symbol":"","file":"","isolation":"isolated","type":"BUILTIN","md5":""}
any_value_state(DOUBLE)	DOUBLE	Scalar	NULL	{"fid":"0","symbol":"","file":"","isolation":"isolated","type":"BUILTIN","md5":""}
any_value_state(FLOAT)	FLOAT	Scalar	NULL	{"fid":"0","symbol":"","file":"","isolation":"isolated","type":"BUILTIN","md5":""}
any_value_state(INT)	INT	Scalar	NULL	{"fid":"0","symbol":"","file":"","isolation":"isolated","type":"BUILTIN","md5":""}
any_value_state(INVALID_TYPE)	INVALID_TYPE	Scalar	NULL	{"fid":"0","symbol":"","file":"","isolation":"isolated","type":"BUILTIN","md5":""}
any_value_state(JSON)	JSON	Scalar	NULL	{"fid":"0","symbol":"","file":"","isolation":"isolated","type":"BUILTIN","md5":""}
any_value_state(LARGEINT)	LARGEINT	Scalar	NULL	{"fid":"0","symbol":"","file":"","isolation":"isolated","type":"BUILTIN","md5":""}
any_value_state(SMALLINT)	SMALLINT	Scalar	NULL	{"fid":"0","symbol":"","file":"","isolation":"isolated","type":"BUILTIN","md5":""}
any_value_state(TINYINT)	TINYINT	Scalar	NULL	{"fid":"0","symbol":"","file":"","isolation":"isolated","type":"BUILTIN","md5":""}
any_value_state(VARBINARY)	VARBINARY	Scalar	NULL	{"fid":"0","symbol":"","file":"","isolation":"isolated","type":"BUILTIN","md5":""}
any_value_state(VARCHAR)	VARCHAR	Scalar	NULL	{"fid":"0","symbol":"","file":"","isolation":"isolated","type":"BUILTIN","md5":""}
any_value_state_merge(BIGINT)	BIGINT	Scalar	NULL	{"fid":"0","symbol":"","file":"","isolation":"isolated","type":"BUILTIN","md5":""}
any_value_state_merge(BOOLEAN)	BOOLEAN	Scalar	NULL	{"fid":"0","symbol":"","file":"","isolation":"isolated","type":"BUILTIN","md5":""}
any_value_state_merge(DATE)	DATE	Scalar	NULL	{"fid":"0","symbol":"","file":"","isolation":"isolated","type":"BUILTIN","md5":""}
any_value_state_merge(DATETIME)	DATETIME	Scalar	NULL	{"fid":"0","symbol":"","file":"","isolation":"isolated","type":"BUILTIN","md5":""}
any_value_state_merge(DECIMAL128)	DECIMAL128	Scalar	NULL	{"fid":"0","symbol":"","file":"","isolation":"isolated","type":"BUILTIN","md5":""}
any_value_state_merge(DECIMAL256)	DECIMAL256	Scalar	NULL	{"fid":"0","symbol":"","file":"","isolation":"isolated","type":"BUILTIN","md5":""}
any_value_state_merge(DECIMAL32)	DECIMAL32	Scalar	NULL	{"fid":"0","symbol":"","file":"","isolation":"isolated","type":"BUILTIN","md5":""}
any_value_state_merge(DECIMAL64)	DECIMAL64	Scalar	NULL	{"fid":"0","symbol":"","file":"","isolation":"isolated","type":"BUILTIN","md5":""}
any_value_state_merge(DOUBLE)	DOUBLE	Scalar	NULL	{"fid":"0","symbol":"","file":"","isolation":"isolated","type":"BUILTIN","md5":""}
any_value_state_merge(FLOAT)	FLOAT	Scalar	NULL	{"fid":"0","symbol":"","file":"","isolation":"isolated","type":"BUILTIN","md5":""}
any_value_state_merge(INT)	INT	Scalar	NULL	{"fid":"0","symbol":"","file":"","isolation":"isolated","type":"BUILTIN","md5":""}
any_value_state_merge(INVALID_TYPE)	INVALID_TYPE	Scalar	NULL	{"fid":"0","symbol":"","file":"","isolation":"isolated","type":"BUILTIN","md5":""}
any_value_state_merge(JSON)	JSON	Scalar	NULL	{"fid":"0","symbol":"","file":"","isolation":"isolated","type":"BUILTIN","md5":""}
any_value_state_merge(LARGEINT)	LARGEINT	Scalar	NULL	{"fid":"0","symbol":"","file":"","isolation":"isolated","type":"BUILTIN","md5":""}
any_value_state_merge(SMALLINT)	SMALLINT	Scalar	NULL	{"fid":"0","symbol":"","file":"","isolation":"isolated","type":"BUILTIN","md5":""}
any_value_state_merge(TINYINT)	TINYINT	Scalar	NULL	{"fid":"0","symbol":"","file":"","isolation":"isolated","type":"BUILTIN","md5":""}
any_value_state_merge(VARBINARY)	VARBINARY	Scalar	NULL	{"fid":"0","symbol":"","file":"","isolation":"isolated","type":"BUILTIN","md5":""}
any_value_state_merge(VARCHAR)	VARCHAR	Scalar	NULL	{"fid":"0","symbol":"","file":"","isolation":"isolated","type":"BUILTIN","md5":""}
any_value_state_union(BIGINT,BIGINT)	BIGINT	Scalar	NULL	{"fid":"0","symbol":"","file":"","isolation":"isolated","type":"BUILTIN","md5":""}
any_value_state_union(BOOLEAN,BOOLEAN)	BOOLEAN	Scalar	NULL	{"fid":"0","symbol":"","file":"","isolation":"isolated","type":"BUILTIN","md5":""}
any_value_state_union(DATE,DATE)	DATE	Scalar	NULL	{"fid":"0","symbol":"","file":"","isolation":"isolated","type":"BUILTIN","md5":""}
any_value_state_union(DATETIME,DATETIME)	DATETIME	Scalar	NULL	{"fid":"0","symbol":"","file":"","isolation":"isolated","type":"BUILTIN","md5":""}
any_value_state_union(DECIMAL128,DECIMAL128)	DECIMAL128	Scalar	NULL	{"fid":"0","symbol":"","file":"","isolation":"isolated","type":"BUILTIN","md5":""}
any_value_state_union(DECIMAL256,DECIMAL256)	DECIMAL256	Scalar	NULL	{"fid":"0","symbol":"","file":"","isolation":"isolated","type":"BUILTIN","md5":""}
any_value_state_union(DECIMAL32,DECIMAL32)	DECIMAL32	Scalar	NULL	{"fid":"0","symbol":"","file":"","isolation":"isolated","type":"BUILTIN","md5":""}
any_value_state_union(DECIMAL64,DECIMAL64)	DECIMAL64	Scalar	NULL	{"fid":"0","symbol":"","file":"","isolation":"isolated","type":"BUILTIN","md5":""}
any_value_state_union(DOUBLE,DOUBLE)	DOUBLE	Scalar	NULL	{"fid":"0","symbol":"","file":"","isolation":"isolated","type":"BUILTIN","md5":""}
any_value_state_union(FLOAT,FLOAT)	FLOAT	Scalar	NULL	{"fid":"0","symbol":"","file":"","isolation":"isolated","type":"BUILTIN","md5":""}
any_value_state_union(INT,INT)	INT	Scalar	NULL	{"fid":"0","symbol":"","file":"","isolation":"isolated","type":"BUILTIN","md5":""}
any_value_state_union(INVALID_TYPE,INVALID_TYPE)	INVALID_TYPE	Scalar	NULL	{"fid":"0","symbol":"","file":"","isolation":"isolated","type":"BUILTIN","md5":""}
any_value_state_union(JSON,JSON)	JSON	Scalar	NULL	{"fid":"0","symbol":"","file":"","isolation":"isolated","type":"BUILTIN","md5":""}
any_value_state_union(LARGEINT,LARGEINT)	LARGEINT	Scalar	NULL	{"fid":"0","symbol":"","file":"","isolation":"isolated","type":"BUILTIN","md5":""}
any_value_state_union(SMALLINT,SMALLINT)	SMALLINT	Scalar	NULL	{"fid":"0","symbol":"","file":"","isolation":"isolated","type":"BUILTIN","md5":""}
any_value_state_union(TINYINT,TINYINT)	TINYINT	Scalar	NULL	{"fid":"0","symbol":"","file":"","isolation":"isolated","type":"BUILTIN","md5":""}
any_value_state_union(VARBINARY,VARBINARY)	VARBINARY	Scalar	NULL	{"fid":"0","symbol":"","file":"","isolation":"isolated","type":"BUILTIN","md5":""}
any_value_state_union(VARCHAR,VARCHAR)	VARCHAR	Scalar	NULL	{"fid":"0","symbol":"","file":"","isolation":"isolated","type":"BUILTIN","md5":""}
any_value_union(BIGINT)	BIGINT	Aggregate	NULL	{"fid":"0","symbol":"","file":"","isolation":"isolated","type":"BUILTIN","md5":""}
any_value_union(BOOLEAN)	BOOLEAN	Aggregate	NULL	{"fid":"0","symbol":"","file":"","isolation":"isolated","type":"BUILTIN","md5":""}
any_value_union(DATE)	DATE	Aggregate	NULL	{"fid":"0","symbol":"","file":"","isolation":"isolated","type":"BUILTIN","md5":""}
any_value_union(DATETIME)	DATETIME	Aggregate	NULL	{"fid":"0","symbol":"","file":"","isolation":"isolated","type":"BUILTIN","md5":""}
any_value_union(DECIMAL128)	DECIMAL128	Aggregate	NULL	{"fid":"0","symbol":"","file":"","isolation":"isolated","type":"BUILTIN","md5":""}
any_value_union(DECIMAL256)	DECIMAL256	Aggregate	NULL	{"fid":"0","symbol":"","file":"","isolation":"isolated","type":"BUILTIN","md5":""}
any_value_union(DECIMAL32)	DECIMAL32	Aggregate	NULL	{"fid":"0","symbol":"","file":"","isolation":"isolated","type":"BUILTIN","md5":""}
any_value_union(DECIMAL64)	DECIMAL64	Aggregate	NULL	{"fid":"0","symbol":"","file":"","isolation":"isolated","type":"BUILTIN","md5":""}
any_value_union(DOUBLE)	DOUBLE	Aggregate	NULL	{"fid":"0","symbol":"","file":"","isolation":"isolated","type":"BUILTIN","md5":""}
any_value_union(FLOAT)	FLOAT	Aggregate	NULL	{"fid":"0","symbol":"","file":"","isolation":"isolated","type":"BUILTIN","md5":""}
any_value_union(INT)	INT	Aggregate	NULL	{"fid":"0","symbol":"","file":"","isolation":"isolated","type":"BUILTIN","md5":""}
any_value_union(INVALID_TYPE)	INVALID_TYPE	Aggregate	NULL	{"fid":"0","symbol":"","file":"","isolation":"isolated","type":"BUILTIN","md5":""}
any_value_union(JSON)	JSON	Aggregate	NULL	{"fid":"0","symbol":"","file":"","isolation":"isolated","type":"BUILTIN","md5":""}
any_value_union(LARGEINT)	LARGEINT	Aggregate	NULL	{"fid":"0","symbol":"","file":"","isolation":"isolated","type":"BUILTIN","md5":""}
any_value_union(SMALLINT)	SMALLINT	Aggregate	NULL	{"fid":"0","symbol":"","file":"","isolation":"isolated","type":"BUILTIN","md5":""}
any_value_union(TINYINT)	TINYINT	Aggregate	NULL	{"fid":"0","symbol":"","file":"","isolation":"isolated","type":"BUILTIN","md5":""}
any_value_union(VARBINARY)	VARBINARY	Aggregate	NULL	{"fid":"0","symbol":"","file":"","isolation":"isolated","type":"BUILTIN","md5":""}
any_value_union(VARCHAR)	VARCHAR	Aggregate	NULL	{"fid":"0","symbol":"","file":"","isolation":"isolated","type":"BUILTIN","md5":""}
append_trailing_char_if_absent(VARCHAR,VARCHAR)	VARCHAR	Scalar	NULL	{"fid":"30110","symbol":"","file":"","isolation":"isolated","type":"BUILTIN","md5":""}
approx_cosine_similarity(INVALID_TYPE,INVALID_TYPE)	FLOAT	Scalar	NULL	{"fid":"10106","symbol":"","file":"","isolation":"isolated","type":"BUILTIN","md5":""}
approx_count_distinct(BIGINT)	BIGINT	Aggregate	VARBINARY	{"fid":"0","symbol":"","file":"","isolation":"isolated","type":"BUILTIN","md5":""}
approx_count_distinct(BITMAP)	BIGINT	Aggregate	VARBINARY	{"fid":"0","symbol":"","file":"","isolation":"isolated","type":"BUILTIN","md5":""}
approx_count_distinct(BOOLEAN)	BIGINT	Aggregate	VARBINARY	{"fid":"0","symbol":"","file":"","isolation":"isolated","type":"BUILTIN","md5":""}
approx_count_distinct(DATE)	BIGINT	Aggregate	VARBINARY	{"fid":"0","symbol":"","file":"","isolation":"isolated","type":"BUILTIN","md5":""}
approx_count_distinct(DATETIME)	BIGINT	Aggregate	VARBINARY	{"fid":"0","symbol":"","file":"","isolation":"isolated","type":"BUILTIN","md5":""}
approx_count_distinct(DECIMAL128)	BIGINT	Aggregate	VARBINARY	{"fid":"0","symbol":"","file":"","isolation":"isolated","type":"BUILTIN","md5":""}
approx_count_distinct(DECIMAL256)	BIGINT	Aggregate	VARBINARY	{"fid":"0","symbol":"","file":"","isolation":"isolated","type":"BUILTIN","md5":""}
approx_count_distinct(DECIMAL32)	BIGINT	Aggregate	VARBINARY	{"fid":"0","symbol":"","file":"","isolation":"isolated","type":"BUILTIN","md5":""}
approx_count_distinct(DECIMAL64)	BIGINT	Aggregate	VARBINARY	{"fid":"0","symbol":"","file":"","isolation":"isolated","type":"BUILTIN","md5":""}
approx_count_distinct(DECIMALV2)	BIGINT	Aggregate	VARBINARY	{"fid":"0","symbol":"","file":"","isolation":"isolated","type":"BUILTIN","md5":""}
approx_count_distinct(DOUBLE)	BIGINT	Aggregate	VARBINARY	{"fid":"0","symbol":"","file":"","isolation":"isolated","type":"BUILTIN","md5":""}
approx_count_distinct(FLOAT)	BIGINT	Aggregate	VARBINARY	{"fid":"0","symbol":"","file":"","isolation":"isolated","type":"BUILTIN","md5":""}
approx_count_distinct(HLL)	BIGINT	Aggregate	VARBINARY	{"fid":"0","symbol":"","file":"","isolation":"isolated","type":"BUILTIN","md5":""}
approx_count_distinct(INT)	BIGINT	Aggregate	VARBINARY	{"fid":"0","symbol":"","file":"","isolation":"isolated","type":"BUILTIN","md5":""}
approx_count_distinct(JSON)	BIGINT	Aggregate	VARBINARY	{"fid":"0","symbol":"","file":"","isolation":"isolated","type":"BUILTIN","md5":""}
approx_count_distinct(LARGEINT)	BIGINT	Aggregate	VARBINARY	{"fid":"0","symbol":"","file":"","isolation":"isolated","type":"BUILTIN","md5":""}
approx_count_distinct(PERCENTILE)	BIGINT	Aggregate	VARBINARY	{"fid":"0","symbol":"","file":"","isolation":"isolated","type":"BUILTIN","md5":""}
approx_count_distinct(SMALLINT)	BIGINT	Aggregate	VARBINARY	{"fid":"0","symbol":"","file":"","isolation":"isolated","type":"BUILTIN","md5":""}
approx_count_distinct(TIME)	BIGINT	Aggregate	VARBINARY	{"fid":"0","symbol":"","file":"","isolation":"isolated","type":"BUILTIN","md5":""}
approx_count_distinct(TINYINT)	BIGINT	Aggregate	VARBINARY	{"fid":"0","symbol":"","file":"","isolation":"isolated","type":"BUILTIN","md5":""}
approx_count_distinct(UNKNOWN_TYPE)	BIGINT	Aggregate	VARBINARY	{"fid":"0","symbol":"","file":"","isolation":"isolated","type":"BUILTIN","md5":""}
approx_count_distinct(VARBINARY)	BIGINT	Aggregate	VARBINARY	{"fid":"0","symbol":"","file":"","isolation":"isolated","type":"BUILTIN","md5":""}
approx_count_distinct(VARCHAR)	BIGINT	Aggregate	VARBINARY	{"fid":"0","symbol":"","file":"","isolation":"isolated","type":"BUILTIN","md5":""}
approx_count_distinct_combine(BIGINT)	VARBINARY	Aggregate	NULL	{"fid":"0","symbol":"","file":"","isolation":"isolated","type":"BUILTIN","md5":""}
approx_count_distinct_combine(BOOLEAN)	VARBINARY	Aggregate	NULL	{"fid":"0","symbol":"","file":"","isolation":"isolated","type":"BUILTIN","md5":""}
approx_count_distinct_combine(DATE)	VARBINARY	Aggregate	NULL	{"fid":"0","symbol":"","file":"","isolation":"isolated","type":"BUILTIN","md5":""}
approx_count_distinct_combine(DATETIME)	VARBINARY	Aggregate	NULL	{"fid":"0","symbol":"","file":"","isolation":"isolated","type":"BUILTIN","md5":""}
approx_count_distinct_combine(DECIMAL128)	VARBINARY	Aggregate	NULL	{"fid":"0","symbol":"","file":"","isolation":"isolated","type":"BUILTIN","md5":""}
approx_count_distinct_combine(DECIMAL256)	VARBINARY	Aggregate	NULL	{"fid":"0","symbol":"","file":"","isolation":"isolated","type":"BUILTIN","md5":""}
approx_count_distinct_combine(DECIMAL32)	VARBINARY	Aggregate	NULL	{"fid":"0","symbol":"","file":"","isolation":"isolated","type":"BUILTIN","md5":""}
approx_count_distinct_combine(DECIMAL64)	VARBINARY	Aggregate	NULL	{"fid":"0","symbol":"","file":"","isolation":"isolated","type":"BUILTIN","md5":""}
approx_count_distinct_combine(DOUBLE)	VARBINARY	Aggregate	NULL	{"fid":"0","symbol":"","file":"","isolation":"isolated","type":"BUILTIN","md5":""}
approx_count_distinct_combine(FLOAT)	VARBINARY	Aggregate	NULL	{"fid":"0","symbol":"","file":"","isolation":"isolated","type":"BUILTIN","md5":""}
approx_count_distinct_combine(INT)	VARBINARY	Aggregate	NULL	{"fid":"0","symbol":"","file":"","isolation":"isolated","type":"BUILTIN","md5":""}
approx_count_distinct_combine(LARGEINT)	VARBINARY	Aggregate	NULL	{"fid":"0","symbol":"","file":"","isolation":"isolated","type":"BUILTIN","md5":""}
approx_count_distinct_combine(SMALLINT)	VARBINARY	Aggregate	NULL	{"fid":"0","symbol":"","file":"","isolation":"isolated","type":"BUILTIN","md5":""}
approx_count_distinct_combine(TINYINT)	VARBINARY	Aggregate	NULL	{"fid":"0","symbol":"","file":"","isolation":"isolated","type":"BUILTIN","md5":""}
approx_count_distinct_combine(VARCHAR)	VARBINARY	Aggregate	NULL	{"fid":"0","symbol":"","file":"","isolation":"isolated","type":"BUILTIN","md5":""}
approx_count_distinct_if(BIGINT,BOOLEAN)	BIGINT	Aggregate	VARBINARY	{"fid":"0","symbol":"","file":"","isolation":"isolated","type":"BUILTIN","md5":""}
approx_count_distinct_if(BOOLEAN,BOOLEAN)	BIGINT	Aggregate	VARBINARY	{"fid":"0","symbol":"","file":"","isolation":"isolated","type":"BUILTIN","md5":""}
approx_count_distinct_if(DATE,BOOLEAN)	BIGINT	Aggregate	VARBINARY	{"fid":"0","symbol":"","file":"","isolation":"isolated","type":"BUILTIN","md5":""}
approx_count_distinct_if(DATETIME,BOOLEAN)	BIGINT	Aggregate	VARBINARY	{"fid":"0","symbol":"","file":"","isolation":"isolated","type":"BUILTIN","md5":""}
approx_count_distinct_if(DECIMAL128,BOOLEAN)	BIGINT	Aggregate	VARBINARY	{"fid":"0","symbol":"","file":"","isolation":"isolated","type":"BUILTIN","md5":""}
approx_count_distinct_if(DECIMAL256,BOOLEAN)	BIGINT	Aggregate	VARBINARY	{"fid":"0","symbol":"","file":"","isolation":"isolated","type":"BUILTIN","md5":""}
approx_count_distinct_if(DECIMAL32,BOOLEAN)	BIGINT	Aggregate	VARBINARY	{"fid":"0","symbol":"","file":"","isolation":"isolated","type":"BUILTIN","md5":""}
approx_count_distinct_if(DECIMAL64,BOOLEAN)	BIGINT	Aggregate	VARBINARY	{"fid":"0","symbol":"","file":"","isolation":"isolated","type":"BUILTIN","md5":""}
approx_count_distinct_if(DOUBLE,BOOLEAN)	BIGINT	Aggregate	VARBINARY	{"fid":"0","symbol":"","file":"","isolation":"isolated","type":"BUILTIN","md5":""}
approx_count_distinct_if(FLOAT,BOOLEAN)	BIGINT	Aggregate	VARBINARY	{"fid":"0","symbol":"","file":"","isolation":"isolated","type":"BUILTIN","md5":""}
approx_count_distinct_if(INT,BOOLEAN)	BIGINT	Aggregate	VARBINARY	{"fid":"0","symbol":"","file":"","isolation":"isolated","type":"BUILTIN","md5":""}
approx_count_distinct_if(LARGEINT,BOOLEAN)	BIGINT	Aggregate	VARBINARY	{"fid":"0","symbol":"","file":"","isolation":"isolated","type":"BUILTIN","md5":""}
approx_count_distinct_if(SMALLINT,BOOLEAN)	BIGINT	Aggregate	VARBINARY	{"fid":"0","symbol":"","file":"","isolation":"isolated","type":"BUILTIN","md5":""}
approx_count_distinct_if(TINYINT,BOOLEAN)	BIGINT	Aggregate	VARBINARY	{"fid":"0","symbol":"","file":"","isolation":"isolated","type":"BUILTIN","md5":""}
approx_count_distinct_if(VARCHAR,BOOLEAN)	BIGINT	Aggregate	VARBINARY	{"fid":"0","symbol":"","file":"","isolation":"isolated","type":"BUILTIN","md5":""}
approx_count_distinct_merge(VARBINARY)	BIGINT	Aggregate	VARBINARY	{"fid":"0","symbol":"","file":"","isolation":"isolated","type":"BUILTIN","md5":""}
approx_count_distinct_state(BIGINT)	VARBINARY	Scalar	NULL	{"fid":"0","symbol":"","file":"","isolation":"isolated","type":"BUILTIN","md5":""}
approx_count_distinct_state(BOOLEAN)	VARBINARY	Scalar	NULL	{"fid":"0","symbol":"","file":"","isolation":"isolated","type":"BUILTIN","md5":""}
approx_count_distinct_state(DATE)	VARBINARY	Scalar	NULL	{"fid":"0","symbol":"","file":"","isolation":"isolated","type":"BUILTIN","md5":""}
approx_count_distinct_state(DATETIME)	VARBINARY	Scalar	NULL	{"fid":"0","symbol":"","file":"","isolation":"isolated","type":"BUILTIN","md5":""}
approx_count_distinct_state(DECIMAL128)	VARBINARY	Scalar	NULL	{"fid":"0","symbol":"","file":"","isolation":"isolated","type":"BUILTIN","md5":""}
approx_count_distinct_state(DECIMAL256)	VARBINARY	Scalar	NULL	{"fid":"0","symbol":"","file":"","isolation":"isolated","type":"BUILTIN","md5":""}
approx_count_distinct_state(DECIMAL32)	VARBINARY	Scalar	NULL	{"fid":"0","symbol":"","file":"","isolation":"isolated","type":"BUILTIN","md5":""}
approx_count_distinct_state(DECIMAL64)	VARBINARY	Scalar	NULL	{"fid":"0","symbol":"","file":"","isolation":"isolated","type":"BUILTIN","md5":""}
approx_count_distinct_state(DOUBLE)	VARBINARY	Scalar	NULL	{"fid":"0","symbol":"","file":"","isolation":"isolated","type":"BUILTIN","md5":""}
approx_count_distinct_state(FLOAT)	VARBINARY	Scalar	NULL	{"fid":"0","symbol":"","file":"","isolation":"isolated","type":"BUILTIN","md5":""}
approx_count_distinct_state(INT)	VARBINARY	Scalar	NULL	{"fid":"0","symbol":"","file":"","isolation":"isolated","type":"BUILTIN","md5":""}
approx_count_distinct_state(LARGEINT)	VARBINARY	Scalar	NULL	{"fid":"0","symbol":"","file":"","isolation":"isolated","type":"BUILTIN","md5":""}
approx_count_distinct_state(SMALLINT)	VARBINARY	Scalar	NULL	{"fid":"0","symbol":"","file":"","isolation":"isolated","type":"BUILTIN","md5":""}
approx_count_distinct_state(TINYINT)	VARBINARY	Scalar	NULL	{"fid":"0","symbol":"","file":"","isolation":"isolated","type":"BUILTIN","md5":""}
approx_count_distinct_state(VARCHAR)	VARBINARY	Scalar	NULL	{"fid":"0","symbol":"","file":"","isolation":"isolated","type":"BUILTIN","md5":""}
approx_count_distinct_state_merge(VARBINARY)	BIGINT	Scalar	NULL	{"fid":"0","symbol":"","file":"","isolation":"isolated","type":"BUILTIN","md5":""}
approx_count_distinct_state_union(VARBINARY,VARBINARY)	VARBINARY	Scalar	NULL	{"fid":"0","symbol":"","file":"","isolation":"isolated","type":"BUILTIN","md5":""}
approx_count_distinct_union(VARBINARY)	VARBINARY	Aggregate	NULL	{"fid":"0","symbol":"","file":"","isolation":"isolated","type":"BUILTIN","md5":""}
approx_l2_distance(INVALID_TYPE,INVALID_TYPE)	FLOAT	Scalar	NULL	{"fid":"10116","symbol":"","file":"","isolation":"isolated","type":"BUILTIN","md5":""}
approx_top_k(BIGINT)	INVALID_TYPE	Aggregate	VARBINARY	{"fid":"0","symbol":"","file":"","isolation":"isolated","type":"BUILTIN","md5":""}
approx_top_k(BIGINT,INT)	INVALID_TYPE	Aggregate	VARBINARY	{"fid":"0","symbol":"","file":"","isolation":"isolated","type":"BUILTIN","md5":""}
approx_top_k(BIGINT,INT,INT)	INVALID_TYPE	Aggregate	VARBINARY	{"fid":"0","symbol":"","file":"","isolation":"isolated","type":"BUILTIN","md5":""}
approx_top_k(BOOLEAN)	INVALID_TYPE	Aggregate	VARBINARY	{"fid":"0","symbol":"","file":"","isolation":"isolated","type":"BUILTIN","md5":""}
approx_top_k(BOOLEAN,INT)	INVALID_TYPE	Aggregate	VARBINARY	{"fid":"0","symbol":"","file":"","isolation":"isolated","type":"BUILTIN","md5":""}
approx_top_k(BOOLEAN,INT,INT)	INVALID_TYPE	Aggregate	VARBINARY	{"fid":"0","symbol":"","file":"","isolation":"isolated","type":"BUILTIN","md5":""}
approx_top_k(CHAR)	INVALID_TYPE	Aggregate	VARBINARY	{"fid":"0","symbol":"","file":"","isolation":"isolated","type":"BUILTIN","md5":""}
approx_top_k(CHAR,INT)	INVALID_TYPE	Aggregate	VARBINARY	{"fid":"0","symbol":"","file":"","isolation":"isolated","type":"BUILTIN","md5":""}
approx_top_k(CHAR,INT,INT)	INVALID_TYPE	Aggregate	VARBINARY	{"fid":"0","symbol":"","file":"","isolation":"isolated","type":"BUILTIN","md5":""}
approx_top_k(DATE)	INVALID_TYPE	Aggregate	VARBINARY	{"fid":"0","symbol":"","file":"","isolation":"isolated","type":"BUILTIN","md5":""}
approx_top_k(DATE,INT)	INVALID_TYPE	Aggregate	VARBINARY	{"fid":"0","symbol":"","file":"","isolation":"isolated","type":"BUILTIN","md5":""}
approx_top_k(DATE,INT,INT)	INVALID_TYPE	Aggregate	VARBINARY	{"fid":"0","symbol":"","file":"","isolation":"isolated","type":"BUILTIN","md5":""}
approx_top_k(DATETIME)	INVALID_TYPE	Aggregate	VARBINARY	{"fid":"0","symbol":"","file":"","isolation":"isolated","type":"BUILTIN","md5":""}
approx_top_k(DATETIME,INT)	INVALID_TYPE	Aggregate	VARBINARY	{"fid":"0","symbol":"","file":"","isolation":"isolated","type":"BUILTIN","md5":""}
approx_top_k(DATETIME,INT,INT)	INVALID_TYPE	Aggregate	VARBINARY	{"fid":"0","symbol":"","file":"","isolation":"isolated","type":"BUILTIN","md5":""}
approx_top_k(DECIMAL128)	INVALID_TYPE	Aggregate	VARBINARY	{"fid":"0","symbol":"","file":"","isolation":"isolated","type":"BUILTIN","md5":""}
approx_top_k(DECIMAL128,INT)	INVALID_TYPE	Aggregate	VARBINARY	{"fid":"0","symbol":"","file":"","isolation":"isolated","type":"BUILTIN","md5":""}
approx_top_k(DECIMAL128,INT,INT)	INVALID_TYPE	Aggregate	VARBINARY	{"fid":"0","symbol":"","file":"","isolation":"isolated","type":"BUILTIN","md5":""}
approx_top_k(DECIMAL256)	INVALID_TYPE	Aggregate	VARBINARY	{"fid":"0","symbol":"","file":"","isolation":"isolated","type":"BUILTIN","md5":""}
approx_top_k(DECIMAL256,INT)	INVALID_TYPE	Aggregate	VARBINARY	{"fid":"0","symbol":"","file":"","isolation":"isolated","type":"BUILTIN","md5":""}
approx_top_k(DECIMAL256,INT,INT)	INVALID_TYPE	Aggregate	VARBINARY	{"fid":"0","symbol":"","file":"","isolation":"isolated","type":"BUILTIN","md5":""}
approx_top_k(DECIMAL32)	INVALID_TYPE	Aggregate	VARBINARY	{"fid":"0","symbol":"","file":"","isolation":"isolated","type":"BUILTIN","md5":""}
approx_top_k(DECIMAL32,INT)	INVALID_TYPE	Aggregate	VARBINARY	{"fid":"0","symbol":"","file":"","isolation":"isolated","type":"BUILTIN","md5":""}
approx_top_k(DECIMAL32,INT,INT)	INVALID_TYPE	Aggregate	VARBINARY	{"fid":"0","symbol":"","file":"","isolation":"isolated","type":"BUILTIN","md5":""}
approx_top_k(DECIMAL64)	INVALID_TYPE	Aggregate	VARBINARY	{"fid":"0","symbol":"","file":"","isolation":"isolated","type":"BUILTIN","md5":""}
approx_top_k(DECIMAL64,INT)	INVALID_TYPE	Aggregate	VARBINARY	{"fid":"0","symbol":"","file":"","isolation":"isolated","type":"BUILTIN","md5":""}
approx_top_k(DECIMAL64,INT,INT)	INVALID_TYPE	Aggregate	VARBINARY	{"fid":"0","symbol":"","file":"","isolation":"isolated","type":"BUILTIN","md5":""}
approx_top_k(DOUBLE)	INVALID_TYPE	Aggregate	VARBINARY	{"fid":"0","symbol":"","file":"","isolation":"isolated","type":"BUILTIN","md5":""}
approx_top_k(DOUBLE,INT)	INVALID_TYPE	Aggregate	VARBINARY	{"fid":"0","symbol":"","file":"","isolation":"isolated","type":"BUILTIN","md5":""}
approx_top_k(DOUBLE,INT,INT)	INVALID_TYPE	Aggregate	VARBINARY	{"fid":"0","symbol":"","file":"","isolation":"isolated","type":"BUILTIN","md5":""}
approx_top_k(FLOAT)	INVALID_TYPE	Aggregate	VARBINARY	{"fid":"0","symbol":"","file":"","isolation":"isolated","type":"BUILTIN","md5":""}
approx_top_k(FLOAT,INT)	INVALID_TYPE	Aggregate	VARBINARY	{"fid":"0","symbol":"","file":"","isolation":"isolated","type":"BUILTIN","md5":""}
approx_top_k(FLOAT,INT,INT)	INVALID_TYPE	Aggregate	VARBINARY	{"fid":"0","symbol":"","file":"","isolation":"isolated","type":"BUILTIN","md5":""}
approx_top_k(INT)	INVALID_TYPE	Aggregate	VARBINARY	{"fid":"0","symbol":"","file":"","isolation":"isolated","type":"BUILTIN","md5":""}
approx_top_k(INT,INT)	INVALID_TYPE	Aggregate	VARBINARY	{"fid":"0","symbol":"","file":"","isolation":"isolated","type":"BUILTIN","md5":""}
approx_top_k(INT,INT,INT)	INVALID_TYPE	Aggregate	VARBINARY	{"fid":"0","symbol":"","file":"","isolation":"isolated","type":"BUILTIN","md5":""}
approx_top_k(LARGEINT)	INVALID_TYPE	Aggregate	VARBINARY	{"fid":"0","symbol":"","file":"","isolation":"isolated","type":"BUILTIN","md5":""}
approx_top_k(LARGEINT,INT)	INVALID_TYPE	Aggregate	VARBINARY	{"fid":"0","symbol":"","file":"","isolation":"isolated","type":"BUILTIN","md5":""}
approx_top_k(LARGEINT,INT,INT)	INVALID_TYPE	Aggregate	VARBINARY	{"fid":"0","symbol":"","file":"","isolation":"isolated","type":"BUILTIN","md5":""}
approx_top_k(SMALLINT)	INVALID_TYPE	Aggregate	VARBINARY	{"fid":"0","symbol":"","file":"","isolation":"isolated","type":"BUILTIN","md5":""}
approx_top_k(SMALLINT,INT)	INVALID_TYPE	Aggregate	VARBINARY	{"fid":"0","symbol":"","file":"","isolation":"isolated","type":"BUILTIN","md5":""}
approx_top_k(SMALLINT,INT,INT)	INVALID_TYPE	Aggregate	VARBINARY	{"fid":"0","symbol":"","file":"","isolation":"isolated","type":"BUILTIN","md5":""}
approx_top_k(TINYINT)	INVALID_TYPE	Aggregate	VARBINARY	{"fid":"0","symbol":"","file":"","isolation":"isolated","type":"BUILTIN","md5":""}
approx_top_k(TINYINT,INT)	INVALID_TYPE	Aggregate	VARBINARY	{"fid":"0","symbol":"","file":"","isolation":"isolated","type":"BUILTIN","md5":""}
approx_top_k(TINYINT,INT,INT)	INVALID_TYPE	Aggregate	VARBINARY	{"fid":"0","symbol":"","file":"","isolation":"isolated","type":"BUILTIN","md5":""}
array_agg(INVALID_TYPE, ...)	INVALID_TYPE	Aggregate	INVALID_TYPE	{"fid":"0","symbol":"","file":"","isolation":"isolated","type":"BUILTIN","md5":""}
array_agg_combine(INVALID_TYPE)	INVALID_TYPE	Aggregate	NULL	{"fid":"0","symbol":"","file":"","isolation":"isolated","type":"BUILTIN","md5":""}
array_agg_distinct(BIGINT)	INVALID_TYPE	Aggregate	NULL	{"fid":"0","symbol":"","file":"","isolation":"isolated","type":"BUILTIN","md5":""}
array_agg_distinct(BOOLEAN)	INVALID_TYPE	Aggregate	NULL	{"fid":"0","symbol":"","file":"","isolation":"isolated","type":"BUILTIN","md5":""}
array_agg_distinct(CHAR)	INVALID_TYPE	Aggregate	NULL	{"fid":"0","symbol":"","file":"","isolation":"isolated","type":"BUILTIN","md5":""}
array_agg_distinct(DATE)	INVALID_TYPE	Aggregate	NULL	{"fid":"0","symbol":"","file":"","isolation":"isolated","type":"BUILTIN","md5":""}
array_agg_distinct(DATETIME)	INVALID_TYPE	Aggregate	NULL	{"fid":"0","symbol":"","file":"","isolation":"isolated","type":"BUILTIN","md5":""}
array_agg_distinct(DECIMAL128)	INVALID_TYPE	Aggregate	NULL	{"fid":"0","symbol":"","file":"","isolation":"isolated","type":"BUILTIN","md5":""}
array_agg_distinct(DECIMAL256)	INVALID_TYPE	Aggregate	NULL	{"fid":"0","symbol":"","file":"","isolation":"isolated","type":"BUILTIN","md5":""}
array_agg_distinct(DECIMAL32)	INVALID_TYPE	Aggregate	NULL	{"fid":"0","symbol":"","file":"","isolation":"isolated","type":"BUILTIN","md5":""}
array_agg_distinct(DECIMAL64)	INVALID_TYPE	Aggregate	NULL	{"fid":"0","symbol":"","file":"","isolation":"isolated","type":"BUILTIN","md5":""}
array_agg_distinct(DECIMALV2)	INVALID_TYPE	Aggregate	NULL	{"fid":"0","symbol":"","file":"","isolation":"isolated","type":"BUILTIN","md5":""}
array_agg_distinct(DOUBLE)	INVALID_TYPE	Aggregate	NULL	{"fid":"0","symbol":"","file":"","isolation":"isolated","type":"BUILTIN","md5":""}
array_agg_distinct(FLOAT)	INVALID_TYPE	Aggregate	NULL	{"fid":"0","symbol":"","file":"","isolation":"isolated","type":"BUILTIN","md5":""}
array_agg_distinct(INT)	INVALID_TYPE	Aggregate	NULL	{"fid":"0","symbol":"","file":"","isolation":"isolated","type":"BUILTIN","md5":""}
array_agg_distinct(LARGEINT)	INVALID_TYPE	Aggregate	NULL	{"fid":"0","symbol":"","file":"","isolation":"isolated","type":"BUILTIN","md5":""}
array_agg_distinct(SMALLINT)	INVALID_TYPE	Aggregate	NULL	{"fid":"0","symbol":"","file":"","isolation":"isolated","type":"BUILTIN","md5":""}
array_agg_distinct(TIME)	INVALID_TYPE	Aggregate	NULL	{"fid":"0","symbol":"","file":"","isolation":"isolated","type":"BUILTIN","md5":""}
array_agg_distinct(TINYINT)	INVALID_TYPE	Aggregate	NULL	{"fid":"0","symbol":"","file":"","isolation":"isolated","type":"BUILTIN","md5":""}
array_agg_distinct_combine(BIGINT)	INVALID_TYPE	Aggregate	NULL	{"fid":"0","symbol":"","file":"","isolation":"isolated","type":"BUILTIN","md5":""}
array_agg_distinct_combine(BOOLEAN)	INVALID_TYPE	Aggregate	NULL	{"fid":"0","symbol":"","file":"","isolation":"isolated","type":"BUILTIN","md5":""}
array_agg_distinct_combine(CHAR)	INVALID_TYPE	Aggregate	NULL	{"fid":"0","symbol":"","file":"","isolation":"isolated","type":"BUILTIN","md5":""}
array_agg_distinct_combine(DATE)	INVALID_TYPE	Aggregate	NULL	{"fid":"0","symbol":"","file":"","isolation":"isolated","type":"BUILTIN","md5":""}
array_agg_distinct_combine(DATETIME)	INVALID_TYPE	Aggregate	NULL	{"fid":"0","symbol":"","file":"","isolation":"isolated","type":"BUILTIN","md5":""}
array_agg_distinct_combine(DECIMAL128)	INVALID_TYPE	Aggregate	NULL	{"fid":"0","symbol":"","file":"","isolation":"isolated","type":"BUILTIN","md5":""}
array_agg_distinct_combine(DECIMAL256)	INVALID_TYPE	Aggregate	NULL	{"fid":"0","symbol":"","file":"","isolation":"isolated","type":"BUILTIN","md5":""}
array_agg_distinct_combine(DECIMAL32)	INVALID_TYPE	Aggregate	NULL	{"fid":"0","symbol":"","file":"","isolation":"isolated","type":"BUILTIN","md5":""}
array_agg_distinct_combine(DECIMAL64)	INVALID_TYPE	Aggregate	NULL	{"fid":"0","symbol":"","file":"","isolation":"isolated","type":"BUILTIN","md5":""}
array_agg_distinct_combine(DOUBLE)	INVALID_TYPE	Aggregate	NULL	{"fid":"0","symbol":"","file":"","isolation":"isolated","type":"BUILTIN","md5":""}
array_agg_distinct_combine(FLOAT)	INVALID_TYPE	Aggregate	NULL	{"fid":"0","symbol":"","file":"","isolation":"isolated","type":"BUILTIN","md5":""}
array_agg_distinct_combine(INT)	INVALID_TYPE	Aggregate	NULL	{"fid":"0","symbol":"","file":"","isolation":"isolated","type":"BUILTIN","md5":""}
array_agg_distinct_combine(LARGEINT)	INVALID_TYPE	Aggregate	NULL	{"fid":"0","symbol":"","file":"","isolation":"isolated","type":"BUILTIN","md5":""}
array_agg_distinct_combine(SMALLINT)	INVALID_TYPE	Aggregate	NULL	{"fid":"0","symbol":"","file":"","isolation":"isolated","type":"BUILTIN","md5":""}
array_agg_distinct_combine(TINYINT)	INVALID_TYPE	Aggregate	NULL	{"fid":"0","symbol":"","file":"","isolation":"isolated","type":"BUILTIN","md5":""}
array_agg_distinct_if(BIGINT,BOOLEAN)	INVALID_TYPE	Aggregate	NULL	{"fid":"0","symbol":"","file":"","isolation":"isolated","type":"BUILTIN","md5":""}
array_agg_distinct_if(BOOLEAN,BOOLEAN)	INVALID_TYPE	Aggregate	NULL	{"fid":"0","symbol":"","file":"","isolation":"isolated","type":"BUILTIN","md5":""}
array_agg_distinct_if(CHAR,BOOLEAN)	INVALID_TYPE	Aggregate	NULL	{"fid":"0","symbol":"","file":"","isolation":"isolated","type":"BUILTIN","md5":""}
array_agg_distinct_if(DATE,BOOLEAN)	INVALID_TYPE	Aggregate	NULL	{"fid":"0","symbol":"","file":"","isolation":"isolated","type":"BUILTIN","md5":""}
array_agg_distinct_if(DATETIME,BOOLEAN)	INVALID_TYPE	Aggregate	NULL	{"fid":"0","symbol":"","file":"","isolation":"isolated","type":"BUILTIN","md5":""}
array_agg_distinct_if(DECIMAL128,BOOLEAN)	INVALID_TYPE	Aggregate	NULL	{"fid":"0","symbol":"","file":"","isolation":"isolated","type":"BUILTIN","md5":""}
array_agg_distinct_if(DECIMAL256,BOOLEAN)	INVALID_TYPE	Aggregate	NULL	{"fid":"0","symbol":"","file":"","isolation":"isolated","type":"BUILTIN","md5":""}
array_agg_distinct_if(DECIMAL32,BOOLEAN)	INVALID_TYPE	Aggregate	NULL	{"fid":"0","symbol":"","file":"","isolation":"isolated","type":"BUILTIN","md5":""}
array_agg_distinct_if(DECIMAL64,BOOLEAN)	INVALID_TYPE	Aggregate	NULL	{"fid":"0","symbol":"","file":"","isolation":"isolated","type":"BUILTIN","md5":""}
array_agg_distinct_if(DOUBLE,BOOLEAN)	INVALID_TYPE	Aggregate	NULL	{"fid":"0","symbol":"","file":"","isolation":"isolated","type":"BUILTIN","md5":""}
array_agg_distinct_if(FLOAT,BOOLEAN)	INVALID_TYPE	Aggregate	NULL	{"fid":"0","symbol":"","file":"","isolation":"isolated","type":"BUILTIN","md5":""}
array_agg_distinct_if(INT,BOOLEAN)	INVALID_TYPE	Aggregate	NULL	{"fid":"0","symbol":"","file":"","isolation":"isolated","type":"BUILTIN","md5":""}
array_agg_distinct_if(LARGEINT,BOOLEAN)	INVALID_TYPE	Aggregate	NULL	{"fid":"0","symbol":"","file":"","isolation":"isolated","type":"BUILTIN","md5":""}
array_agg_distinct_if(SMALLINT,BOOLEAN)	INVALID_TYPE	Aggregate	NULL	{"fid":"0","symbol":"","file":"","isolation":"isolated","type":"BUILTIN","md5":""}
array_agg_distinct_if(TINYINT,BOOLEAN)	INVALID_TYPE	Aggregate	NULL	{"fid":"0","symbol":"","file":"","isolation":"isolated","type":"BUILTIN","md5":""}
array_agg_distinct_merge(INVALID_TYPE)	INVALID_TYPE	Aggregate	NULL	{"fid":"0","symbol":"","file":"","isolation":"isolated","type":"BUILTIN","md5":""}
array_agg_distinct_state(BIGINT)	INVALID_TYPE	Scalar	NULL	{"fid":"0","symbol":"","file":"","isolation":"isolated","type":"BUILTIN","md5":""}
array_agg_distinct_state(BOOLEAN)	INVALID_TYPE	Scalar	NULL	{"fid":"0","symbol":"","file":"","isolation":"isolated","type":"BUILTIN","md5":""}
array_agg_distinct_state(CHAR)	INVALID_TYPE	Scalar	NULL	{"fid":"0","symbol":"","file":"","isolation":"isolated","type":"BUILTIN","md5":""}
array_agg_distinct_state(DATE)	INVALID_TYPE	Scalar	NULL	{"fid":"0","symbol":"","file":"","isolation":"isolated","type":"BUILTIN","md5":""}
array_agg_distinct_state(DATETIME)	INVALID_TYPE	Scalar	NULL	{"fid":"0","symbol":"","file":"","isolation":"isolated","type":"BUILTIN","md5":""}
array_agg_distinct_state(DECIMAL128)	INVALID_TYPE	Scalar	NULL	{"fid":"0","symbol":"","file":"","isolation":"isolated","type":"BUILTIN","md5":""}
array_agg_distinct_state(DECIMAL256)	INVALID_TYPE	Scalar	NULL	{"fid":"0","symbol":"","file":"","isolation":"isolated","type":"BUILTIN","md5":""}
array_agg_distinct_state(DECIMAL32)	INVALID_TYPE	Scalar	NULL	{"fid":"0","symbol":"","file":"","isolation":"isolated","type":"BUILTIN","md5":""}
array_agg_distinct_state(DECIMAL64)	INVALID_TYPE	Scalar	NULL	{"fid":"0","symbol":"","file":"","isolation":"isolated","type":"BUILTIN","md5":""}
array_agg_distinct_state(DOUBLE)	INVALID_TYPE	Scalar	NULL	{"fid":"0","symbol":"","file":"","isolation":"isolated","type":"BUILTIN","md5":""}
array_agg_distinct_state(FLOAT)	INVALID_TYPE	Scalar	NULL	{"fid":"0","symbol":"","file":"","isolation":"isolated","type":"BUILTIN","md5":""}
array_agg_distinct_state(INT)	INVALID_TYPE	Scalar	NULL	{"fid":"0","symbol":"","file":"","isolation":"isolated","type":"BUILTIN","md5":""}
array_agg_distinct_state(LARGEINT)	INVALID_TYPE	Scalar	NULL	{"fid":"0","symbol":"","file":"","isolation":"isolated","type":"BUILTIN","md5":""}
array_agg_distinct_state(SMALLINT)	INVALID_TYPE	Scalar	NULL	{"fid":"0","symbol":"","file":"","isolation":"isolated","type":"BUILTIN","md5":""}
array_agg_distinct_state(TINYINT)	INVALID_TYPE	Scalar	NULL	{"fid":"0","symbol":"","file":"","isolation":"isolated","type":"BUILTIN","md5":""}
array_agg_distinct_state_merge(INVALID_TYPE)	INVALID_TYPE	Scalar	NULL	{"fid":"0","symbol":"","file":"","isolation":"isolated","type":"BUILTIN","md5":""}
array_agg_distinct_state_union(INVALID_TYPE,INVALID_TYPE)	INVALID_TYPE	Scalar	NULL	{"fid":"0","symbol":"","file":"","isolation":"isolated","type":"BUILTIN","md5":""}
array_agg_distinct_union(INVALID_TYPE)	INVALID_TYPE	Aggregate	NULL	{"fid":"0","symbol":"","file":"","isolation":"isolated","type":"BUILTIN","md5":""}
array_agg_if(INVALID_TYPE,BOOLEAN)	INVALID_TYPE	Aggregate	INVALID_TYPE	{"fid":"0","symbol":"","file":"","isolation":"isolated","type":"BUILTIN","md5":""}
array_agg_merge(INVALID_TYPE)	INVALID_TYPE	Aggregate	INVALID_TYPE	{"fid":"0","symbol":"","file":"","isolation":"isolated","type":"BUILTIN","md5":""}
array_agg_state(INVALID_TYPE)	INVALID_TYPE	Scalar	NULL	{"fid":"0","symbol":"","file":"","isolation":"isolated","type":"BUILTIN","md5":""}
array_agg_state_merge(INVALID_TYPE)	INVALID_TYPE	Scalar	NULL	{"fid":"0","symbol":"","file":"","isolation":"isolated","type":"BUILTIN","md5":""}
array_agg_state_union(INVALID_TYPE,INVALID_TYPE)	INVALID_TYPE	Scalar	NULL	{"fid":"0","symbol":"","file":"","isolation":"isolated","type":"BUILTIN","md5":""}
array_agg_union(INVALID_TYPE)	INVALID_TYPE	Aggregate	NULL	{"fid":"0","symbol":"","file":"","isolation":"isolated","type":"BUILTIN","md5":""}
array_append(INVALID_TYPE,INVALID_TYPE)	INVALID_TYPE	Scalar	NULL	{"fid":"150001","symbol":"","file":"","isolation":"isolated","type":"BUILTIN","md5":""}
array_avg(INVALID_TYPE)	DOUBLE	Scalar	NULL	{"fid":"150023","symbol":"","file":"","isolation":"isolated","type":"BUILTIN","md5":""}
array_concat(INVALID_TYPE, ...)	INVALID_TYPE	Scalar	NULL	{"fid":"150190","symbol":"","file":"","isolation":"isolated","type":"BUILTIN","md5":""}
array_contains(INVALID_TYPE,BIGINT)	BOOLEAN	Scalar	NULL	{"fid":"15000205","symbol":"","file":"","isolation":"isolated","type":"BUILTIN","md5":""}
array_contains(INVALID_TYPE,BOOLEAN)	BOOLEAN	Scalar	NULL	{"fid":"15000201","symbol":"","file":"","isolation":"isolated","type":"BUILTIN","md5":""}
array_contains(INVALID_TYPE,DATE)	BOOLEAN	Scalar	NULL	{"fid":"15000214","symbol":"","file":"","isolation":"isolated","type":"BUILTIN","md5":""}
array_contains(INVALID_TYPE,DATETIME)	BOOLEAN	Scalar	NULL	{"fid":"15000215","symbol":"","file":"","isolation":"isolated","type":"BUILTIN","md5":""}
array_contains(INVALID_TYPE,DECIMAL128)	BOOLEAN	Scalar	NULL	{"fid":"15000210","symbol":"","file":"","isolation":"isolated","type":"BUILTIN","md5":""}
array_contains(INVALID_TYPE,DECIMAL32)	BOOLEAN	Scalar	NULL	{"fid":"15000208","symbol":"","file":"","isolation":"isolated","type":"BUILTIN","md5":""}
array_contains(INVALID_TYPE,DECIMAL64)	BOOLEAN	Scalar	NULL	{"fid":"15000209","symbol":"","file":"","isolation":"isolated","type":"BUILTIN","md5":""}
array_contains(INVALID_TYPE,DECIMALV2)	BOOLEAN	Scalar	NULL	{"fid":"15000207","symbol":"","file":"","isolation":"isolated","type":"BUILTIN","md5":""}
array_contains(INVALID_TYPE,DOUBLE)	BOOLEAN	Scalar	NULL	{"fid":"15000212","symbol":"","file":"","isolation":"isolated","type":"BUILTIN","md5":""}
array_contains(INVALID_TYPE,FLOAT)	BOOLEAN	Scalar	NULL	{"fid":"15000211","symbol":"","file":"","isolation":"isolated","type":"BUILTIN","md5":""}
array_contains(INVALID_TYPE,INT)	BOOLEAN	Scalar	NULL	{"fid":"15000204","symbol":"","file":"","isolation":"isolated","type":"BUILTIN","md5":""}
array_contains(INVALID_TYPE,INVALID_TYPE)	BOOLEAN	Scalar	NULL	{"fid":"150002","symbol":"","file":"","isolation":"isolated","type":"BUILTIN","md5":""}
array_contains(INVALID_TYPE,LARGEINT)	BOOLEAN	Scalar	NULL	{"fid":"15000206","symbol":"","file":"","isolation":"isolated","type":"BUILTIN","md5":""}
array_contains(INVALID_TYPE,SMALLINT)	BOOLEAN	Scalar	NULL	{"fid":"15000203","symbol":"","file":"","isolation":"isolated","type":"BUILTIN","md5":""}
array_contains(INVALID_TYPE,TINYINT)	BOOLEAN	Scalar	NULL	{"fid":"15000202","symbol":"","file":"","isolation":"isolated","type":"BUILTIN","md5":""}
array_contains(INVALID_TYPE,VARCHAR)	BOOLEAN	Scalar	NULL	{"fid":"15000213","symbol":"","file":"","isolation":"isolated","type":"BUILTIN","md5":""}
array_contains_all(INVALID_TYPE,INVALID_TYPE)	BOOLEAN	Scalar	NULL	{"fid":"150282","symbol":"","file":"","isolation":"isolated","type":"BUILTIN","md5":""}
array_contains_seq(INVALID_TYPE,INVALID_TYPE)	BOOLEAN	Scalar	NULL	{"fid":"150283","symbol":"","file":"","isolation":"isolated","type":"BUILTIN","md5":""}
array_cum_sum(INVALID_TYPE)	INVALID_TYPE	Scalar	NULL	{"fid":"150270","symbol":"","file":"","isolation":"isolated","type":"BUILTIN","md5":""}
array_difference(INVALID_TYPE)	INVALID_TYPE	Scalar	NULL	{"fid":"150160","symbol":"","file":"","isolation":"isolated","type":"BUILTIN","md5":""}
array_distinct(INVALID_TYPE)	INVALID_TYPE	Scalar	NULL	{"fid":"150090","symbol":"","file":"","isolation":"isolated","type":"BUILTIN","md5":""}
array_filter(INVALID_TYPE,INVALID_TYPE)	INVALID_TYPE	Scalar	NULL	{"fid":"150300","symbol":"","file":"","isolation":"isolated","type":"BUILTIN","md5":""}
array_flatten(INVALID_TYPE)	INVALID_TYPE	Scalar	NULL	{"fid":"150345","symbol":"","file":"","isolation":"isolated","type":"BUILTIN","md5":""}
array_generate(BIGINT,BIGINT,BIGINT)	INVALID_TYPE	Scalar	NULL	{"fid":"150333","symbol":"","file":"","isolation":"isolated","type":"BUILTIN","md5":""}
array_generate(DATE,DATE,INT,VARCHAR)	INVALID_TYPE	Scalar	NULL	{"fid":"150351","symbol":"","file":"","isolation":"isolated","type":"BUILTIN","md5":""}
array_generate(DATETIME,DATETIME,INT,VARCHAR)	INVALID_TYPE	Scalar	NULL	{"fid":"150350","symbol":"","file":"","isolation":"isolated","type":"BUILTIN","md5":""}
array_generate(INT,INT,INT)	INVALID_TYPE	Scalar	NULL	{"fid":"150332","symbol":"","file":"","isolation":"isolated","type":"BUILTIN","md5":""}
array_generate(LARGEINT,LARGEINT,LARGEINT)	INVALID_TYPE	Scalar	NULL	{"fid":"150334","symbol":"","file":"","isolation":"isolated","type":"BUILTIN","md5":""}
array_generate(SMALLINT,SMALLINT,SMALLINT)	INVALID_TYPE	Scalar	NULL	{"fid":"150331","symbol":"","file":"","isolation":"isolated","type":"BUILTIN","md5":""}
array_generate(TINYINT,TINYINT,TINYINT)	INVALID_TYPE	Scalar	NULL	{"fid":"150330","symbol":"","file":"","isolation":"isolated","type":"BUILTIN","md5":""}
array_intersect(INVALID_TYPE, ...)	INVALID_TYPE	Scalar	NULL	{"fid":"150230","symbol":"","file":"","isolation":"isolated","type":"BUILTIN","md5":""}
array_join(INVALID_TYPE,VARCHAR)	VARCHAR	Scalar	NULL	{"fid":"150150","symbol":"","file":"","isolation":"isolated","type":"BUILTIN","md5":""}
array_join(INVALID_TYPE,VARCHAR,VARCHAR)	VARCHAR	Scalar	NULL	{"fid":"150151","symbol":"","file":"","isolation":"isolated","type":"BUILTIN","md5":""}
array_length(INVALID_TYPE)	INT	Scalar	NULL	{"fid":"150000","symbol":"","file":"","isolation":"isolated","type":"BUILTIN","md5":""}
array_map(FUNCTION,INVALID_TYPE, ...)	INVALID_TYPE	Scalar	NULL	{"fid":"160100","symbol":"","file":"","isolation":"isolated","type":"BUILTIN","md5":""}
array_max(INVALID_TYPE)	BOOLEAN	Scalar	NULL	{"fid":"150063","symbol":"","file":"","isolation":"isolated","type":"BUILTIN","md5":""}
array_min(INVALID_TYPE)	BOOLEAN	Scalar	NULL	{"fid":"150043","symbol":"","file":"","isolation":"isolated","type":"BUILTIN","md5":""}
array_position(INVALID_TYPE,BIGINT)	INT	Scalar	NULL	{"fid":"15008405","symbol":"","file":"","isolation":"isolated","type":"BUILTIN","md5":""}
array_position(INVALID_TYPE,BOOLEAN)	INT	Scalar	NULL	{"fid":"15008401","symbol":"","file":"","isolation":"isolated","type":"BUILTIN","md5":""}
array_position(INVALID_TYPE,DATE)	INT	Scalar	NULL	{"fid":"15008414","symbol":"","file":"","isolation":"isolated","type":"BUILTIN","md5":""}
array_position(INVALID_TYPE,DATETIME)	INT	Scalar	NULL	{"fid":"15008415","symbol":"","file":"","isolation":"isolated","type":"BUILTIN","md5":""}
array_position(INVALID_TYPE,DECIMAL128)	INT	Scalar	NULL	{"fid":"15008410","symbol":"","file":"","isolation":"isolated","type":"BUILTIN","md5":""}
array_position(INVALID_TYPE,DECIMAL32)	INT	Scalar	NULL	{"fid":"15008408","symbol":"","file":"","isolation":"isolated","type":"BUILTIN","md5":""}
array_position(INVALID_TYPE,DECIMAL64)	INT	Scalar	NULL	{"fid":"15008409","symbol":"","file":"","isolation":"isolated","type":"BUILTIN","md5":""}
array_position(INVALID_TYPE,DECIMALV2)	INT	Scalar	NULL	{"fid":"15008407","symbol":"","file":"","isolation":"isolated","type":"BUILTIN","md5":""}
array_position(INVALID_TYPE,DOUBLE)	INT	Scalar	NULL	{"fid":"15008412","symbol":"","file":"","isolation":"isolated","type":"BUILTIN","md5":""}
array_position(INVALID_TYPE,FLOAT)	INT	Scalar	NULL	{"fid":"15008411","symbol":"","file":"","isolation":"isolated","type":"BUILTIN","md5":""}
array_position(INVALID_TYPE,INT)	INT	Scalar	NULL	{"fid":"15008404","symbol":"","file":"","isolation":"isolated","type":"BUILTIN","md5":""}
array_position(INVALID_TYPE,INVALID_TYPE)	INT	Scalar	NULL	{"fid":"150084","symbol":"","file":"","isolation":"isolated","type":"BUILTIN","md5":""}
array_position(INVALID_TYPE,LARGEINT)	INT	Scalar	NULL	{"fid":"15008406","symbol":"","file":"","isolation":"isolated","type":"BUILTIN","md5":""}
array_position(INVALID_TYPE,SMALLINT)	INT	Scalar	NULL	{"fid":"15008403","symbol":"","file":"","isolation":"isolated","type":"BUILTIN","md5":""}
array_position(INVALID_TYPE,TINYINT)	INT	Scalar	NULL	{"fid":"15008402","symbol":"","file":"","isolation":"isolated","type":"BUILTIN","md5":""}
array_position(INVALID_TYPE,VARCHAR)	INT	Scalar	NULL	{"fid":"15008413","symbol":"","file":"","isolation":"isolated","type":"BUILTIN","md5":""}
array_remove(INVALID_TYPE,INVALID_TYPE)	INVALID_TYPE	Scalar	NULL	{"fid":"150083","symbol":"","file":"","isolation":"isolated","type":"BUILTIN","md5":""}
array_repeat(INVALID_TYPE,INT)	INVALID_TYPE	Scalar	NULL	{"fid":"150340","symbol":"","file":"","isolation":"isolated","type":"BUILTIN","md5":""}
array_slice(INVALID_TYPE,BIGINT)	INVALID_TYPE	Scalar	NULL	{"fid":"150250","symbol":"","file":"","isolation":"isolated","type":"BUILTIN","md5":""}
array_slice(INVALID_TYPE,BIGINT,BIGINT)	INVALID_TYPE	Scalar	NULL	{"fid":"150170","symbol":"","file":"","isolation":"isolated","type":"BUILTIN","md5":""}
array_sort(INVALID_TYPE)	INVALID_TYPE	Scalar	NULL	{"fid":"150110","symbol":"","file":"","isolation":"isolated","type":"BUILTIN","md5":""}
array_sort_lambda(INVALID_TYPE,FUNCTION)	INVALID_TYPE	Scalar	NULL	{"fid":"150126","symbol":"","file":"","isolation":"isolated","type":"BUILTIN","md5":""}
array_sortby(INVALID_TYPE,INVALID_TYPE)	INVALID_TYPE	Scalar	NULL	{"fid":"150311","symbol":"","file":"","isolation":"isolated","type":"BUILTIN","md5":""}
array_sortby(INVALID_TYPE,INVALID_TYPE,INVALID_TYPE, ...)	INVALID_TYPE	Scalar	NULL	{"fid":"150335","symbol":"","file":"","isolation":"isolated","type":"BUILTIN","md5":""}
array_sum(INVALID_TYPE)	BIGINT	Scalar	NULL	{"fid":"150003","symbol":"","file":"","isolation":"isolated","type":"BUILTIN","md5":""}
array_to_bitmap(INVALID_TYPE)	BITMAP	Scalar	NULL	{"fid":"90900","symbol":"","file":"","isolation":"isolated","type":"BUILTIN","md5":""}
array_top_n(INVALID_TYPE,INT)	INVALID_TYPE	Scalar	NULL	{"fid":"150341","symbol":"","file":"","isolation":"isolated","type":"BUILTIN","md5":""}
array_unique_agg(INVALID_TYPE)	INVALID_TYPE	Aggregate	NULL	{"fid":"0","symbol":"","file":"","isolation":"isolated","type":"BUILTIN","md5":""}
array_unique_agg_combine(INVALID_TYPE)	INVALID_TYPE	Aggregate	NULL	{"fid":"0","symbol":"","file":"","isolation":"isolated","type":"BUILTIN","md5":""}
array_unique_agg_if(INVALID_TYPE,BOOLEAN)	INVALID_TYPE	Aggregate	NULL	{"fid":"0","symbol":"","file":"","isolation":"isolated","type":"BUILTIN","md5":""}
array_unique_agg_merge(INVALID_TYPE)	INVALID_TYPE	Aggregate	NULL	{"fid":"0","symbol":"","file":"","isolation":"isolated","type":"BUILTIN","md5":""}
array_unique_agg_state(INVALID_TYPE)	INVALID_TYPE	Scalar	NULL	{"fid":"0","symbol":"","file":"","isolation":"isolated","type":"BUILTIN","md5":""}
array_unique_agg_state_merge(INVALID_TYPE)	INVALID_TYPE	Scalar	NULL	{"fid":"0","symbol":"","file":"","isolation":"isolated","type":"BUILTIN","md5":""}
array_unique_agg_state_union(INVALID_TYPE,INVALID_TYPE)	INVALID_TYPE	Scalar	NULL	{"fid":"0","symbol":"","file":"","isolation":"isolated","type":"BUILTIN","md5":""}
array_unique_agg_union(INVALID_TYPE)	INVALID_TYPE	Aggregate	NULL	{"fid":"0","symbol":"","file":"","isolation":"isolated","type":"BUILTIN","md5":""}
arrays_overlap(INVALID_TYPE,INVALID_TYPE)	BOOLEAN	Scalar	NULL	{"fid":"150210","symbol":"","file":"","isolation":"isolated","type":"BUILTIN","md5":""}
arrays_zip(INVALID_TYPE, ...)	INVALID_TYPE	Scalar	NULL	{"fid":"150207","symbol":"","file":"","isolation":"isolated","type":"BUILTIN","md5":""}
ascii(VARCHAR)	INT	Scalar	NULL	{"fid":"30200","symbol":"","file":"","isolation":"isolated","type":"BUILTIN","md5":""}
asin(DOUBLE)	DOUBLE	Scalar	NULL	{"fid":"10060","symbol":"","file":"","isolation":"isolated","type":"BUILTIN","md5":""}
assert_true(BOOLEAN)	BOOLEAN	Scalar	NULL	{"fid":"100017","symbol":"","file":"","isolation":"isolated","type":"BUILTIN","md5":""}
assert_true(BOOLEAN,VARCHAR)	BOOLEAN	Scalar	NULL	{"fid":"100019","symbol":"","file":"","isolation":"isolated","type":"BUILTIN","md5":""}
atan(DOUBLE)	DOUBLE	Scalar	NULL	{"fid":"10100","symbol":"","file":"","isolation":"isolated","type":"BUILTIN","md5":""}
atan2(DOUBLE,DOUBLE)	DOUBLE	Scalar	NULL	{"fid":"10224","symbol":"","file":"","isolation":"isolated","type":"BUILTIN","md5":""}
avg(BIGINT)	DOUBLE	Aggregate	VARBINARY	{"fid":"0","symbol":"","file":"","isolation":"isolated","type":"BUILTIN","md5":""}
avg(BOOLEAN)	DOUBLE	Aggregate	VARBINARY	{"fid":"0","symbol":"","file":"","isolation":"isolated","type":"BUILTIN","md5":""}
avg(DATE)	DATE	Aggregate	VARBINARY	{"fid":"0","symbol":"","file":"","isolation":"isolated","type":"BUILTIN","md5":""}
avg(DATETIME)	DATETIME	Aggregate	NULL	{"fid":"0","symbol":"","file":"","isolation":"isolated","type":"BUILTIN","md5":""}
avg(DECIMAL128)	DECIMAL128	Aggregate	VARBINARY	{"fid":"0","symbol":"","file":"","isolation":"isolated","type":"BUILTIN","md5":""}
avg(DECIMAL256)	DECIMAL256	Aggregate	VARBINARY	{"fid":"0","symbol":"","file":"","isolation":"isolated","type":"BUILTIN","md5":""}
avg(DECIMAL32)	DECIMAL128	Aggregate	VARBINARY	{"fid":"0","symbol":"","file":"","isolation":"isolated","type":"BUILTIN","md5":""}
avg(DECIMAL64)	DECIMAL128	Aggregate	VARBINARY	{"fid":"0","symbol":"","file":"","isolation":"isolated","type":"BUILTIN","md5":""}
avg(DECIMALV2)	DECIMALV2	Aggregate	VARCHAR	{"fid":"0","symbol":"","file":"","isolation":"isolated","type":"BUILTIN","md5":""}
avg(DOUBLE)	DOUBLE	Aggregate	VARBINARY	{"fid":"0","symbol":"","file":"","isolation":"isolated","type":"BUILTIN","md5":""}
avg(FLOAT)	DOUBLE	Aggregate	VARBINARY	{"fid":"0","symbol":"","file":"","isolation":"isolated","type":"BUILTIN","md5":""}
avg(INT)	DOUBLE	Aggregate	VARBINARY	{"fid":"0","symbol":"","file":"","isolation":"isolated","type":"BUILTIN","md5":""}
avg(LARGEINT)	DOUBLE	Aggregate	VARBINARY	{"fid":"0","symbol":"","file":"","isolation":"isolated","type":"BUILTIN","md5":""}
avg(SMALLINT)	DOUBLE	Aggregate	VARBINARY	{"fid":"0","symbol":"","file":"","isolation":"isolated","type":"BUILTIN","md5":""}
avg(TINYINT)	DOUBLE	Aggregate	VARBINARY	{"fid":"0","symbol":"","file":"","isolation":"isolated","type":"BUILTIN","md5":""}
avg_combine(BIGINT)	VARBINARY	Aggregate	NULL	{"fid":"0","symbol":"","file":"","isolation":"isolated","type":"BUILTIN","md5":""}
avg_combine(DECIMAL128)	VARBINARY	Aggregate	NULL	{"fid":"0","symbol":"","file":"","isolation":"isolated","type":"BUILTIN","md5":""}
avg_combine(DECIMAL256)	VARBINARY	Aggregate	NULL	{"fid":"0","symbol":"","file":"","isolation":"isolated","type":"BUILTIN","md5":""}
avg_combine(DECIMAL32)	VARBINARY	Aggregate	NULL	{"fid":"0","symbol":"","file":"","isolation":"isolated","type":"BUILTIN","md5":""}
avg_combine(DECIMAL64)	VARBINARY	Aggregate	NULL	{"fid":"0","symbol":"","file":"","isolation":"isolated","type":"BUILTIN","md5":""}
avg_combine(DOUBLE)	VARBINARY	Aggregate	NULL	{"fid":"0","symbol":"","file":"","isolation":"isolated","type":"BUILTIN","md5":""}
avg_combine(FLOAT)	VARBINARY	Aggregate	NULL	{"fid":"0","symbol":"","file":"","isolation":"isolated","type":"BUILTIN","md5":""}
avg_combine(INT)	VARBINARY	Aggregate	NULL	{"fid":"0","symbol":"","file":"","isolation":"isolated","type":"BUILTIN","md5":""}
avg_combine(LARGEINT)	VARBINARY	Aggregate	NULL	{"fid":"0","symbol":"","file":"","isolation":"isolated","type":"BUILTIN","md5":""}
avg_combine(SMALLINT)	VARBINARY	Aggregate	NULL	{"fid":"0","symbol":"","file":"","isolation":"isolated","type":"BUILTIN","md5":""}
avg_combine(TINYINT)	VARBINARY	Aggregate	NULL	{"fid":"0","symbol":"","file":"","isolation":"isolated","type":"BUILTIN","md5":""}
avg_if(BIGINT,BOOLEAN)	DOUBLE	Aggregate	VARBINARY	{"fid":"0","symbol":"","file":"","isolation":"isolated","type":"BUILTIN","md5":""}
avg_if(DECIMAL128,BOOLEAN)	DECIMAL128	Aggregate	VARBINARY	{"fid":"0","symbol":"","file":"","isolation":"isolated","type":"BUILTIN","md5":""}
avg_if(DECIMAL256,BOOLEAN)	DECIMAL256	Aggregate	VARBINARY	{"fid":"0","symbol":"","file":"","isolation":"isolated","type":"BUILTIN","md5":""}
avg_if(DECIMAL32,BOOLEAN)	DECIMAL128	Aggregate	VARBINARY	{"fid":"0","symbol":"","file":"","isolation":"isolated","type":"BUILTIN","md5":""}
avg_if(DECIMAL64,BOOLEAN)	DECIMAL128	Aggregate	VARBINARY	{"fid":"0","symbol":"","file":"","isolation":"isolated","type":"BUILTIN","md5":""}
avg_if(DOUBLE,BOOLEAN)	DOUBLE	Aggregate	VARBINARY	{"fid":"0","symbol":"","file":"","isolation":"isolated","type":"BUILTIN","md5":""}
avg_if(FLOAT,BOOLEAN)	DOUBLE	Aggregate	VARBINARY	{"fid":"0","symbol":"","file":"","isolation":"isolated","type":"BUILTIN","md5":""}
avg_if(INT,BOOLEAN)	DOUBLE	Aggregate	VARBINARY	{"fid":"0","symbol":"","file":"","isolation":"isolated","type":"BUILTIN","md5":""}
avg_if(LARGEINT,BOOLEAN)	DOUBLE	Aggregate	VARBINARY	{"fid":"0","symbol":"","file":"","isolation":"isolated","type":"BUILTIN","md5":""}
avg_if(SMALLINT,BOOLEAN)	DOUBLE	Aggregate	VARBINARY	{"fid":"0","symbol":"","file":"","isolation":"isolated","type":"BUILTIN","md5":""}
avg_if(TINYINT,BOOLEAN)	DOUBLE	Aggregate	VARBINARY	{"fid":"0","symbol":"","file":"","isolation":"isolated","type":"BUILTIN","md5":""}
avg_merge(VARBINARY)	DOUBLE	Aggregate	VARBINARY	{"fid":"0","symbol":"","file":"","isolation":"isolated","type":"BUILTIN","md5":""}
avg_state(BIGINT)	VARBINARY	Scalar	NULL	{"fid":"0","symbol":"","file":"","isolation":"isolated","type":"BUILTIN","md5":""}
avg_state(DECIMAL128)	VARBINARY	Scalar	NULL	{"fid":"0","symbol":"","file":"","isolation":"isolated","type":"BUILTIN","md5":""}
avg_state(DECIMAL256)	VARBINARY	Scalar	NULL	{"fid":"0","symbol":"","file":"","isolation":"isolated","type":"BUILTIN","md5":""}
avg_state(DECIMAL32)	VARBINARY	Scalar	NULL	{"fid":"0","symbol":"","file":"","isolation":"isolated","type":"BUILTIN","md5":""}
avg_state(DECIMAL64)	VARBINARY	Scalar	NULL	{"fid":"0","symbol":"","file":"","isolation":"isolated","type":"BUILTIN","md5":""}
avg_state(DOUBLE)	VARBINARY	Scalar	NULL	{"fid":"0","symbol":"","file":"","isolation":"isolated","type":"BUILTIN","md5":""}
avg_state(FLOAT)	VARBINARY	Scalar	NULL	{"fid":"0","symbol":"","file":"","isolation":"isolated","type":"BUILTIN","md5":""}
avg_state(INT)	VARBINARY	Scalar	NULL	{"fid":"0","symbol":"","file":"","isolation":"isolated","type":"BUILTIN","md5":""}
avg_state(LARGEINT)	VARBINARY	Scalar	NULL	{"fid":"0","symbol":"","file":"","isolation":"isolated","type":"BUILTIN","md5":""}
avg_state(SMALLINT)	VARBINARY	Scalar	NULL	{"fid":"0","symbol":"","file":"","isolation":"isolated","type":"BUILTIN","md5":""}
avg_state(TINYINT)	VARBINARY	Scalar	NULL	{"fid":"0","symbol":"","file":"","isolation":"isolated","type":"BUILTIN","md5":""}
avg_state_merge(VARBINARY)	DOUBLE	Scalar	NULL	{"fid":"0","symbol":"","file":"","isolation":"isolated","type":"BUILTIN","md5":""}
avg_state_union(VARBINARY,VARBINARY)	VARBINARY	Scalar	NULL	{"fid":"0","symbol":"","file":"","isolation":"isolated","type":"BUILTIN","md5":""}
avg_union(VARBINARY)	VARBINARY	Aggregate	NULL	{"fid":"0","symbol":"","file":"","isolation":"isolated","type":"BUILTIN","md5":""}
bar(BIGINT,BIGINT,BIGINT,BIGINT)	VARCHAR	Scalar	NULL	{"fid":"181000","symbol":"","file":"","isolation":"isolated","type":"BUILTIN","md5":""}
base64_decode_binary(VARCHAR)	VARBINARY	Scalar	NULL	{"fid":"120121","symbol":"","file":"","isolation":"isolated","type":"BUILTIN","md5":""}
base64_decode_string(VARCHAR)	VARCHAR	Scalar	NULL	{"fid":"120122","symbol":"","file":"","isolation":"isolated","type":"BUILTIN","md5":""}
base64_to_bitmap(VARCHAR)	BITMAP	Scalar	NULL	{"fid":"90800","symbol":"","file":"","isolation":"isolated","type":"BUILTIN","md5":""}
bin(BIGINT)	VARCHAR	Scalar	NULL	{"fid":"10311","symbol":"","file":"","isolation":"isolated","type":"BUILTIN","md5":""}
bit_shift_left(BIGINT,BIGINT)	BIGINT	Scalar	NULL	{"fid":"20053","symbol":"","file":"","isolation":"isolated","type":"BUILTIN","md5":""}
bit_shift_left(INT,BIGINT)	INT	Scalar	NULL	{"fid":"20052","symbol":"","file":"","isolation":"isolated","type":"BUILTIN","md5":""}
bit_shift_left(LARGEINT,BIGINT)	LARGEINT	Scalar	NULL	{"fid":"20054","symbol":"","file":"","isolation":"isolated","type":"BUILTIN","md5":""}
bit_shift_left(SMALLINT,BIGINT)	SMALLINT	Scalar	NULL	{"fid":"20051","symbol":"","file":"","isolation":"isolated","type":"BUILTIN","md5":""}
bit_shift_left(TINYINT,BIGINT)	TINYINT	Scalar	NULL	{"fid":"20050","symbol":"","file":"","isolation":"isolated","type":"BUILTIN","md5":""}
bit_shift_right(BIGINT,BIGINT)	BIGINT	Scalar	NULL	{"fid":"20063","symbol":"","file":"","isolation":"isolated","type":"BUILTIN","md5":""}
bit_shift_right(INT,BIGINT)	INT	Scalar	NULL	{"fid":"20062","symbol":"","file":"","isolation":"isolated","type":"BUILTIN","md5":""}
bit_shift_right(LARGEINT,BIGINT)	LARGEINT	Scalar	NULL	{"fid":"20064","symbol":"","file":"","isolation":"isolated","type":"BUILTIN","md5":""}
bit_shift_right(SMALLINT,BIGINT)	SMALLINT	Scalar	NULL	{"fid":"20061","symbol":"","file":"","isolation":"isolated","type":"BUILTIN","md5":""}
bit_shift_right(TINYINT,BIGINT)	TINYINT	Scalar	NULL	{"fid":"20060","symbol":"","file":"","isolation":"isolated","type":"BUILTIN","md5":""}
bit_shift_right_logical(BIGINT,BIGINT)	BIGINT	Scalar	NULL	{"fid":"20073","symbol":"","file":"","isolation":"isolated","type":"BUILTIN","md5":""}
bit_shift_right_logical(INT,BIGINT)	INT	Scalar	NULL	{"fid":"20072","symbol":"","file":"","isolation":"isolated","type":"BUILTIN","md5":""}
bit_shift_right_logical(LARGEINT,BIGINT)	LARGEINT	Scalar	NULL	{"fid":"20074","symbol":"","file":"","isolation":"isolated","type":"BUILTIN","md5":""}
bit_shift_right_logical(SMALLINT,BIGINT)	SMALLINT	Scalar	NULL	{"fid":"20071","symbol":"","file":"","isolation":"isolated","type":"BUILTIN","md5":""}
bit_shift_right_logical(TINYINT,BIGINT)	TINYINT	Scalar	NULL	{"fid":"20070","symbol":"","file":"","isolation":"isolated","type":"BUILTIN","md5":""}
bitand(BIGINT,BIGINT)	BIGINT	Scalar	NULL	{"fid":"20013","symbol":"","file":"","isolation":"isolated","type":"BUILTIN","md5":""}
bitand(INT,INT)	INT	Scalar	NULL	{"fid":"20012","symbol":"","file":"","isolation":"isolated","type":"BUILTIN","md5":""}
bitand(LARGEINT,LARGEINT)	LARGEINT	Scalar	NULL	{"fid":"20014","symbol":"","file":"","isolation":"isolated","type":"BUILTIN","md5":""}
bitand(SMALLINT,SMALLINT)	SMALLINT	Scalar	NULL	{"fid":"20011","symbol":"","file":"","isolation":"isolated","type":"BUILTIN","md5":""}
bitand(TINYINT,TINYINT)	TINYINT	Scalar	NULL	{"fid":"20010","symbol":"","file":"","isolation":"isolated","type":"BUILTIN","md5":""}
bitmap_agg(BIGINT)	BITMAP	Aggregate	NULL	{"fid":"0","symbol":"","file":"","isolation":"isolated","type":"BUILTIN","md5":""}
bitmap_agg(BOOLEAN)	BITMAP	Aggregate	NULL	{"fid":"0","symbol":"","file":"","isolation":"isolated","type":"BUILTIN","md5":""}
bitmap_agg(INT)	BITMAP	Aggregate	NULL	{"fid":"0","symbol":"","file":"","isolation":"isolated","type":"BUILTIN","md5":""}
bitmap_agg(LARGEINT)	BITMAP	Aggregate	NULL	{"fid":"0","symbol":"","file":"","isolation":"isolated","type":"BUILTIN","md5":""}
bitmap_agg(SMALLINT)	BITMAP	Aggregate	NULL	{"fid":"0","symbol":"","file":"","isolation":"isolated","type":"BUILTIN","md5":""}
bitmap_agg(TINYINT)	BITMAP	Aggregate	NULL	{"fid":"0","symbol":"","file":"","isolation":"isolated","type":"BUILTIN","md5":""}
bitmap_agg_combine(BIGINT)	BITMAP	Aggregate	NULL	{"fid":"0","symbol":"","file":"","isolation":"isolated","type":"BUILTIN","md5":""}
bitmap_agg_combine(BOOLEAN)	BITMAP	Aggregate	NULL	{"fid":"0","symbol":"","file":"","isolation":"isolated","type":"BUILTIN","md5":""}
bitmap_agg_combine(INT)	BITMAP	Aggregate	NULL	{"fid":"0","symbol":"","file":"","isolation":"isolated","type":"BUILTIN","md5":""}
bitmap_agg_combine(LARGEINT)	BITMAP	Aggregate	NULL	{"fid":"0","symbol":"","file":"","isolation":"isolated","type":"BUILTIN","md5":""}
bitmap_agg_combine(SMALLINT)	BITMAP	Aggregate	NULL	{"fid":"0","symbol":"","file":"","isolation":"isolated","type":"BUILTIN","md5":""}
bitmap_agg_combine(TINYINT)	BITMAP	Aggregate	NULL	{"fid":"0","symbol":"","file":"","isolation":"isolated","type":"BUILTIN","md5":""}
bitmap_agg_if(BIGINT,BOOLEAN)	BITMAP	Aggregate	NULL	{"fid":"0","symbol":"","file":"","isolation":"isolated","type":"BUILTIN","md5":""}
bitmap_agg_if(BOOLEAN,BOOLEAN)	BITMAP	Aggregate	NULL	{"fid":"0","symbol":"","file":"","isolation":"isolated","type":"BUILTIN","md5":""}
bitmap_agg_if(INT,BOOLEAN)	BITMAP	Aggregate	NULL	{"fid":"0","symbol":"","file":"","isolation":"isolated","type":"BUILTIN","md5":""}
bitmap_agg_if(LARGEINT,BOOLEAN)	BITMAP	Aggregate	NULL	{"fid":"0","symbol":"","file":"","isolation":"isolated","type":"BUILTIN","md5":""}
bitmap_agg_if(SMALLINT,BOOLEAN)	BITMAP	Aggregate	NULL	{"fid":"0","symbol":"","file":"","isolation":"isolated","type":"BUILTIN","md5":""}
bitmap_agg_if(TINYINT,BOOLEAN)	BITMAP	Aggregate	NULL	{"fid":"0","symbol":"","file":"","isolation":"isolated","type":"BUILTIN","md5":""}
bitmap_agg_merge(BITMAP)	BITMAP	Aggregate	NULL	{"fid":"0","symbol":"","file":"","isolation":"isolated","type":"BUILTIN","md5":""}
bitmap_agg_state(BIGINT)	BITMAP	Scalar	NULL	{"fid":"0","symbol":"","file":"","isolation":"isolated","type":"BUILTIN","md5":""}
bitmap_agg_state(BOOLEAN)	BITMAP	Scalar	NULL	{"fid":"0","symbol":"","file":"","isolation":"isolated","type":"BUILTIN","md5":""}
bitmap_agg_state(INT)	BITMAP	Scalar	NULL	{"fid":"0","symbol":"","file":"","isolation":"isolated","type":"BUILTIN","md5":""}
bitmap_agg_state(LARGEINT)	BITMAP	Scalar	NULL	{"fid":"0","symbol":"","file":"","isolation":"isolated","type":"BUILTIN","md5":""}
bitmap_agg_state(SMALLINT)	BITMAP	Scalar	NULL	{"fid":"0","symbol":"","file":"","isolation":"isolated","type":"BUILTIN","md5":""}
bitmap_agg_state(TINYINT)	BITMAP	Scalar	NULL	{"fid":"0","symbol":"","file":"","isolation":"isolated","type":"BUILTIN","md5":""}
bitmap_agg_state_merge(BITMAP)	BITMAP	Scalar	NULL	{"fid":"0","symbol":"","file":"","isolation":"isolated","type":"BUILTIN","md5":""}
bitmap_agg_state_union(BITMAP,BITMAP)	BITMAP	Scalar	NULL	{"fid":"0","symbol":"","file":"","isolation":"isolated","type":"BUILTIN","md5":""}
bitmap_agg_union(BITMAP)	BITMAP	Aggregate	NULL	{"fid":"0","symbol":"","file":"","isolation":"isolated","type":"BUILTIN","md5":""}
bitmap_and(BITMAP,BITMAP)	BITMAP	Scalar	NULL	{"fid":"90060","symbol":"","file":"","isolation":"isolated","type":"BUILTIN","md5":""}
bitmap_andnot(BITMAP,BITMAP)	BITMAP	Scalar	NULL	{"fid":"90200","symbol":"","file":"","isolation":"isolated","type":"BUILTIN","md5":""}
bitmap_contains(BITMAP,BIGINT)	BOOLEAN	Scalar	NULL	{"fid":"90090","symbol":"","file":"","isolation":"isolated","type":"BUILTIN","md5":""}
bitmap_count(BITMAP)	BIGINT	Scalar	NULL	{"fid":"90030","symbol":"","file":"","isolation":"isolated","type":"BUILTIN","md5":""}
bitmap_empty()	BITMAP	Scalar	NULL	{"fid":"90040","symbol":"","file":"","isolation":"isolated","type":"BUILTIN","md5":""}
bitmap_from_binary(VARBINARY)	BITMAP	Scalar	NULL	{"fid":"91004","symbol":"","file":"","isolation":"isolated","type":"BUILTIN","md5":""}
bitmap_from_string(VARCHAR)	BITMAP	Scalar	NULL	{"fid":"90080","symbol":"","file":"","isolation":"isolated","type":"BUILTIN","md5":""}
bitmap_has_any(BITMAP,BITMAP)	BOOLEAN	Scalar	NULL	{"fid":"90100","symbol":"","file":"","isolation":"isolated","type":"BUILTIN","md5":""}
bitmap_hash(VARCHAR)	BITMAP	Scalar	NULL	{"fid":"90020","symbol":"","file":"","isolation":"isolated","type":"BUILTIN","md5":""}
bitmap_hash64(VARCHAR)	BITMAP	Scalar	NULL	{"fid":"90021","symbol":"","file":"","isolation":"isolated","type":"BUILTIN","md5":""}
bitmap_intersect(BITMAP)	BITMAP	Aggregate	NULL	{"fid":"0","symbol":"","file":"","isolation":"isolated","type":"BUILTIN","md5":""}
bitmap_max(BITMAP)	LARGEINT	Scalar	NULL	{"fid":"90600","symbol":"","file":"","isolation":"isolated","type":"BUILTIN","md5":""}
bitmap_min(BITMAP)	LARGEINT	Scalar	NULL	{"fid":"90700","symbol":"","file":"","isolation":"isolated","type":"BUILTIN","md5":""}
bitmap_or(BITMAP,BITMAP)	BITMAP	Scalar	NULL	{"fid":"90050","symbol":"","file":"","isolation":"isolated","type":"BUILTIN","md5":""}
bitmap_remove(BITMAP,BIGINT)	BITMAP	Scalar	NULL	{"fid":"90400","symbol":"","file":"","isolation":"isolated","type":"BUILTIN","md5":""}
bitmap_subset_in_range(BITMAP,BIGINT,BIGINT)	BITMAP	Scalar	NULL	{"fid":"91002","symbol":"","file":"","isolation":"isolated","type":"BUILTIN","md5":""}
bitmap_subset_limit(BITMAP,BIGINT,BIGINT)	BITMAP	Scalar	NULL	{"fid":"91001","symbol":"","file":"","isolation":"isolated","type":"BUILTIN","md5":""}
bitmap_to_array(BITMAP)	INVALID_TYPE	Scalar	NULL	{"fid":"90500","symbol":"","file":"","isolation":"isolated","type":"BUILTIN","md5":""}
bitmap_to_base64(BITMAP)	VARCHAR	Scalar	NULL	{"fid":"90801","symbol":"","file":"","isolation":"isolated","type":"BUILTIN","md5":""}
bitmap_to_binary(BITMAP)	VARBINARY	Scalar	NULL	{"fid":"91003","symbol":"","file":"","isolation":"isolated","type":"BUILTIN","md5":""}
bitmap_to_string(BITMAP)	VARCHAR	Scalar	NULL	{"fid":"90070","symbol":"","file":"","isolation":"isolated","type":"BUILTIN","md5":""}
bitmap_union(BITMAP)	BITMAP	Aggregate	NULL	{"fid":"0","symbol":"","file":"","isolation":"isolated","type":"BUILTIN","md5":""}
bitmap_union_combine(BITMAP)	BITMAP	Aggregate	NULL	{"fid":"0","symbol":"","file":"","isolation":"isolated","type":"BUILTIN","md5":""}
bitmap_union_count(BITMAP)	BIGINT	Aggregate	BITMAP	{"fid":"0","symbol":"","file":"","isolation":"isolated","type":"BUILTIN","md5":""}
bitmap_union_if(BITMAP,BOOLEAN)	BITMAP	Aggregate	NULL	{"fid":"0","symbol":"","file":"","isolation":"isolated","type":"BUILTIN","md5":""}
bitmap_union_int(BIGINT)	BIGINT	Aggregate	BITMAP	{"fid":"0","symbol":"","file":"","isolation":"isolated","type":"BUILTIN","md5":""}
bitmap_union_int(BITMAP)	BIGINT	Aggregate	BITMAP	{"fid":"0","symbol":"","file":"","isolation":"isolated","type":"BUILTIN","md5":""}
bitmap_union_int(BOOLEAN)	BIGINT	Aggregate	BITMAP	{"fid":"0","symbol":"","file":"","isolation":"isolated","type":"BUILTIN","md5":""}
bitmap_union_int(DATE)	BIGINT	Aggregate	BITMAP	{"fid":"0","symbol":"","file":"","isolation":"isolated","type":"BUILTIN","md5":""}
bitmap_union_int(DATETIME)	BIGINT	Aggregate	BITMAP	{"fid":"0","symbol":"","file":"","isolation":"isolated","type":"BUILTIN","md5":""}
bitmap_union_int(DECIMAL128)	BIGINT	Aggregate	BITMAP	{"fid":"0","symbol":"","file":"","isolation":"isolated","type":"BUILTIN","md5":""}
bitmap_union_int(DECIMAL256)	BIGINT	Aggregate	BITMAP	{"fid":"0","symbol":"","file":"","isolation":"isolated","type":"BUILTIN","md5":""}
bitmap_union_int(DECIMAL32)	BIGINT	Aggregate	BITMAP	{"fid":"0","symbol":"","file":"","isolation":"isolated","type":"BUILTIN","md5":""}
bitmap_union_int(DECIMAL64)	BIGINT	Aggregate	BITMAP	{"fid":"0","symbol":"","file":"","isolation":"isolated","type":"BUILTIN","md5":""}
bitmap_union_int(DECIMALV2)	BIGINT	Aggregate	BITMAP	{"fid":"0","symbol":"","file":"","isolation":"isolated","type":"BUILTIN","md5":""}
bitmap_union_int(DOUBLE)	BIGINT	Aggregate	BITMAP	{"fid":"0","symbol":"","file":"","isolation":"isolated","type":"BUILTIN","md5":""}
bitmap_union_int(FLOAT)	BIGINT	Aggregate	BITMAP	{"fid":"0","symbol":"","file":"","isolation":"isolated","type":"BUILTIN","md5":""}
bitmap_union_int(HLL)	BIGINT	Aggregate	BITMAP	{"fid":"0","symbol":"","file":"","isolation":"isolated","type":"BUILTIN","md5":""}
bitmap_union_int(INT)	BIGINT	Aggregate	BITMAP	{"fid":"0","symbol":"","file":"","isolation":"isolated","type":"BUILTIN","md5":""}
bitmap_union_int(JSON)	BIGINT	Aggregate	BITMAP	{"fid":"0","symbol":"","file":"","isolation":"isolated","type":"BUILTIN","md5":""}
bitmap_union_int(LARGEINT)	BIGINT	Aggregate	BITMAP	{"fid":"0","symbol":"","file":"","isolation":"isolated","type":"BUILTIN","md5":""}
bitmap_union_int(PERCENTILE)	BIGINT	Aggregate	BITMAP	{"fid":"0","symbol":"","file":"","isolation":"isolated","type":"BUILTIN","md5":""}
bitmap_union_int(SMALLINT)	BIGINT	Aggregate	BITMAP	{"fid":"0","symbol":"","file":"","isolation":"isolated","type":"BUILTIN","md5":""}
bitmap_union_int(TIME)	BIGINT	Aggregate	BITMAP	{"fid":"0","symbol":"","file":"","isolation":"isolated","type":"BUILTIN","md5":""}
bitmap_union_int(TINYINT)	BIGINT	Aggregate	BITMAP	{"fid":"0","symbol":"","file":"","isolation":"isolated","type":"BUILTIN","md5":""}
bitmap_union_int(UNKNOWN_TYPE)	BIGINT	Aggregate	BITMAP	{"fid":"0","symbol":"","file":"","isolation":"isolated","type":"BUILTIN","md5":""}
bitmap_union_int(VARBINARY)	BIGINT	Aggregate	BITMAP	{"fid":"0","symbol":"","file":"","isolation":"isolated","type":"BUILTIN","md5":""}
bitmap_union_int(VARCHAR)	BIGINT	Aggregate	BITMAP	{"fid":"0","symbol":"","file":"","isolation":"isolated","type":"BUILTIN","md5":""}
bitmap_union_int_combine(BIGINT)	BITMAP	Aggregate	NULL	{"fid":"0","symbol":"","file":"","isolation":"isolated","type":"BUILTIN","md5":""}
bitmap_union_int_combine(INT)	BITMAP	Aggregate	NULL	{"fid":"0","symbol":"","file":"","isolation":"isolated","type":"BUILTIN","md5":""}
bitmap_union_int_combine(SMALLINT)	BITMAP	Aggregate	NULL	{"fid":"0","symbol":"","file":"","isolation":"isolated","type":"BUILTIN","md5":""}
bitmap_union_int_combine(TINYINT)	BITMAP	Aggregate	NULL	{"fid":"0","symbol":"","file":"","isolation":"isolated","type":"BUILTIN","md5":""}
bitmap_union_int_if(BIGINT,BOOLEAN)	BIGINT	Aggregate	BITMAP	{"fid":"0","symbol":"","file":"","isolation":"isolated","type":"BUILTIN","md5":""}
bitmap_union_int_if(INT,BOOLEAN)	BIGINT	Aggregate	BITMAP	{"fid":"0","symbol":"","file":"","isolation":"isolated","type":"BUILTIN","md5":""}
bitmap_union_int_if(SMALLINT,BOOLEAN)	BIGINT	Aggregate	BITMAP	{"fid":"0","symbol":"","file":"","isolation":"isolated","type":"BUILTIN","md5":""}
bitmap_union_int_if(TINYINT,BOOLEAN)	BIGINT	Aggregate	BITMAP	{"fid":"0","symbol":"","file":"","isolation":"isolated","type":"BUILTIN","md5":""}
bitmap_union_int_merge(BITMAP)	BIGINT	Aggregate	BITMAP	{"fid":"0","symbol":"","file":"","isolation":"isolated","type":"BUILTIN","md5":""}
bitmap_union_int_state(BIGINT)	BITMAP	Scalar	NULL	{"fid":"0","symbol":"","file":"","isolation":"isolated","type":"BUILTIN","md5":""}
bitmap_union_int_state(INT)	BITMAP	Scalar	NULL	{"fid":"0","symbol":"","file":"","isolation":"isolated","type":"BUILTIN","md5":""}
bitmap_union_int_state(SMALLINT)	BITMAP	Scalar	NULL	{"fid":"0","symbol":"","file":"","isolation":"isolated","type":"BUILTIN","md5":""}
bitmap_union_int_state(TINYINT)	BITMAP	Scalar	NULL	{"fid":"0","symbol":"","file":"","isolation":"isolated","type":"BUILTIN","md5":""}
bitmap_union_int_state_merge(BITMAP)	BIGINT	Scalar	NULL	{"fid":"0","symbol":"","file":"","isolation":"isolated","type":"BUILTIN","md5":""}
bitmap_union_int_state_union(BITMAP,BITMAP)	BITMAP	Scalar	NULL	{"fid":"0","symbol":"","file":"","isolation":"isolated","type":"BUILTIN","md5":""}
bitmap_union_int_union(BITMAP)	BITMAP	Aggregate	NULL	{"fid":"0","symbol":"","file":"","isolation":"isolated","type":"BUILTIN","md5":""}
bitmap_union_merge(BITMAP)	BITMAP	Aggregate	NULL	{"fid":"0","symbol":"","file":"","isolation":"isolated","type":"BUILTIN","md5":""}
bitmap_union_state(BITMAP)	BITMAP	Scalar	NULL	{"fid":"0","symbol":"","file":"","isolation":"isolated","type":"BUILTIN","md5":""}
bitmap_union_state_merge(BITMAP)	BITMAP	Scalar	NULL	{"fid":"0","symbol":"","file":"","isolation":"isolated","type":"BUILTIN","md5":""}
bitmap_union_state_union(BITMAP,BITMAP)	BITMAP	Scalar	NULL	{"fid":"0","symbol":"","file":"","isolation":"isolated","type":"BUILTIN","md5":""}
bitmap_union_union(BITMAP)	BITMAP	Aggregate	NULL	{"fid":"0","symbol":"","file":"","isolation":"isolated","type":"BUILTIN","md5":""}
bitmap_xor(BITMAP,BITMAP)	BITMAP	Scalar	NULL	{"fid":"90300","symbol":"","file":"","isolation":"isolated","type":"BUILTIN","md5":""}
bitnot(BIGINT)	BIGINT	Scalar	NULL	{"fid":"20043","symbol":"","file":"","isolation":"isolated","type":"BUILTIN","md5":""}
bitnot(INT)	INT	Scalar	NULL	{"fid":"20042","symbol":"","file":"","isolation":"isolated","type":"BUILTIN","md5":""}
bitnot(LARGEINT)	LARGEINT	Scalar	NULL	{"fid":"20044","symbol":"","file":"","isolation":"isolated","type":"BUILTIN","md5":""}
bitnot(SMALLINT)	SMALLINT	Scalar	NULL	{"fid":"20041","symbol":"","file":"","isolation":"isolated","type":"BUILTIN","md5":""}
bitnot(TINYINT)	TINYINT	Scalar	NULL	{"fid":"20040","symbol":"","file":"","isolation":"isolated","type":"BUILTIN","md5":""}
bitor(BIGINT,BIGINT)	BIGINT	Scalar	NULL	{"fid":"20023","symbol":"","file":"","isolation":"isolated","type":"BUILTIN","md5":""}
bitor(INT,INT)	INT	Scalar	NULL	{"fid":"20022","symbol":"","file":"","isolation":"isolated","type":"BUILTIN","md5":""}
bitor(LARGEINT,LARGEINT)	LARGEINT	Scalar	NULL	{"fid":"20024","symbol":"","file":"","isolation":"isolated","type":"BUILTIN","md5":""}
bitor(SMALLINT,SMALLINT)	SMALLINT	Scalar	NULL	{"fid":"20021","symbol":"","file":"","isolation":"isolated","type":"BUILTIN","md5":""}
bitor(TINYINT,TINYINT)	TINYINT	Scalar	NULL	{"fid":"20020","symbol":"","file":"","isolation":"isolated","type":"BUILTIN","md5":""}
bitshiftleft(BIGINT,BIGINT)	BIGINT	Scalar	NULL	{"fid":"0","symbol":"","file":"","isolation":"isolated","type":"BUILTIN","md5":""}
bitshiftleft(BOOLEAN,BIGINT)	BOOLEAN	Scalar	NULL	{"fid":"0","symbol":"","file":"","isolation":"isolated","type":"BUILTIN","md5":""}
bitshiftleft(INT,BIGINT)	INT	Scalar	NULL	{"fid":"0","symbol":"","file":"","isolation":"isolated","type":"BUILTIN","md5":""}
bitshiftleft(LARGEINT,BIGINT)	LARGEINT	Scalar	NULL	{"fid":"0","symbol":"","file":"","isolation":"isolated","type":"BUILTIN","md5":""}
bitshiftleft(SMALLINT,BIGINT)	SMALLINT	Scalar	NULL	{"fid":"0","symbol":"","file":"","isolation":"isolated","type":"BUILTIN","md5":""}
bitshiftleft(TINYINT,BIGINT)	TINYINT	Scalar	NULL	{"fid":"0","symbol":"","file":"","isolation":"isolated","type":"BUILTIN","md5":""}
bitshiftright(BIGINT,BIGINT)	BIGINT	Scalar	NULL	{"fid":"0","symbol":"","file":"","isolation":"isolated","type":"BUILTIN","md5":""}
bitshiftright(BOOLEAN,BIGINT)	BOOLEAN	Scalar	NULL	{"fid":"0","symbol":"","file":"","isolation":"isolated","type":"BUILTIN","md5":""}
bitshiftright(INT,BIGINT)	INT	Scalar	NULL	{"fid":"0","symbol":"","file":"","isolation":"isolated","type":"BUILTIN","md5":""}
bitshiftright(LARGEINT,BIGINT)	LARGEINT	Scalar	NULL	{"fid":"0","symbol":"","file":"","isolation":"isolated","type":"BUILTIN","md5":""}
bitshiftright(SMALLINT,BIGINT)	SMALLINT	Scalar	NULL	{"fid":"0","symbol":"","file":"","isolation":"isolated","type":"BUILTIN","md5":""}
bitshiftright(TINYINT,BIGINT)	TINYINT	Scalar	NULL	{"fid":"0","symbol":"","file":"","isolation":"isolated","type":"BUILTIN","md5":""}
bitshiftrightlogical(BIGINT,BIGINT)	BIGINT	Scalar	NULL	{"fid":"0","symbol":"","file":"","isolation":"isolated","type":"BUILTIN","md5":""}
bitshiftrightlogical(BOOLEAN,BIGINT)	BOOLEAN	Scalar	NULL	{"fid":"0","symbol":"","file":"","isolation":"isolated","type":"BUILTIN","md5":""}
bitshiftrightlogical(INT,BIGINT)	INT	Scalar	NULL	{"fid":"0","symbol":"","file":"","isolation":"isolated","type":"BUILTIN","md5":""}
bitshiftrightlogical(LARGEINT,BIGINT)	LARGEINT	Scalar	NULL	{"fid":"0","symbol":"","file":"","isolation":"isolated","type":"BUILTIN","md5":""}
bitshiftrightlogical(SMALLINT,BIGINT)	SMALLINT	Scalar	NULL	{"fid":"0","symbol":"","file":"","isolation":"isolated","type":"BUILTIN","md5":""}
bitshiftrightlogical(TINYINT,BIGINT)	TINYINT	Scalar	NULL	{"fid":"0","symbol":"","file":"","isolation":"isolated","type":"BUILTIN","md5":""}
bitxor(BIGINT,BIGINT)	BIGINT	Scalar	NULL	{"fid":"20033","symbol":"","file":"","isolation":"isolated","type":"BUILTIN","md5":""}
bitxor(INT,INT)	INT	Scalar	NULL	{"fid":"20032","symbol":"","file":"","isolation":"isolated","type":"BUILTIN","md5":""}
bitxor(LARGEINT,LARGEINT)	LARGEINT	Scalar	NULL	{"fid":"20034","symbol":"","file":"","isolation":"isolated","type":"BUILTIN","md5":""}
bitxor(SMALLINT,SMALLINT)	SMALLINT	Scalar	NULL	{"fid":"20031","symbol":"","file":"","isolation":"isolated","type":"BUILTIN","md5":""}
bitxor(TINYINT,TINYINT)	TINYINT	Scalar	NULL	{"fid":"20030","symbol":"","file":"","isolation":"isolated","type":"BUILTIN","md5":""}
bool_or(BOOLEAN)	BOOLEAN	Aggregate	NULL	{"fid":"0","symbol":"","file":"","isolation":"isolated","type":"BUILTIN","md5":""}
bool_or_combine(BOOLEAN)	BOOLEAN	Aggregate	NULL	{"fid":"0","symbol":"","file":"","isolation":"isolated","type":"BUILTIN","md5":""}
bool_or_if(BOOLEAN,BOOLEAN)	BOOLEAN	Aggregate	NULL	{"fid":"0","symbol":"","file":"","isolation":"isolated","type":"BUILTIN","md5":""}
bool_or_merge(BOOLEAN)	BOOLEAN	Aggregate	NULL	{"fid":"0","symbol":"","file":"","isolation":"isolated","type":"BUILTIN","md5":""}
bool_or_state(BOOLEAN)	BOOLEAN	Scalar	NULL	{"fid":"0","symbol":"","file":"","isolation":"isolated","type":"BUILTIN","md5":""}
bool_or_state_merge(BOOLEAN)	BOOLEAN	Scalar	NULL	{"fid":"0","symbol":"","file":"","isolation":"isolated","type":"BUILTIN","md5":""}
bool_or_state_union(BOOLEAN,BOOLEAN)	BOOLEAN	Scalar	NULL	{"fid":"0","symbol":"","file":"","isolation":"isolated","type":"BUILTIN","md5":""}
bool_or_union(BOOLEAN)	BOOLEAN	Aggregate	NULL	{"fid":"0","symbol":"","file":"","isolation":"isolated","type":"BUILTIN","md5":""}
cardinality(INVALID_TYPE)	INT	Scalar	NULL	{"fid":"170100","symbol":"","file":"","isolation":"isolated","type":"BUILTIN","md5":""}
cbrt(DOUBLE)	DOUBLE	Scalar	NULL	{"fid":"10330","symbol":"","file":"","isolation":"isolated","type":"BUILTIN","md5":""}
ceil(DOUBLE)	BIGINT	Scalar	NULL	{"fid":"10110","symbol":"","file":"","isolation":"isolated","type":"BUILTIN","md5":""}
ceiling(DOUBLE)	BIGINT	Scalar	NULL	{"fid":"10111","symbol":"","file":"","isolation":"isolated","type":"BUILTIN","md5":""}
char(INT)	VARCHAR	Scalar	NULL	{"fid":"30500","symbol":"","file":"","isolation":"isolated","type":"BUILTIN","md5":""}
char_length(VARCHAR)	INT	Scalar	NULL	{"fid":"30130","symbol":"","file":"","isolation":"isolated","type":"BUILTIN","md5":""}
character_length(VARCHAR)	INT	Scalar	NULL	{"fid":"30131","symbol":"","file":"","isolation":"isolated","type":"BUILTIN","md5":""}
coalesce(BIGINT, ...)	BIGINT	Scalar	NULL	{"fid":"70404","symbol":"","file":"","isolation":"isolated","type":"BUILTIN","md5":""}
coalesce(BITMAP, ...)	BITMAP	Scalar	NULL	{"fid":"70412","symbol":"","file":"","isolation":"isolated","type":"BUILTIN","md5":""}
coalesce(BOOLEAN, ...)	BOOLEAN	Scalar	NULL	{"fid":"70400","symbol":"","file":"","isolation":"isolated","type":"BUILTIN","md5":""}
coalesce(DATE, ...)	DATE	Scalar	NULL	{"fid":"70409","symbol":"","file":"","isolation":"isolated","type":"BUILTIN","md5":""}
coalesce(DATETIME, ...)	DATETIME	Scalar	NULL	{"fid":"70408","symbol":"","file":"","isolation":"isolated","type":"BUILTIN","md5":""}
coalesce(DECIMAL128, ...)	DECIMAL128	Scalar	NULL	{"fid":"704102","symbol":"","file":"","isolation":"isolated","type":"BUILTIN","md5":""}
coalesce(DECIMAL32, ...)	DECIMAL32	Scalar	NULL	{"fid":"704100","symbol":"","file":"","isolation":"isolated","type":"BUILTIN","md5":""}
coalesce(DECIMAL64, ...)	DECIMAL64	Scalar	NULL	{"fid":"704101","symbol":"","file":"","isolation":"isolated","type":"BUILTIN","md5":""}
coalesce(DECIMALV2, ...)	DECIMALV2	Scalar	NULL	{"fid":"70410","symbol":"","file":"","isolation":"isolated","type":"BUILTIN","md5":""}
coalesce(DOUBLE, ...)	DOUBLE	Scalar	NULL	{"fid":"70407","symbol":"","file":"","isolation":"isolated","type":"BUILTIN","md5":""}
coalesce(FLOAT, ...)	FLOAT	Scalar	NULL	{"fid":"70406","symbol":"","file":"","isolation":"isolated","type":"BUILTIN","md5":""}
coalesce(HLL, ...)	HLL	Scalar	NULL	{"fid":"70414","symbol":"","file":"","isolation":"isolated","type":"BUILTIN","md5":""}
coalesce(INT, ...)	INT	Scalar	NULL	{"fid":"70403","symbol":"","file":"","isolation":"isolated","type":"BUILTIN","md5":""}
coalesce(INVALID_TYPE, ...)	INVALID_TYPE	Scalar	NULL	{"fid":"70417","symbol":"","file":"","isolation":"isolated","type":"BUILTIN","md5":""}
coalesce(JSON, ...)	JSON	Scalar	NULL	{"fid":"70420","symbol":"","file":"","isolation":"isolated","type":"BUILTIN","md5":""}
coalesce(LARGEINT, ...)	LARGEINT	Scalar	NULL	{"fid":"70405","symbol":"","file":"","isolation":"isolated","type":"BUILTIN","md5":""}
coalesce(PERCENTILE, ...)	PERCENTILE	Scalar	NULL	{"fid":"70413","symbol":"","file":"","isolation":"isolated","type":"BUILTIN","md5":""}
coalesce(SMALLINT, ...)	SMALLINT	Scalar	NULL	{"fid":"70402","symbol":"","file":"","isolation":"isolated","type":"BUILTIN","md5":""}
coalesce(TIME, ...)	TIME	Scalar	NULL	{"fid":"70416","symbol":"","file":"","isolation":"isolated","type":"BUILTIN","md5":""}
coalesce(TINYINT, ...)	TINYINT	Scalar	NULL	{"fid":"70401","symbol":"","file":"","isolation":"isolated","type":"BUILTIN","md5":""}
coalesce(VARCHAR, ...)	VARCHAR	Scalar	NULL	{"fid":"70411","symbol":"","file":"","isolation":"isolated","type":"BUILTIN","md5":""}
column_compressed_size(INVALID_TYPE)	BIGINT	Aggregate	NULL	{"fid":"0","symbol":"","file":"","isolation":"isolated","type":"BUILTIN","md5":""}
column_compressed_size_combine(INVALID_TYPE)	BIGINT	Aggregate	NULL	{"fid":"0","symbol":"","file":"","isolation":"isolated","type":"BUILTIN","md5":""}
column_compressed_size_if(INVALID_TYPE,BOOLEAN)	BIGINT	Aggregate	NULL	{"fid":"0","symbol":"","file":"","isolation":"isolated","type":"BUILTIN","md5":""}
column_compressed_size_merge(BIGINT)	BIGINT	Aggregate	NULL	{"fid":"0","symbol":"","file":"","isolation":"isolated","type":"BUILTIN","md5":""}
column_compressed_size_state(INVALID_TYPE)	BIGINT	Scalar	NULL	{"fid":"0","symbol":"","file":"","isolation":"isolated","type":"BUILTIN","md5":""}
column_compressed_size_state_merge(BIGINT)	BIGINT	Scalar	NULL	{"fid":"0","symbol":"","file":"","isolation":"isolated","type":"BUILTIN","md5":""}
column_compressed_size_state_union(BIGINT,BIGINT)	BIGINT	Scalar	NULL	{"fid":"0","symbol":"","file":"","isolation":"isolated","type":"BUILTIN","md5":""}
column_compressed_size_union(BIGINT)	BIGINT	Aggregate	NULL	{"fid":"0","symbol":"","file":"","isolation":"isolated","type":"BUILTIN","md5":""}
column_size(INVALID_TYPE)	BIGINT	Aggregate	NULL	{"fid":"0","symbol":"","file":"","isolation":"isolated","type":"BUILTIN","md5":""}
column_size_combine(INVALID_TYPE)	BIGINT	Aggregate	NULL	{"fid":"0","symbol":"","file":"","isolation":"isolated","type":"BUILTIN","md5":""}
column_size_if(INVALID_TYPE,BOOLEAN)	BIGINT	Aggregate	NULL	{"fid":"0","symbol":"","file":"","isolation":"isolated","type":"BUILTIN","md5":""}
column_size_merge(BIGINT)	BIGINT	Aggregate	NULL	{"fid":"0","symbol":"","file":"","isolation":"isolated","type":"BUILTIN","md5":""}
column_size_state(INVALID_TYPE)	BIGINT	Scalar	NULL	{"fid":"0","symbol":"","file":"","isolation":"isolated","type":"BUILTIN","md5":""}
column_size_state_merge(BIGINT)	BIGINT	Scalar	NULL	{"fid":"0","symbol":"","file":"","isolation":"isolated","type":"BUILTIN","md5":""}
column_size_state_union(BIGINT,BIGINT)	BIGINT	Scalar	NULL	{"fid":"0","symbol":"","file":"","isolation":"isolated","type":"BUILTIN","md5":""}
column_size_union(BIGINT)	BIGINT	Aggregate	NULL	{"fid":"0","symbol":"","file":"","isolation":"isolated","type":"BUILTIN","md5":""}
concat(VARCHAR, ...)	VARCHAR	Scalar	NULL	{"fid":"30250","symbol":"","file":"","isolation":"isolated","type":"BUILTIN","md5":""}
concat_ws(VARCHAR,INVALID_TYPE)	VARCHAR	Scalar	NULL	{"fid":"30261","symbol":"","file":"","isolation":"isolated","type":"BUILTIN","md5":""}
concat_ws(VARCHAR,VARCHAR, ...)	VARCHAR	Scalar	NULL	{"fid":"30260","symbol":"","file":"","isolation":"isolated","type":"BUILTIN","md5":""}
conv(BIGINT,TINYINT,TINYINT)	VARCHAR	Scalar	NULL	{"fid":"10320","symbol":"","file":"","isolation":"isolated","type":"BUILTIN","md5":""}
conv(VARCHAR,TINYINT,TINYINT)	VARCHAR	Scalar	NULL	{"fid":"10321","symbol":"","file":"","isolation":"isolated","type":"BUILTIN","md5":""}
convert_tz(DATETIME,VARCHAR,VARCHAR)	DATETIME	Scalar	NULL	{"fid":"50320","symbol":"","file":"","isolation":"isolated","type":"BUILTIN","md5":""}
corr(BIGINT,BIGINT)	DOUBLE	Aggregate	VARBINARY	{"fid":"0","symbol":"","file":"","isolation":"isolated","type":"BUILTIN","md5":""}
corr(BOOLEAN,BOOLEAN)	DOUBLE	Aggregate	VARBINARY	{"fid":"0","symbol":"","file":"","isolation":"isolated","type":"BUILTIN","md5":""}
corr(DOUBLE,DOUBLE)	DOUBLE	Aggregate	VARBINARY	{"fid":"0","symbol":"","file":"","isolation":"isolated","type":"BUILTIN","md5":""}
corr(FLOAT,FLOAT)	DOUBLE	Aggregate	VARBINARY	{"fid":"0","symbol":"","file":"","isolation":"isolated","type":"BUILTIN","md5":""}
corr(INT,INT)	DOUBLE	Aggregate	VARBINARY	{"fid":"0","symbol":"","file":"","isolation":"isolated","type":"BUILTIN","md5":""}
corr(LARGEINT,LARGEINT)	DOUBLE	Aggregate	VARBINARY	{"fid":"0","symbol":"","file":"","isolation":"isolated","type":"BUILTIN","md5":""}
corr(SMALLINT,SMALLINT)	DOUBLE	Aggregate	VARBINARY	{"fid":"0","symbol":"","file":"","isolation":"isolated","type":"BUILTIN","md5":""}
corr(TINYINT,TINYINT)	DOUBLE	Aggregate	VARBINARY	{"fid":"0","symbol":"","file":"","isolation":"isolated","type":"BUILTIN","md5":""}
corr_combine(BIGINT,BIGINT)	VARBINARY	Aggregate	NULL	{"fid":"0","symbol":"","file":"","isolation":"isolated","type":"BUILTIN","md5":""}
corr_combine(BOOLEAN,BOOLEAN)	VARBINARY	Aggregate	NULL	{"fid":"0","symbol":"","file":"","isolation":"isolated","type":"BUILTIN","md5":""}
corr_combine(DOUBLE,DOUBLE)	VARBINARY	Aggregate	NULL	{"fid":"0","symbol":"","file":"","isolation":"isolated","type":"BUILTIN","md5":""}
corr_combine(FLOAT,FLOAT)	VARBINARY	Aggregate	NULL	{"fid":"0","symbol":"","file":"","isolation":"isolated","type":"BUILTIN","md5":""}
corr_combine(INT,INT)	VARBINARY	Aggregate	NULL	{"fid":"0","symbol":"","file":"","isolation":"isolated","type":"BUILTIN","md5":""}
corr_combine(LARGEINT,LARGEINT)	VARBINARY	Aggregate	NULL	{"fid":"0","symbol":"","file":"","isolation":"isolated","type":"BUILTIN","md5":""}
corr_combine(SMALLINT,SMALLINT)	VARBINARY	Aggregate	NULL	{"fid":"0","symbol":"","file":"","isolation":"isolated","type":"BUILTIN","md5":""}
corr_combine(TINYINT,TINYINT)	VARBINARY	Aggregate	NULL	{"fid":"0","symbol":"","file":"","isolation":"isolated","type":"BUILTIN","md5":""}
corr_if(BIGINT,BIGINT,BOOLEAN)	DOUBLE	Aggregate	VARBINARY	{"fid":"0","symbol":"","file":"","isolation":"isolated","type":"BUILTIN","md5":""}
corr_if(BOOLEAN,BOOLEAN,BOOLEAN)	DOUBLE	Aggregate	VARBINARY	{"fid":"0","symbol":"","file":"","isolation":"isolated","type":"BUILTIN","md5":""}
corr_if(DOUBLE,DOUBLE,BOOLEAN)	DOUBLE	Aggregate	VARBINARY	{"fid":"0","symbol":"","file":"","isolation":"isolated","type":"BUILTIN","md5":""}
corr_if(FLOAT,FLOAT,BOOLEAN)	DOUBLE	Aggregate	VARBINARY	{"fid":"0","symbol":"","file":"","isolation":"isolated","type":"BUILTIN","md5":""}
corr_if(INT,INT,BOOLEAN)	DOUBLE	Aggregate	VARBINARY	{"fid":"0","symbol":"","file":"","isolation":"isolated","type":"BUILTIN","md5":""}
corr_if(LARGEINT,LARGEINT,BOOLEAN)	DOUBLE	Aggregate	VARBINARY	{"fid":"0","symbol":"","file":"","isolation":"isolated","type":"BUILTIN","md5":""}
corr_if(SMALLINT,SMALLINT,BOOLEAN)	DOUBLE	Aggregate	VARBINARY	{"fid":"0","symbol":"","file":"","isolation":"isolated","type":"BUILTIN","md5":""}
corr_if(TINYINT,TINYINT,BOOLEAN)	DOUBLE	Aggregate	VARBINARY	{"fid":"0","symbol":"","file":"","isolation":"isolated","type":"BUILTIN","md5":""}
corr_merge(VARBINARY)	DOUBLE	Aggregate	VARBINARY	{"fid":"0","symbol":"","file":"","isolation":"isolated","type":"BUILTIN","md5":""}
corr_state(BIGINT,BIGINT)	VARBINARY	Scalar	NULL	{"fid":"0","symbol":"","file":"","isolation":"isolated","type":"BUILTIN","md5":""}
corr_state(BOOLEAN,BOOLEAN)	VARBINARY	Scalar	NULL	{"fid":"0","symbol":"","file":"","isolation":"isolated","type":"BUILTIN","md5":""}
corr_state(DOUBLE,DOUBLE)	VARBINARY	Scalar	NULL	{"fid":"0","symbol":"","file":"","isolation":"isolated","type":"BUILTIN","md5":""}
corr_state(FLOAT,FLOAT)	VARBINARY	Scalar	NULL	{"fid":"0","symbol":"","file":"","isolation":"isolated","type":"BUILTIN","md5":""}
corr_state(INT,INT)	VARBINARY	Scalar	NULL	{"fid":"0","symbol":"","file":"","isolation":"isolated","type":"BUILTIN","md5":""}
corr_state(LARGEINT,LARGEINT)	VARBINARY	Scalar	NULL	{"fid":"0","symbol":"","file":"","isolation":"isolated","type":"BUILTIN","md5":""}
corr_state(SMALLINT,SMALLINT)	VARBINARY	Scalar	NULL	{"fid":"0","symbol":"","file":"","isolation":"isolated","type":"BUILTIN","md5":""}
corr_state(TINYINT,TINYINT)	VARBINARY	Scalar	NULL	{"fid":"0","symbol":"","file":"","isolation":"isolated","type":"BUILTIN","md5":""}
corr_state_merge(VARBINARY)	DOUBLE	Scalar	NULL	{"fid":"0","symbol":"","file":"","isolation":"isolated","type":"BUILTIN","md5":""}
corr_state_union(VARBINARY,VARBINARY)	VARBINARY	Scalar	NULL	{"fid":"0","symbol":"","file":"","isolation":"isolated","type":"BUILTIN","md5":""}
corr_union(VARBINARY)	VARBINARY	Aggregate	NULL	{"fid":"0","symbol":"","file":"","isolation":"isolated","type":"BUILTIN","md5":""}
cos(DOUBLE)	DOUBLE	Scalar	NULL	{"fid":"10070","symbol":"","file":"","isolation":"isolated","type":"BUILTIN","md5":""}
cosh(DOUBLE)	DOUBLE	Scalar	NULL	{"fid":"10081","symbol":"","file":"","isolation":"isolated","type":"BUILTIN","md5":""}
cosine_similarity(INVALID_TYPE,INVALID_TYPE)	FLOAT	Scalar	NULL	{"fid":"10102","symbol":"","file":"","isolation":"isolated","type":"BUILTIN","md5":""}
cosine_similarity_norm(INVALID_TYPE,INVALID_TYPE)	FLOAT	Scalar	NULL	{"fid":"10103","symbol":"","file":"","isolation":"isolated","type":"BUILTIN","md5":""}
cot(DOUBLE)	DOUBLE	Scalar	NULL	{"fid":"10225","symbol":"","file":"","isolation":"isolated","type":"BUILTIN","md5":""}
count()	BIGINT	Aggregate	NULL	{"fid":"0","symbol":"","file":"","isolation":"isolated","type":"BUILTIN","md5":""}
count(BIGINT)	BIGINT	Aggregate	NULL	{"fid":"0","symbol":"","file":"","isolation":"isolated","type":"BUILTIN","md5":""}
count(BITMAP)	BIGINT	Aggregate	NULL	{"fid":"0","symbol":"","file":"","isolation":"isolated","type":"BUILTIN","md5":""}
count(BOOLEAN)	BIGINT	Aggregate	NULL	{"fid":"0","symbol":"","file":"","isolation":"isolated","type":"BUILTIN","md5":""}
count(DATE)	BIGINT	Aggregate	NULL	{"fid":"0","symbol":"","file":"","isolation":"isolated","type":"BUILTIN","md5":""}
count(DATETIME)	BIGINT	Aggregate	NULL	{"fid":"0","symbol":"","file":"","isolation":"isolated","type":"BUILTIN","md5":""}
count(DECIMAL128)	BIGINT	Aggregate	NULL	{"fid":"0","symbol":"","file":"","isolation":"isolated","type":"BUILTIN","md5":""}
count(DECIMAL256)	BIGINT	Aggregate	NULL	{"fid":"0","symbol":"","file":"","isolation":"isolated","type":"BUILTIN","md5":""}
count(DECIMAL32)	BIGINT	Aggregate	NULL	{"fid":"0","symbol":"","file":"","isolation":"isolated","type":"BUILTIN","md5":""}
count(DECIMAL64)	BIGINT	Aggregate	NULL	{"fid":"0","symbol":"","file":"","isolation":"isolated","type":"BUILTIN","md5":""}
count(DECIMALV2)	BIGINT	Aggregate	NULL	{"fid":"0","symbol":"","file":"","isolation":"isolated","type":"BUILTIN","md5":""}
count(DOUBLE)	BIGINT	Aggregate	NULL	{"fid":"0","symbol":"","file":"","isolation":"isolated","type":"BUILTIN","md5":""}
count(FLOAT)	BIGINT	Aggregate	NULL	{"fid":"0","symbol":"","file":"","isolation":"isolated","type":"BUILTIN","md5":""}
count(HLL)	BIGINT	Aggregate	NULL	{"fid":"0","symbol":"","file":"","isolation":"isolated","type":"BUILTIN","md5":""}
count(INT)	BIGINT	Aggregate	NULL	{"fid":"0","symbol":"","file":"","isolation":"isolated","type":"BUILTIN","md5":""}
count(INVALID_TYPE)	BIGINT	Aggregate	NULL	{"fid":"0","symbol":"","file":"","isolation":"isolated","type":"BUILTIN","md5":""}
count(JSON)	BIGINT	Aggregate	NULL	{"fid":"0","symbol":"","file":"","isolation":"isolated","type":"BUILTIN","md5":""}
count(LARGEINT)	BIGINT	Aggregate	NULL	{"fid":"0","symbol":"","file":"","isolation":"isolated","type":"BUILTIN","md5":""}
count(PERCENTILE)	BIGINT	Aggregate	NULL	{"fid":"0","symbol":"","file":"","isolation":"isolated","type":"BUILTIN","md5":""}
count(SMALLINT)	BIGINT	Aggregate	NULL	{"fid":"0","symbol":"","file":"","isolation":"isolated","type":"BUILTIN","md5":""}
count(TIME)	BIGINT	Aggregate	NULL	{"fid":"0","symbol":"","file":"","isolation":"isolated","type":"BUILTIN","md5":""}
count(TINYINT)	BIGINT	Aggregate	NULL	{"fid":"0","symbol":"","file":"","isolation":"isolated","type":"BUILTIN","md5":""}
count(UNKNOWN_TYPE)	BIGINT	Aggregate	NULL	{"fid":"0","symbol":"","file":"","isolation":"isolated","type":"BUILTIN","md5":""}
count(VARBINARY)	BIGINT	Aggregate	NULL	{"fid":"0","symbol":"","file":"","isolation":"isolated","type":"BUILTIN","md5":""}
count(VARCHAR)	BIGINT	Aggregate	NULL	{"fid":"0","symbol":"","file":"","isolation":"isolated","type":"BUILTIN","md5":""}
count_combine()	BIGINT	Aggregate	NULL	{"fid":"0","symbol":"","file":"","isolation":"isolated","type":"BUILTIN","md5":""}
count_combine(BIGINT)	BIGINT	Aggregate	NULL	{"fid":"0","symbol":"","file":"","isolation":"isolated","type":"BUILTIN","md5":""}
count_combine(BOOLEAN)	BIGINT	Aggregate	NULL	{"fid":"0","symbol":"","file":"","isolation":"isolated","type":"BUILTIN","md5":""}
count_combine(DATE)	BIGINT	Aggregate	NULL	{"fid":"0","symbol":"","file":"","isolation":"isolated","type":"BUILTIN","md5":""}
count_combine(DATETIME)	BIGINT	Aggregate	NULL	{"fid":"0","symbol":"","file":"","isolation":"isolated","type":"BUILTIN","md5":""}
count_combine(DECIMAL128)	BIGINT	Aggregate	NULL	{"fid":"0","symbol":"","file":"","isolation":"isolated","type":"BUILTIN","md5":""}
count_combine(DECIMAL256)	BIGINT	Aggregate	NULL	{"fid":"0","symbol":"","file":"","isolation":"isolated","type":"BUILTIN","md5":""}
count_combine(DECIMAL32)	BIGINT	Aggregate	NULL	{"fid":"0","symbol":"","file":"","isolation":"isolated","type":"BUILTIN","md5":""}
count_combine(DECIMAL64)	BIGINT	Aggregate	NULL	{"fid":"0","symbol":"","file":"","isolation":"isolated","type":"BUILTIN","md5":""}
count_combine(DOUBLE)	BIGINT	Aggregate	NULL	{"fid":"0","symbol":"","file":"","isolation":"isolated","type":"BUILTIN","md5":""}
count_combine(FLOAT)	BIGINT	Aggregate	NULL	{"fid":"0","symbol":"","file":"","isolation":"isolated","type":"BUILTIN","md5":""}
count_combine(INT)	BIGINT	Aggregate	NULL	{"fid":"0","symbol":"","file":"","isolation":"isolated","type":"BUILTIN","md5":""}
count_combine(INVALID_TYPE)	BIGINT	Aggregate	NULL	{"fid":"0","symbol":"","file":"","isolation":"isolated","type":"BUILTIN","md5":""}
count_combine(JSON)	BIGINT	Aggregate	NULL	{"fid":"0","symbol":"","file":"","isolation":"isolated","type":"BUILTIN","md5":""}
count_combine(LARGEINT)	BIGINT	Aggregate	NULL	{"fid":"0","symbol":"","file":"","isolation":"isolated","type":"BUILTIN","md5":""}
count_combine(SMALLINT)	BIGINT	Aggregate	NULL	{"fid":"0","symbol":"","file":"","isolation":"isolated","type":"BUILTIN","md5":""}
count_combine(TINYINT)	BIGINT	Aggregate	NULL	{"fid":"0","symbol":"","file":"","isolation":"isolated","type":"BUILTIN","md5":""}
count_combine(VARBINARY)	BIGINT	Aggregate	NULL	{"fid":"0","symbol":"","file":"","isolation":"isolated","type":"BUILTIN","md5":""}
count_combine(VARCHAR)	BIGINT	Aggregate	NULL	{"fid":"0","symbol":"","file":"","isolation":"isolated","type":"BUILTIN","md5":""}
count_if(BIGINT,BOOLEAN)	BIGINT	Aggregate	NULL	{"fid":"0","symbol":"","file":"","isolation":"isolated","type":"BUILTIN","md5":""}
count_if(BOOLEAN)	BIGINT	Aggregate	NULL	{"fid":"0","symbol":"","file":"","isolation":"isolated","type":"BUILTIN","md5":""}
count_if(BOOLEAN,BOOLEAN)	BIGINT	Aggregate	NULL	{"fid":"0","symbol":"","file":"","isolation":"isolated","type":"BUILTIN","md5":""}
count_if(DATE,BOOLEAN)	BIGINT	Aggregate	NULL	{"fid":"0","symbol":"","file":"","isolation":"isolated","type":"BUILTIN","md5":""}
count_if(DATETIME,BOOLEAN)	BIGINT	Aggregate	NULL	{"fid":"0","symbol":"","file":"","isolation":"isolated","type":"BUILTIN","md5":""}
count_if(DECIMAL128,BOOLEAN)	BIGINT	Aggregate	NULL	{"fid":"0","symbol":"","file":"","isolation":"isolated","type":"BUILTIN","md5":""}
count_if(DECIMAL256,BOOLEAN)	BIGINT	Aggregate	NULL	{"fid":"0","symbol":"","file":"","isolation":"isolated","type":"BUILTIN","md5":""}
count_if(DECIMAL32,BOOLEAN)	BIGINT	Aggregate	NULL	{"fid":"0","symbol":"","file":"","isolation":"isolated","type":"BUILTIN","md5":""}
count_if(DECIMAL64,BOOLEAN)	BIGINT	Aggregate	NULL	{"fid":"0","symbol":"","file":"","isolation":"isolated","type":"BUILTIN","md5":""}
count_if(DOUBLE,BOOLEAN)	BIGINT	Aggregate	NULL	{"fid":"0","symbol":"","file":"","isolation":"isolated","type":"BUILTIN","md5":""}
count_if(FLOAT,BOOLEAN)	BIGINT	Aggregate	NULL	{"fid":"0","symbol":"","file":"","isolation":"isolated","type":"BUILTIN","md5":""}
count_if(INT,BOOLEAN)	BIGINT	Aggregate	NULL	{"fid":"0","symbol":"","file":"","isolation":"isolated","type":"BUILTIN","md5":""}
count_if(INVALID_TYPE,BOOLEAN)	BIGINT	Aggregate	NULL	{"fid":"0","symbol":"","file":"","isolation":"isolated","type":"BUILTIN","md5":""}
count_if(JSON,BOOLEAN)	BIGINT	Aggregate	NULL	{"fid":"0","symbol":"","file":"","isolation":"isolated","type":"BUILTIN","md5":""}
count_if(LARGEINT,BOOLEAN)	BIGINT	Aggregate	NULL	{"fid":"0","symbol":"","file":"","isolation":"isolated","type":"BUILTIN","md5":""}
count_if(SMALLINT,BOOLEAN)	BIGINT	Aggregate	NULL	{"fid":"0","symbol":"","file":"","isolation":"isolated","type":"BUILTIN","md5":""}
count_if(TINYINT,BOOLEAN)	BIGINT	Aggregate	NULL	{"fid":"0","symbol":"","file":"","isolation":"isolated","type":"BUILTIN","md5":""}
count_if(VARBINARY,BOOLEAN)	BIGINT	Aggregate	NULL	{"fid":"0","symbol":"","file":"","isolation":"isolated","type":"BUILTIN","md5":""}
count_if(VARCHAR,BOOLEAN)	BIGINT	Aggregate	NULL	{"fid":"0","symbol":"","file":"","isolation":"isolated","type":"BUILTIN","md5":""}
count_merge(BIGINT)	BIGINT	Aggregate	NULL	{"fid":"0","symbol":"","file":"","isolation":"isolated","type":"BUILTIN","md5":""}
count_state()	BIGINT	Scalar	NULL	{"fid":"0","symbol":"","file":"","isolation":"isolated","type":"BUILTIN","md5":""}
count_state(BIGINT)	BIGINT	Scalar	NULL	{"fid":"0","symbol":"","file":"","isolation":"isolated","type":"BUILTIN","md5":""}
count_state(BOOLEAN)	BIGINT	Scalar	NULL	{"fid":"0","symbol":"","file":"","isolation":"isolated","type":"BUILTIN","md5":""}
count_state(DATE)	BIGINT	Scalar	NULL	{"fid":"0","symbol":"","file":"","isolation":"isolated","type":"BUILTIN","md5":""}
count_state(DATETIME)	BIGINT	Scalar	NULL	{"fid":"0","symbol":"","file":"","isolation":"isolated","type":"BUILTIN","md5":""}
count_state(DECIMAL128)	BIGINT	Scalar	NULL	{"fid":"0","symbol":"","file":"","isolation":"isolated","type":"BUILTIN","md5":""}
count_state(DECIMAL256)	BIGINT	Scalar	NULL	{"fid":"0","symbol":"","file":"","isolation":"isolated","type":"BUILTIN","md5":""}
count_state(DECIMAL32)	BIGINT	Scalar	NULL	{"fid":"0","symbol":"","file":"","isolation":"isolated","type":"BUILTIN","md5":""}
count_state(DECIMAL64)	BIGINT	Scalar	NULL	{"fid":"0","symbol":"","file":"","isolation":"isolated","type":"BUILTIN","md5":""}
count_state(DOUBLE)	BIGINT	Scalar	NULL	{"fid":"0","symbol":"","file":"","isolation":"isolated","type":"BUILTIN","md5":""}
count_state(FLOAT)	BIGINT	Scalar	NULL	{"fid":"0","symbol":"","file":"","isolation":"isolated","type":"BUILTIN","md5":""}
count_state(INT)	BIGINT	Scalar	NULL	{"fid":"0","symbol":"","file":"","isolation":"isolated","type":"BUILTIN","md5":""}
count_state(INVALID_TYPE)	BIGINT	Scalar	NULL	{"fid":"0","symbol":"","file":"","isolation":"isolated","type":"BUILTIN","md5":""}
count_state(JSON)	BIGINT	Scalar	NULL	{"fid":"0","symbol":"","file":"","isolation":"isolated","type":"BUILTIN","md5":""}
count_state(LARGEINT)	BIGINT	Scalar	NULL	{"fid":"0","symbol":"","file":"","isolation":"isolated","type":"BUILTIN","md5":""}
count_state(SMALLINT)	BIGINT	Scalar	NULL	{"fid":"0","symbol":"","file":"","isolation":"isolated","type":"BUILTIN","md5":""}
count_state(TINYINT)	BIGINT	Scalar	NULL	{"fid":"0","symbol":"","file":"","isolation":"isolated","type":"BUILTIN","md5":""}
count_state(VARBINARY)	BIGINT	Scalar	NULL	{"fid":"0","symbol":"","file":"","isolation":"isolated","type":"BUILTIN","md5":""}
count_state(VARCHAR)	BIGINT	Scalar	NULL	{"fid":"0","symbol":"","file":"","isolation":"isolated","type":"BUILTIN","md5":""}
count_state_merge(BIGINT)	BIGINT	Scalar	NULL	{"fid":"0","symbol":"","file":"","isolation":"isolated","type":"BUILTIN","md5":""}
count_state_union(BIGINT,BIGINT)	BIGINT	Scalar	NULL	{"fid":"0","symbol":"","file":"","isolation":"isolated","type":"BUILTIN","md5":""}
count_union(BIGINT)	BIGINT	Aggregate	NULL	{"fid":"0","symbol":"","file":"","isolation":"isolated","type":"BUILTIN","md5":""}
covar_pop(BIGINT,BIGINT)	DOUBLE	Aggregate	VARBINARY	{"fid":"0","symbol":"","file":"","isolation":"isolated","type":"BUILTIN","md5":""}
covar_pop(BOOLEAN,BOOLEAN)	DOUBLE	Aggregate	VARBINARY	{"fid":"0","symbol":"","file":"","isolation":"isolated","type":"BUILTIN","md5":""}
covar_pop(DOUBLE,DOUBLE)	DOUBLE	Aggregate	VARBINARY	{"fid":"0","symbol":"","file":"","isolation":"isolated","type":"BUILTIN","md5":""}
covar_pop(FLOAT,FLOAT)	DOUBLE	Aggregate	VARBINARY	{"fid":"0","symbol":"","file":"","isolation":"isolated","type":"BUILTIN","md5":""}
covar_pop(INT,INT)	DOUBLE	Aggregate	VARBINARY	{"fid":"0","symbol":"","file":"","isolation":"isolated","type":"BUILTIN","md5":""}
covar_pop(LARGEINT,LARGEINT)	DOUBLE	Aggregate	VARBINARY	{"fid":"0","symbol":"","file":"","isolation":"isolated","type":"BUILTIN","md5":""}
covar_pop(SMALLINT,SMALLINT)	DOUBLE	Aggregate	VARBINARY	{"fid":"0","symbol":"","file":"","isolation":"isolated","type":"BUILTIN","md5":""}
covar_pop(TINYINT,TINYINT)	DOUBLE	Aggregate	VARBINARY	{"fid":"0","symbol":"","file":"","isolation":"isolated","type":"BUILTIN","md5":""}
covar_pop_combine(BIGINT,BIGINT)	VARBINARY	Aggregate	NULL	{"fid":"0","symbol":"","file":"","isolation":"isolated","type":"BUILTIN","md5":""}
covar_pop_combine(BOOLEAN,BOOLEAN)	VARBINARY	Aggregate	NULL	{"fid":"0","symbol":"","file":"","isolation":"isolated","type":"BUILTIN","md5":""}
covar_pop_combine(DOUBLE,DOUBLE)	VARBINARY	Aggregate	NULL	{"fid":"0","symbol":"","file":"","isolation":"isolated","type":"BUILTIN","md5":""}
covar_pop_combine(FLOAT,FLOAT)	VARBINARY	Aggregate	NULL	{"fid":"0","symbol":"","file":"","isolation":"isolated","type":"BUILTIN","md5":""}
covar_pop_combine(INT,INT)	VARBINARY	Aggregate	NULL	{"fid":"0","symbol":"","file":"","isolation":"isolated","type":"BUILTIN","md5":""}
covar_pop_combine(LARGEINT,LARGEINT)	VARBINARY	Aggregate	NULL	{"fid":"0","symbol":"","file":"","isolation":"isolated","type":"BUILTIN","md5":""}
covar_pop_combine(SMALLINT,SMALLINT)	VARBINARY	Aggregate	NULL	{"fid":"0","symbol":"","file":"","isolation":"isolated","type":"BUILTIN","md5":""}
covar_pop_combine(TINYINT,TINYINT)	VARBINARY	Aggregate	NULL	{"fid":"0","symbol":"","file":"","isolation":"isolated","type":"BUILTIN","md5":""}
covar_pop_if(BIGINT,BIGINT,BOOLEAN)	DOUBLE	Aggregate	VARBINARY	{"fid":"0","symbol":"","file":"","isolation":"isolated","type":"BUILTIN","md5":""}
covar_pop_if(BOOLEAN,BOOLEAN,BOOLEAN)	DOUBLE	Aggregate	VARBINARY	{"fid":"0","symbol":"","file":"","isolation":"isolated","type":"BUILTIN","md5":""}
covar_pop_if(DOUBLE,DOUBLE,BOOLEAN)	DOUBLE	Aggregate	VARBINARY	{"fid":"0","symbol":"","file":"","isolation":"isolated","type":"BUILTIN","md5":""}
covar_pop_if(FLOAT,FLOAT,BOOLEAN)	DOUBLE	Aggregate	VARBINARY	{"fid":"0","symbol":"","file":"","isolation":"isolated","type":"BUILTIN","md5":""}
covar_pop_if(INT,INT,BOOLEAN)	DOUBLE	Aggregate	VARBINARY	{"fid":"0","symbol":"","file":"","isolation":"isolated","type":"BUILTIN","md5":""}
covar_pop_if(LARGEINT,LARGEINT,BOOLEAN)	DOUBLE	Aggregate	VARBINARY	{"fid":"0","symbol":"","file":"","isolation":"isolated","type":"BUILTIN","md5":""}
covar_pop_if(SMALLINT,SMALLINT,BOOLEAN)	DOUBLE	Aggregate	VARBINARY	{"fid":"0","symbol":"","file":"","isolation":"isolated","type":"BUILTIN","md5":""}
covar_pop_if(TINYINT,TINYINT,BOOLEAN)	DOUBLE	Aggregate	VARBINARY	{"fid":"0","symbol":"","file":"","isolation":"isolated","type":"BUILTIN","md5":""}
covar_pop_merge(VARBINARY)	DOUBLE	Aggregate	VARBINARY	{"fid":"0","symbol":"","file":"","isolation":"isolated","type":"BUILTIN","md5":""}
covar_pop_state(BIGINT,BIGINT)	VARBINARY	Scalar	NULL	{"fid":"0","symbol":"","file":"","isolation":"isolated","type":"BUILTIN","md5":""}
covar_pop_state(BOOLEAN,BOOLEAN)	VARBINARY	Scalar	NULL	{"fid":"0","symbol":"","file":"","isolation":"isolated","type":"BUILTIN","md5":""}
covar_pop_state(DOUBLE,DOUBLE)	VARBINARY	Scalar	NULL	{"fid":"0","symbol":"","file":"","isolation":"isolated","type":"BUILTIN","md5":""}
covar_pop_state(FLOAT,FLOAT)	VARBINARY	Scalar	NULL	{"fid":"0","symbol":"","file":"","isolation":"isolated","type":"BUILTIN","md5":""}
covar_pop_state(INT,INT)	VARBINARY	Scalar	NULL	{"fid":"0","symbol":"","file":"","isolation":"isolated","type":"BUILTIN","md5":""}
covar_pop_state(LARGEINT,LARGEINT)	VARBINARY	Scalar	NULL	{"fid":"0","symbol":"","file":"","isolation":"isolated","type":"BUILTIN","md5":""}
covar_pop_state(SMALLINT,SMALLINT)	VARBINARY	Scalar	NULL	{"fid":"0","symbol":"","file":"","isolation":"isolated","type":"BUILTIN","md5":""}
covar_pop_state(TINYINT,TINYINT)	VARBINARY	Scalar	NULL	{"fid":"0","symbol":"","file":"","isolation":"isolated","type":"BUILTIN","md5":""}
covar_pop_state_merge(VARBINARY)	DOUBLE	Scalar	NULL	{"fid":"0","symbol":"","file":"","isolation":"isolated","type":"BUILTIN","md5":""}
covar_pop_state_union(VARBINARY,VARBINARY)	VARBINARY	Scalar	NULL	{"fid":"0","symbol":"","file":"","isolation":"isolated","type":"BUILTIN","md5":""}
covar_pop_union(VARBINARY)	VARBINARY	Aggregate	NULL	{"fid":"0","symbol":"","file":"","isolation":"isolated","type":"BUILTIN","md5":""}
covar_samp(BIGINT,BIGINT)	DOUBLE	Aggregate	VARBINARY	{"fid":"0","symbol":"","file":"","isolation":"isolated","type":"BUILTIN","md5":""}
covar_samp(BOOLEAN,BOOLEAN)	DOUBLE	Aggregate	VARBINARY	{"fid":"0","symbol":"","file":"","isolation":"isolated","type":"BUILTIN","md5":""}
covar_samp(DOUBLE,DOUBLE)	DOUBLE	Aggregate	VARBINARY	{"fid":"0","symbol":"","file":"","isolation":"isolated","type":"BUILTIN","md5":""}
covar_samp(FLOAT,FLOAT)	DOUBLE	Aggregate	VARBINARY	{"fid":"0","symbol":"","file":"","isolation":"isolated","type":"BUILTIN","md5":""}
covar_samp(INT,INT)	DOUBLE	Aggregate	VARBINARY	{"fid":"0","symbol":"","file":"","isolation":"isolated","type":"BUILTIN","md5":""}
covar_samp(LARGEINT,LARGEINT)	DOUBLE	Aggregate	VARBINARY	{"fid":"0","symbol":"","file":"","isolation":"isolated","type":"BUILTIN","md5":""}
covar_samp(SMALLINT,SMALLINT)	DOUBLE	Aggregate	VARBINARY	{"fid":"0","symbol":"","file":"","isolation":"isolated","type":"BUILTIN","md5":""}
covar_samp(TINYINT,TINYINT)	DOUBLE	Aggregate	VARBINARY	{"fid":"0","symbol":"","file":"","isolation":"isolated","type":"BUILTIN","md5":""}
covar_samp_combine(BIGINT,BIGINT)	VARBINARY	Aggregate	NULL	{"fid":"0","symbol":"","file":"","isolation":"isolated","type":"BUILTIN","md5":""}
covar_samp_combine(BOOLEAN,BOOLEAN)	VARBINARY	Aggregate	NULL	{"fid":"0","symbol":"","file":"","isolation":"isolated","type":"BUILTIN","md5":""}
covar_samp_combine(DOUBLE,DOUBLE)	VARBINARY	Aggregate	NULL	{"fid":"0","symbol":"","file":"","isolation":"isolated","type":"BUILTIN","md5":""}
covar_samp_combine(FLOAT,FLOAT)	VARBINARY	Aggregate	NULL	{"fid":"0","symbol":"","file":"","isolation":"isolated","type":"BUILTIN","md5":""}
covar_samp_combine(INT,INT)	VARBINARY	Aggregate	NULL	{"fid":"0","symbol":"","file":"","isolation":"isolated","type":"BUILTIN","md5":""}
covar_samp_combine(LARGEINT,LARGEINT)	VARBINARY	Aggregate	NULL	{"fid":"0","symbol":"","file":"","isolation":"isolated","type":"BUILTIN","md5":""}
covar_samp_combine(SMALLINT,SMALLINT)	VARBINARY	Aggregate	NULL	{"fid":"0","symbol":"","file":"","isolation":"isolated","type":"BUILTIN","md5":""}
covar_samp_combine(TINYINT,TINYINT)	VARBINARY	Aggregate	NULL	{"fid":"0","symbol":"","file":"","isolation":"isolated","type":"BUILTIN","md5":""}
covar_samp_if(BIGINT,BIGINT,BOOLEAN)	DOUBLE	Aggregate	VARBINARY	{"fid":"0","symbol":"","file":"","isolation":"isolated","type":"BUILTIN","md5":""}
covar_samp_if(BOOLEAN,BOOLEAN,BOOLEAN)	DOUBLE	Aggregate	VARBINARY	{"fid":"0","symbol":"","file":"","isolation":"isolated","type":"BUILTIN","md5":""}
covar_samp_if(DOUBLE,DOUBLE,BOOLEAN)	DOUBLE	Aggregate	VARBINARY	{"fid":"0","symbol":"","file":"","isolation":"isolated","type":"BUILTIN","md5":""}
covar_samp_if(FLOAT,FLOAT,BOOLEAN)	DOUBLE	Aggregate	VARBINARY	{"fid":"0","symbol":"","file":"","isolation":"isolated","type":"BUILTIN","md5":""}
covar_samp_if(INT,INT,BOOLEAN)	DOUBLE	Aggregate	VARBINARY	{"fid":"0","symbol":"","file":"","isolation":"isolated","type":"BUILTIN","md5":""}
covar_samp_if(LARGEINT,LARGEINT,BOOLEAN)	DOUBLE	Aggregate	VARBINARY	{"fid":"0","symbol":"","file":"","isolation":"isolated","type":"BUILTIN","md5":""}
covar_samp_if(SMALLINT,SMALLINT,BOOLEAN)	DOUBLE	Aggregate	VARBINARY	{"fid":"0","symbol":"","file":"","isolation":"isolated","type":"BUILTIN","md5":""}
covar_samp_if(TINYINT,TINYINT,BOOLEAN)	DOUBLE	Aggregate	VARBINARY	{"fid":"0","symbol":"","file":"","isolation":"isolated","type":"BUILTIN","md5":""}
covar_samp_merge(VARBINARY)	DOUBLE	Aggregate	VARBINARY	{"fid":"0","symbol":"","file":"","isolation":"isolated","type":"BUILTIN","md5":""}
covar_samp_state(BIGINT,BIGINT)	VARBINARY	Scalar	NULL	{"fid":"0","symbol":"","file":"","isolation":"isolated","type":"BUILTIN","md5":""}
covar_samp_state(BOOLEAN,BOOLEAN)	VARBINARY	Scalar	NULL	{"fid":"0","symbol":"","file":"","isolation":"isolated","type":"BUILTIN","md5":""}
covar_samp_state(DOUBLE,DOUBLE)	VARBINARY	Scalar	NULL	{"fid":"0","symbol":"","file":"","isolation":"isolated","type":"BUILTIN","md5":""}
covar_samp_state(FLOAT,FLOAT)	VARBINARY	Scalar	NULL	{"fid":"0","symbol":"","file":"","isolation":"isolated","type":"BUILTIN","md5":""}
covar_samp_state(INT,INT)	VARBINARY	Scalar	NULL	{"fid":"0","symbol":"","file":"","isolation":"isolated","type":"BUILTIN","md5":""}
covar_samp_state(LARGEINT,LARGEINT)	VARBINARY	Scalar	NULL	{"fid":"0","symbol":"","file":"","isolation":"isolated","type":"BUILTIN","md5":""}
covar_samp_state(SMALLINT,SMALLINT)	VARBINARY	Scalar	NULL	{"fid":"0","symbol":"","file":"","isolation":"isolated","type":"BUILTIN","md5":""}
covar_samp_state(TINYINT,TINYINT)	VARBINARY	Scalar	NULL	{"fid":"0","symbol":"","file":"","isolation":"isolated","type":"BUILTIN","md5":""}
covar_samp_state_merge(VARBINARY)	DOUBLE	Scalar	NULL	{"fid":"0","symbol":"","file":"","isolation":"isolated","type":"BUILTIN","md5":""}
covar_samp_state_union(VARBINARY,VARBINARY)	VARBINARY	Scalar	NULL	{"fid":"0","symbol":"","file":"","isolation":"isolated","type":"BUILTIN","md5":""}
covar_samp_union(VARBINARY)	VARBINARY	Aggregate	NULL	{"fid":"0","symbol":"","file":"","isolation":"isolated","type":"BUILTIN","md5":""}
crc32(VARCHAR)	BIGINT	Scalar	NULL	{"fid":"30431","symbol":"","file":"","isolation":"isolated","type":"BUILTIN","md5":""}
crc32_hash(INVALID_TYPE)	BIGINT	Scalar	NULL	{"fid":"100023","symbol":"","file":"","isolation":"isolated","type":"BUILTIN","md5":""}
cume_dist()	DOUBLE	Aggregate	VARBINARY	{"fid":"0","symbol":"","file":"","isolation":"isolated","type":"BUILTIN","md5":""}
curdate()	DATE	Scalar	NULL	{"fid":"50220","symbol":"","file":"","isolation":"isolated","type":"BUILTIN","md5":""}
current_date()	DATE	Scalar	NULL	{"fid":"50221","symbol":"","file":"","isolation":"isolated","type":"BUILTIN","md5":""}
current_time()	TIME	Scalar	NULL	{"fid":"50211","symbol":"","file":"","isolation":"isolated","type":"BUILTIN","md5":""}
current_timestamp()	DATETIME	Scalar	NULL	{"fid":"50201","symbol":"","file":"","isolation":"isolated","type":"BUILTIN","md5":""}
current_timestamp(INT)	DATETIME	Scalar	NULL	{"fid":"50205","symbol":"","file":"","isolation":"isolated","type":"BUILTIN","md5":""}
current_timezone()	VARCHAR	Scalar	NULL	{"fid":"50321","symbol":"","file":"","isolation":"isolated","type":"BUILTIN","md5":""}
current_version()	VARCHAR	Scalar	NULL	{"fid":"100013","symbol":"","file":"","isolation":"isolated","type":"BUILTIN","md5":""}
curtime()	TIME	Scalar	NULL	{"fid":"50210","symbol":"","file":"","isolation":"isolated","type":"BUILTIN","md5":""}
date(DATETIME)	DATE	Scalar	NULL	{"fid":"50051","symbol":"","file":"","isolation":"isolated","type":"BUILTIN","md5":""}
date_add(DATETIME,INT)	DATETIME	Scalar	NULL	{"fid":"50142","symbol":"","file":"","isolation":"isolated","type":"BUILTIN","md5":""}
date_diff(VARCHAR,DATETIME,DATETIME)	BIGINT	Scalar	NULL	{"fid":"50199","symbol":"","file":"","isolation":"isolated","type":"BUILTIN","md5":""}
date_format(DATE,VARCHAR)	VARCHAR	Scalar	NULL	{"fid":"50242","symbol":"","file":"","isolation":"isolated","type":"BUILTIN","md5":""}
date_format(DATETIME,VARCHAR)	VARCHAR	Scalar	NULL	{"fid":"50241","symbol":"","file":"","isolation":"isolated","type":"BUILTIN","md5":""}
date_slice(DATE,INT,VARCHAR)	DATE	Scalar	NULL	{"fid":"50370","symbol":"","file":"","isolation":"isolated","type":"BUILTIN","md5":""}
date_slice(DATE,INT,VARCHAR,VARCHAR)	DATE	Scalar	NULL	{"fid":"50371","symbol":"","file":"","isolation":"isolated","type":"BUILTIN","md5":""}
date_sub(DATETIME,INT)	DATETIME	Scalar	NULL	{"fid":"50143","symbol":"","file":"","isolation":"isolated","type":"BUILTIN","md5":""}
date_trunc(VARCHAR,DATE)	DATE	Scalar	NULL	{"fid":"50350","symbol":"","file":"","isolation":"isolated","type":"BUILTIN","md5":""}
date_trunc(VARCHAR,DATETIME)	DATETIME	Scalar	NULL	{"fid":"50340","symbol":"","file":"","isolation":"isolated","type":"BUILTIN","md5":""}
datediff(DATETIME,DATETIME)	INT	Scalar	NULL	{"fid":"50197","symbol":"","file":"","isolation":"isolated","type":"BUILTIN","md5":""}
day(DATE)	TINYINT	Scalar	NULL	{"fid":"50057","symbol":"","file":"","isolation":"isolated","type":"BUILTIN","md5":""}
day(DATETIME)	TINYINT	Scalar	NULL	{"fid":"50058","symbol":"","file":"","isolation":"isolated","type":"BUILTIN","md5":""}
dayname(DATETIME)	VARCHAR	Scalar	NULL	{"fid":"50310","symbol":"","file":"","isolation":"isolated","type":"BUILTIN","md5":""}
dayofmonth(DATETIME)	TINYINT	Scalar	NULL	{"fid":"50059","symbol":"","file":"","isolation":"isolated","type":"BUILTIN","md5":""}
dayofweek(DATETIME)	INT	Scalar	NULL	{"fid":"50040","symbol":"","file":"","isolation":"isolated","type":"BUILTIN","md5":""}
dayofweek_iso(DATETIME)	INT	Scalar	NULL	{"fid":"50041","symbol":"","file":"","isolation":"isolated","type":"BUILTIN","md5":""}
dayofyear(DATETIME)	INT	Scalar	NULL	{"fid":"50062","symbol":"","file":"","isolation":"isolated","type":"BUILTIN","md5":""}
days_add(DATETIME,INT)	DATETIME	Scalar	NULL	{"fid":"50140","symbol":"","file":"","isolation":"isolated","type":"BUILTIN","md5":""}
days_diff(DATETIME,DATETIME)	BIGINT	Scalar	NULL	{"fid":"50193","symbol":"","file":"","isolation":"isolated","type":"BUILTIN","md5":""}
days_sub(DATETIME,INT)	DATETIME	Scalar	NULL	{"fid":"50141","symbol":"","file":"","isolation":"isolated","type":"BUILTIN","md5":""}
dceil(DOUBLE)	BIGINT	Scalar	NULL	{"fid":"10112","symbol":"","file":"","isolation":"isolated","type":"BUILTIN","md5":""}
degrees(DOUBLE)	DOUBLE	Scalar	NULL	{"fid":"10200","symbol":"","file":"","isolation":"isolated","type":"BUILTIN","md5":""}
dense_rank()	BIGINT	Aggregate	VARBINARY	{"fid":"0","symbol":"","file":"","isolation":"isolated","type":"BUILTIN","md5":""}
dexp(DOUBLE)	DOUBLE	Scalar	NULL	{"fid":"10181","symbol":"","file":"","isolation":"isolated","type":"BUILTIN","md5":""}
dfloor(DOUBLE)	BIGINT	Scalar	NULL	{"fid":"10121","symbol":"","file":"","isolation":"isolated","type":"BUILTIN","md5":""}
dict_merge(INVALID_TYPE,INT)	VARCHAR	Aggregate	NULL	{"fid":"0","symbol":"","file":"","isolation":"isolated","type":"BUILTIN","md5":""}
dict_merge(VARCHAR,INT)	VARCHAR	Aggregate	NULL	{"fid":"0","symbol":"","file":"","isolation":"isolated","type":"BUILTIN","md5":""}
distinct_map_keys(INVALID_TYPE)	INVALID_TYPE	Scalar	NULL	{"fid":"170006","symbol":"","file":"","isolation":"isolated","type":"BUILTIN","md5":""}
divide(DECIMAL128,DECIMAL128)	DECIMAL128	Scalar	NULL	{"fid":"0","symbol":"","file":"","isolation":"isolated","type":"BUILTIN","md5":""}
divide(DECIMAL256,DECIMAL256)	DECIMAL256	Scalar	NULL	{"fid":"0","symbol":"","file":"","isolation":"isolated","type":"BUILTIN","md5":""}
divide(DECIMAL32,DECIMAL32)	DECIMAL32	Scalar	NULL	{"fid":"0","symbol":"","file":"","isolation":"isolated","type":"BUILTIN","md5":""}
divide(DECIMAL64,DECIMAL64)	DECIMAL64	Scalar	NULL	{"fid":"0","symbol":"","file":"","isolation":"isolated","type":"BUILTIN","md5":""}
divide(DECIMALV2,DECIMALV2)	DECIMALV2	Scalar	NULL	{"fid":"0","symbol":"","file":"","isolation":"isolated","type":"BUILTIN","md5":""}
divide(DOUBLE,DOUBLE)	DOUBLE	Scalar	NULL	{"fid":"0","symbol":"","file":"","isolation":"isolated","type":"BUILTIN","md5":""}
dlog1(DOUBLE)	DOUBLE	Scalar	NULL	{"fid":"10141","symbol":"","file":"","isolation":"isolated","type":"BUILTIN","md5":""}
dlog10(DOUBLE)	DOUBLE	Scalar	NULL	{"fid":"10171","symbol":"","file":"","isolation":"isolated","type":"BUILTIN","md5":""}
dpow(DOUBLE,DOUBLE)	DOUBLE	Scalar	NULL	{"fid":"10222","symbol":"","file":"","isolation":"isolated","type":"BUILTIN","md5":""}
dround(DECIMAL128)	DECIMAL128	Scalar	NULL	{"fid":"10125","symbol":"","file":"","isolation":"isolated","type":"BUILTIN","md5":""}
dround(DECIMAL128,INT)	DECIMAL128	Scalar	NULL	{"fid":"10126","symbol":"","file":"","isolation":"isolated","type":"BUILTIN","md5":""}
dround(DOUBLE)	BIGINT	Scalar	NULL	{"fid":"10131","symbol":"","file":"","isolation":"isolated","type":"BUILTIN","md5":""}
dround(DOUBLE,INT)	DOUBLE	Scalar	NULL	{"fid":"10133","symbol":"","file":"","isolation":"isolated","type":"BUILTIN","md5":""}
ds_hll_accumulate(BIGINT)	VARBINARY	Aggregate	NULL	{"fid":"0","symbol":"","file":"","isolation":"isolated","type":"BUILTIN","md5":""}
ds_hll_accumulate(BIGINT,INT)	VARBINARY	Aggregate	NULL	{"fid":"0","symbol":"","file":"","isolation":"isolated","type":"BUILTIN","md5":""}
ds_hll_accumulate(BIGINT,INT,VARCHAR)	VARBINARY	Aggregate	NULL	{"fid":"0","symbol":"","file":"","isolation":"isolated","type":"BUILTIN","md5":""}
ds_hll_accumulate(BITMAP)	VARBINARY	Aggregate	NULL	{"fid":"0","symbol":"","file":"","isolation":"isolated","type":"BUILTIN","md5":""}
ds_hll_accumulate(BITMAP,INT)	VARBINARY	Aggregate	NULL	{"fid":"0","symbol":"","file":"","isolation":"isolated","type":"BUILTIN","md5":""}
ds_hll_accumulate(BITMAP,INT,VARCHAR)	VARBINARY	Aggregate	NULL	{"fid":"0","symbol":"","file":"","isolation":"isolated","type":"BUILTIN","md5":""}
ds_hll_accumulate(BOOLEAN)	VARBINARY	Aggregate	NULL	{"fid":"0","symbol":"","file":"","isolation":"isolated","type":"BUILTIN","md5":""}
ds_hll_accumulate(BOOLEAN,INT)	VARBINARY	Aggregate	NULL	{"fid":"0","symbol":"","file":"","isolation":"isolated","type":"BUILTIN","md5":""}
ds_hll_accumulate(BOOLEAN,INT,VARCHAR)	VARBINARY	Aggregate	NULL	{"fid":"0","symbol":"","file":"","isolation":"isolated","type":"BUILTIN","md5":""}
ds_hll_accumulate(DATE)	VARBINARY	Aggregate	NULL	{"fid":"0","symbol":"","file":"","isolation":"isolated","type":"BUILTIN","md5":""}
ds_hll_accumulate(DATE,INT)	VARBINARY	Aggregate	NULL	{"fid":"0","symbol":"","file":"","isolation":"isolated","type":"BUILTIN","md5":""}
ds_hll_accumulate(DATE,INT,VARCHAR)	VARBINARY	Aggregate	NULL	{"fid":"0","symbol":"","file":"","isolation":"isolated","type":"BUILTIN","md5":""}
ds_hll_accumulate(DATETIME)	VARBINARY	Aggregate	NULL	{"fid":"0","symbol":"","file":"","isolation":"isolated","type":"BUILTIN","md5":""}
ds_hll_accumulate(DATETIME,INT)	VARBINARY	Aggregate	NULL	{"fid":"0","symbol":"","file":"","isolation":"isolated","type":"BUILTIN","md5":""}
ds_hll_accumulate(DATETIME,INT,VARCHAR)	VARBINARY	Aggregate	NULL	{"fid":"0","symbol":"","file":"","isolation":"isolated","type":"BUILTIN","md5":""}
ds_hll_accumulate(DECIMAL128)	VARBINARY	Aggregate	NULL	{"fid":"0","symbol":"","file":"","isolation":"isolated","type":"BUILTIN","md5":""}
ds_hll_accumulate(DECIMAL128,INT)	VARBINARY	Aggregate	NULL	{"fid":"0","symbol":"","file":"","isolation":"isolated","type":"BUILTIN","md5":""}
ds_hll_accumulate(DECIMAL128,INT,VARCHAR)	VARBINARY	Aggregate	NULL	{"fid":"0","symbol":"","file":"","isolation":"isolated","type":"BUILTIN","md5":""}
ds_hll_accumulate(DECIMAL256)	VARBINARY	Aggregate	NULL	{"fid":"0","symbol":"","file":"","isolation":"isolated","type":"BUILTIN","md5":""}
ds_hll_accumulate(DECIMAL256,INT)	VARBINARY	Aggregate	NULL	{"fid":"0","symbol":"","file":"","isolation":"isolated","type":"BUILTIN","md5":""}
ds_hll_accumulate(DECIMAL256,INT,VARCHAR)	VARBINARY	Aggregate	NULL	{"fid":"0","symbol":"","file":"","isolation":"isolated","type":"BUILTIN","md5":""}
ds_hll_accumulate(DECIMAL32)	VARBINARY	Aggregate	NULL	{"fid":"0","symbol":"","file":"","isolation":"isolated","type":"BUILTIN","md5":""}
ds_hll_accumulate(DECIMAL32,INT)	VARBINARY	Aggregate	NULL	{"fid":"0","symbol":"","file":"","isolation":"isolated","type":"BUILTIN","md5":""}
ds_hll_accumulate(DECIMAL32,INT,VARCHAR)	VARBINARY	Aggregate	NULL	{"fid":"0","symbol":"","file":"","isolation":"isolated","type":"BUILTIN","md5":""}
ds_hll_accumulate(DECIMAL64)	VARBINARY	Aggregate	NULL	{"fid":"0","symbol":"","file":"","isolation":"isolated","type":"BUILTIN","md5":""}
ds_hll_accumulate(DECIMAL64,INT)	VARBINARY	Aggregate	NULL	{"fid":"0","symbol":"","file":"","isolation":"isolated","type":"BUILTIN","md5":""}
ds_hll_accumulate(DECIMAL64,INT,VARCHAR)	VARBINARY	Aggregate	NULL	{"fid":"0","symbol":"","file":"","isolation":"isolated","type":"BUILTIN","md5":""}
ds_hll_accumulate(DECIMALV2)	VARBINARY	Aggregate	NULL	{"fid":"0","symbol":"","file":"","isolation":"isolated","type":"BUILTIN","md5":""}
ds_hll_accumulate(DECIMALV2,INT)	VARBINARY	Aggregate	NULL	{"fid":"0","symbol":"","file":"","isolation":"isolated","type":"BUILTIN","md5":""}
ds_hll_accumulate(DECIMALV2,INT,VARCHAR)	VARBINARY	Aggregate	NULL	{"fid":"0","symbol":"","file":"","isolation":"isolated","type":"BUILTIN","md5":""}
ds_hll_accumulate(DOUBLE)	VARBINARY	Aggregate	NULL	{"fid":"0","symbol":"","file":"","isolation":"isolated","type":"BUILTIN","md5":""}
ds_hll_accumulate(DOUBLE,INT)	VARBINARY	Aggregate	NULL	{"fid":"0","symbol":"","file":"","isolation":"isolated","type":"BUILTIN","md5":""}
ds_hll_accumulate(DOUBLE,INT,VARCHAR)	VARBINARY	Aggregate	NULL	{"fid":"0","symbol":"","file":"","isolation":"isolated","type":"BUILTIN","md5":""}
ds_hll_accumulate(FLOAT)	VARBINARY	Aggregate	NULL	{"fid":"0","symbol":"","file":"","isolation":"isolated","type":"BUILTIN","md5":""}
ds_hll_accumulate(FLOAT,INT)	VARBINARY	Aggregate	NULL	{"fid":"0","symbol":"","file":"","isolation":"isolated","type":"BUILTIN","md5":""}
ds_hll_accumulate(FLOAT,INT,VARCHAR)	VARBINARY	Aggregate	NULL	{"fid":"0","symbol":"","file":"","isolation":"isolated","type":"BUILTIN","md5":""}
ds_hll_accumulate(HLL)	VARBINARY	Aggregate	NULL	{"fid":"0","symbol":"","file":"","isolation":"isolated","type":"BUILTIN","md5":""}
ds_hll_accumulate(HLL,INT)	VARBINARY	Aggregate	NULL	{"fid":"0","symbol":"","file":"","isolation":"isolated","type":"BUILTIN","md5":""}
ds_hll_accumulate(HLL,INT,VARCHAR)	VARBINARY	Aggregate	NULL	{"fid":"0","symbol":"","file":"","isolation":"isolated","type":"BUILTIN","md5":""}
ds_hll_accumulate(INT)	VARBINARY	Aggregate	NULL	{"fid":"0","symbol":"","file":"","isolation":"isolated","type":"BUILTIN","md5":""}
ds_hll_accumulate(INT,INT)	VARBINARY	Aggregate	NULL	{"fid":"0","symbol":"","file":"","isolation":"isolated","type":"BUILTIN","md5":""}
ds_hll_accumulate(INT,INT,VARCHAR)	VARBINARY	Aggregate	NULL	{"fid":"0","symbol":"","file":"","isolation":"isolated","type":"BUILTIN","md5":""}
ds_hll_accumulate(JSON)	VARBINARY	Aggregate	NULL	{"fid":"0","symbol":"","file":"","isolation":"isolated","type":"BUILTIN","md5":""}
ds_hll_accumulate(JSON,INT)	VARBINARY	Aggregate	NULL	{"fid":"0","symbol":"","file":"","isolation":"isolated","type":"BUILTIN","md5":""}
ds_hll_accumulate(JSON,INT,VARCHAR)	VARBINARY	Aggregate	NULL	{"fid":"0","symbol":"","file":"","isolation":"isolated","type":"BUILTIN","md5":""}
ds_hll_accumulate(LARGEINT)	VARBINARY	Aggregate	NULL	{"fid":"0","symbol":"","file":"","isolation":"isolated","type":"BUILTIN","md5":""}
ds_hll_accumulate(LARGEINT,INT)	VARBINARY	Aggregate	NULL	{"fid":"0","symbol":"","file":"","isolation":"isolated","type":"BUILTIN","md5":""}
ds_hll_accumulate(LARGEINT,INT,VARCHAR)	VARBINARY	Aggregate	NULL	{"fid":"0","symbol":"","file":"","isolation":"isolated","type":"BUILTIN","md5":""}
ds_hll_accumulate(PERCENTILE)	VARBINARY	Aggregate	NULL	{"fid":"0","symbol":"","file":"","isolation":"isolated","type":"BUILTIN","md5":""}
ds_hll_accumulate(PERCENTILE,INT)	VARBINARY	Aggregate	NULL	{"fid":"0","symbol":"","file":"","isolation":"isolated","type":"BUILTIN","md5":""}
ds_hll_accumulate(PERCENTILE,INT,VARCHAR)	VARBINARY	Aggregate	NULL	{"fid":"0","symbol":"","file":"","isolation":"isolated","type":"BUILTIN","md5":""}
ds_hll_accumulate(SMALLINT)	VARBINARY	Aggregate	NULL	{"fid":"0","symbol":"","file":"","isolation":"isolated","type":"BUILTIN","md5":""}
ds_hll_accumulate(SMALLINT,INT)	VARBINARY	Aggregate	NULL	{"fid":"0","symbol":"","file":"","isolation":"isolated","type":"BUILTIN","md5":""}
ds_hll_accumulate(SMALLINT,INT,VARCHAR)	VARBINARY	Aggregate	NULL	{"fid":"0","symbol":"","file":"","isolation":"isolated","type":"BUILTIN","md5":""}
ds_hll_accumulate(TIME)	VARBINARY	Aggregate	NULL	{"fid":"0","symbol":"","file":"","isolation":"isolated","type":"BUILTIN","md5":""}
ds_hll_accumulate(TIME,INT)	VARBINARY	Aggregate	NULL	{"fid":"0","symbol":"","file":"","isolation":"isolated","type":"BUILTIN","md5":""}
ds_hll_accumulate(TIME,INT,VARCHAR)	VARBINARY	Aggregate	NULL	{"fid":"0","symbol":"","file":"","isolation":"isolated","type":"BUILTIN","md5":""}
ds_hll_accumulate(TINYINT)	VARBINARY	Aggregate	NULL	{"fid":"0","symbol":"","file":"","isolation":"isolated","type":"BUILTIN","md5":""}
ds_hll_accumulate(TINYINT,INT)	VARBINARY	Aggregate	NULL	{"fid":"0","symbol":"","file":"","isolation":"isolated","type":"BUILTIN","md5":""}
ds_hll_accumulate(TINYINT,INT,VARCHAR)	VARBINARY	Aggregate	NULL	{"fid":"0","symbol":"","file":"","isolation":"isolated","type":"BUILTIN","md5":""}
ds_hll_accumulate(UNKNOWN_TYPE)	VARBINARY	Aggregate	NULL	{"fid":"0","symbol":"","file":"","isolation":"isolated","type":"BUILTIN","md5":""}
ds_hll_accumulate(UNKNOWN_TYPE,INT)	VARBINARY	Aggregate	NULL	{"fid":"0","symbol":"","file":"","isolation":"isolated","type":"BUILTIN","md5":""}
ds_hll_accumulate(UNKNOWN_TYPE,INT,VARCHAR)	VARBINARY	Aggregate	NULL	{"fid":"0","symbol":"","file":"","isolation":"isolated","type":"BUILTIN","md5":""}
ds_hll_accumulate(VARBINARY)	VARBINARY	Aggregate	NULL	{"fid":"0","symbol":"","file":"","isolation":"isolated","type":"BUILTIN","md5":""}
ds_hll_accumulate(VARBINARY,INT)	VARBINARY	Aggregate	NULL	{"fid":"0","symbol":"","file":"","isolation":"isolated","type":"BUILTIN","md5":""}
ds_hll_accumulate(VARBINARY,INT,VARCHAR)	VARBINARY	Aggregate	NULL	{"fid":"0","symbol":"","file":"","isolation":"isolated","type":"BUILTIN","md5":""}
ds_hll_accumulate(VARCHAR)	VARBINARY	Aggregate	NULL	{"fid":"0","symbol":"","file":"","isolation":"isolated","type":"BUILTIN","md5":""}
ds_hll_accumulate(VARCHAR,INT)	VARBINARY	Aggregate	NULL	{"fid":"0","symbol":"","file":"","isolation":"isolated","type":"BUILTIN","md5":""}
ds_hll_accumulate(VARCHAR,INT,VARCHAR)	VARBINARY	Aggregate	NULL	{"fid":"0","symbol":"","file":"","isolation":"isolated","type":"BUILTIN","md5":""}
ds_hll_combine(VARBINARY)	VARBINARY	Aggregate	NULL	{"fid":"0","symbol":"","file":"","isolation":"isolated","type":"BUILTIN","md5":""}
ds_hll_count_distinct(BIGINT)	BIGINT	Aggregate	VARBINARY	{"fid":"0","symbol":"","file":"","isolation":"isolated","type":"BUILTIN","md5":""}
ds_hll_count_distinct(BIGINT,INT)	BIGINT	Aggregate	VARBINARY	{"fid":"0","symbol":"","file":"","isolation":"isolated","type":"BUILTIN","md5":""}
ds_hll_count_distinct(BIGINT,INT,VARCHAR)	BIGINT	Aggregate	VARBINARY	{"fid":"0","symbol":"","file":"","isolation":"isolated","type":"BUILTIN","md5":""}
ds_hll_count_distinct(BITMAP)	BIGINT	Aggregate	VARBINARY	{"fid":"0","symbol":"","file":"","isolation":"isolated","type":"BUILTIN","md5":""}
ds_hll_count_distinct(BITMAP,INT)	BIGINT	Aggregate	VARBINARY	{"fid":"0","symbol":"","file":"","isolation":"isolated","type":"BUILTIN","md5":""}
ds_hll_count_distinct(BITMAP,INT,VARCHAR)	BIGINT	Aggregate	VARBINARY	{"fid":"0","symbol":"","file":"","isolation":"isolated","type":"BUILTIN","md5":""}
ds_hll_count_distinct(BOOLEAN)	BIGINT	Aggregate	VARBINARY	{"fid":"0","symbol":"","file":"","isolation":"isolated","type":"BUILTIN","md5":""}
ds_hll_count_distinct(BOOLEAN,INT)	BIGINT	Aggregate	VARBINARY	{"fid":"0","symbol":"","file":"","isolation":"isolated","type":"BUILTIN","md5":""}
ds_hll_count_distinct(BOOLEAN,INT,VARCHAR)	BIGINT	Aggregate	VARBINARY	{"fid":"0","symbol":"","file":"","isolation":"isolated","type":"BUILTIN","md5":""}
ds_hll_count_distinct(DATE)	BIGINT	Aggregate	VARBINARY	{"fid":"0","symbol":"","file":"","isolation":"isolated","type":"BUILTIN","md5":""}
ds_hll_count_distinct(DATE,INT)	BIGINT	Aggregate	VARBINARY	{"fid":"0","symbol":"","file":"","isolation":"isolated","type":"BUILTIN","md5":""}
ds_hll_count_distinct(DATE,INT,VARCHAR)	BIGINT	Aggregate	VARBINARY	{"fid":"0","symbol":"","file":"","isolation":"isolated","type":"BUILTIN","md5":""}
ds_hll_count_distinct(DATETIME)	BIGINT	Aggregate	VARBINARY	{"fid":"0","symbol":"","file":"","isolation":"isolated","type":"BUILTIN","md5":""}
ds_hll_count_distinct(DATETIME,INT)	BIGINT	Aggregate	VARBINARY	{"fid":"0","symbol":"","file":"","isolation":"isolated","type":"BUILTIN","md5":""}
ds_hll_count_distinct(DATETIME,INT,VARCHAR)	BIGINT	Aggregate	VARBINARY	{"fid":"0","symbol":"","file":"","isolation":"isolated","type":"BUILTIN","md5":""}
ds_hll_count_distinct(DECIMAL128)	BIGINT	Aggregate	VARBINARY	{"fid":"0","symbol":"","file":"","isolation":"isolated","type":"BUILTIN","md5":""}
ds_hll_count_distinct(DECIMAL128,INT)	BIGINT	Aggregate	VARBINARY	{"fid":"0","symbol":"","file":"","isolation":"isolated","type":"BUILTIN","md5":""}
ds_hll_count_distinct(DECIMAL128,INT,VARCHAR)	BIGINT	Aggregate	VARBINARY	{"fid":"0","symbol":"","file":"","isolation":"isolated","type":"BUILTIN","md5":""}
ds_hll_count_distinct(DECIMAL256)	BIGINT	Aggregate	VARBINARY	{"fid":"0","symbol":"","file":"","isolation":"isolated","type":"BUILTIN","md5":""}
ds_hll_count_distinct(DECIMAL256,INT)	BIGINT	Aggregate	VARBINARY	{"fid":"0","symbol":"","file":"","isolation":"isolated","type":"BUILTIN","md5":""}
ds_hll_count_distinct(DECIMAL256,INT,VARCHAR)	BIGINT	Aggregate	VARBINARY	{"fid":"0","symbol":"","file":"","isolation":"isolated","type":"BUILTIN","md5":""}
ds_hll_count_distinct(DECIMAL32)	BIGINT	Aggregate	VARBINARY	{"fid":"0","symbol":"","file":"","isolation":"isolated","type":"BUILTIN","md5":""}
ds_hll_count_distinct(DECIMAL32,INT)	BIGINT	Aggregate	VARBINARY	{"fid":"0","symbol":"","file":"","isolation":"isolated","type":"BUILTIN","md5":""}
ds_hll_count_distinct(DECIMAL32,INT,VARCHAR)	BIGINT	Aggregate	VARBINARY	{"fid":"0","symbol":"","file":"","isolation":"isolated","type":"BUILTIN","md5":""}
ds_hll_count_distinct(DECIMAL64)	BIGINT	Aggregate	VARBINARY	{"fid":"0","symbol":"","file":"","isolation":"isolated","type":"BUILTIN","md5":""}
ds_hll_count_distinct(DECIMAL64,INT)	BIGINT	Aggregate	VARBINARY	{"fid":"0","symbol":"","file":"","isolation":"isolated","type":"BUILTIN","md5":""}
ds_hll_count_distinct(DECIMAL64,INT,VARCHAR)	BIGINT	Aggregate	VARBINARY	{"fid":"0","symbol":"","file":"","isolation":"isolated","type":"BUILTIN","md5":""}
ds_hll_count_distinct(DECIMALV2)	BIGINT	Aggregate	VARBINARY	{"fid":"0","symbol":"","file":"","isolation":"isolated","type":"BUILTIN","md5":""}
ds_hll_count_distinct(DECIMALV2,INT)	BIGINT	Aggregate	VARBINARY	{"fid":"0","symbol":"","file":"","isolation":"isolated","type":"BUILTIN","md5":""}
ds_hll_count_distinct(DECIMALV2,INT,VARCHAR)	BIGINT	Aggregate	VARBINARY	{"fid":"0","symbol":"","file":"","isolation":"isolated","type":"BUILTIN","md5":""}
ds_hll_count_distinct(DOUBLE)	BIGINT	Aggregate	VARBINARY	{"fid":"0","symbol":"","file":"","isolation":"isolated","type":"BUILTIN","md5":""}
ds_hll_count_distinct(DOUBLE,INT)	BIGINT	Aggregate	VARBINARY	{"fid":"0","symbol":"","file":"","isolation":"isolated","type":"BUILTIN","md5":""}
ds_hll_count_distinct(DOUBLE,INT,VARCHAR)	BIGINT	Aggregate	VARBINARY	{"fid":"0","symbol":"","file":"","isolation":"isolated","type":"BUILTIN","md5":""}
ds_hll_count_distinct(FLOAT)	BIGINT	Aggregate	VARBINARY	{"fid":"0","symbol":"","file":"","isolation":"isolated","type":"BUILTIN","md5":""}
ds_hll_count_distinct(FLOAT,INT)	BIGINT	Aggregate	VARBINARY	{"fid":"0","symbol":"","file":"","isolation":"isolated","type":"BUILTIN","md5":""}
ds_hll_count_distinct(FLOAT,INT,VARCHAR)	BIGINT	Aggregate	VARBINARY	{"fid":"0","symbol":"","file":"","isolation":"isolated","type":"BUILTIN","md5":""}
ds_hll_count_distinct(HLL)	BIGINT	Aggregate	VARBINARY	{"fid":"0","symbol":"","file":"","isolation":"isolated","type":"BUILTIN","md5":""}
ds_hll_count_distinct(HLL,INT)	BIGINT	Aggregate	VARBINARY	{"fid":"0","symbol":"","file":"","isolation":"isolated","type":"BUILTIN","md5":""}
ds_hll_count_distinct(HLL,INT,VARCHAR)	BIGINT	Aggregate	VARBINARY	{"fid":"0","symbol":"","file":"","isolation":"isolated","type":"BUILTIN","md5":""}
ds_hll_count_distinct(INT)	BIGINT	Aggregate	VARBINARY	{"fid":"0","symbol":"","file":"","isolation":"isolated","type":"BUILTIN","md5":""}
ds_hll_count_distinct(INT,INT)	BIGINT	Aggregate	VARBINARY	{"fid":"0","symbol":"","file":"","isolation":"isolated","type":"BUILTIN","md5":""}
ds_hll_count_distinct(INT,INT,VARCHAR)	BIGINT	Aggregate	VARBINARY	{"fid":"0","symbol":"","file":"","isolation":"isolated","type":"BUILTIN","md5":""}
ds_hll_count_distinct(JSON)	BIGINT	Aggregate	VARBINARY	{"fid":"0","symbol":"","file":"","isolation":"isolated","type":"BUILTIN","md5":""}
ds_hll_count_distinct(JSON,INT)	BIGINT	Aggregate	VARBINARY	{"fid":"0","symbol":"","file":"","isolation":"isolated","type":"BUILTIN","md5":""}
ds_hll_count_distinct(JSON,INT,VARCHAR)	BIGINT	Aggregate	VARBINARY	{"fid":"0","symbol":"","file":"","isolation":"isolated","type":"BUILTIN","md5":""}
ds_hll_count_distinct(LARGEINT)	BIGINT	Aggregate	VARBINARY	{"fid":"0","symbol":"","file":"","isolation":"isolated","type":"BUILTIN","md5":""}
ds_hll_count_distinct(LARGEINT,INT)	BIGINT	Aggregate	VARBINARY	{"fid":"0","symbol":"","file":"","isolation":"isolated","type":"BUILTIN","md5":""}
ds_hll_count_distinct(LARGEINT,INT,VARCHAR)	BIGINT	Aggregate	VARBINARY	{"fid":"0","symbol":"","file":"","isolation":"isolated","type":"BUILTIN","md5":""}
ds_hll_count_distinct(PERCENTILE)	BIGINT	Aggregate	VARBINARY	{"fid":"0","symbol":"","file":"","isolation":"isolated","type":"BUILTIN","md5":""}
ds_hll_count_distinct(PERCENTILE,INT)	BIGINT	Aggregate	VARBINARY	{"fid":"0","symbol":"","file":"","isolation":"isolated","type":"BUILTIN","md5":""}
ds_hll_count_distinct(PERCENTILE,INT,VARCHAR)	BIGINT	Aggregate	VARBINARY	{"fid":"0","symbol":"","file":"","isolation":"isolated","type":"BUILTIN","md5":""}
ds_hll_count_distinct(SMALLINT)	BIGINT	Aggregate	VARBINARY	{"fid":"0","symbol":"","file":"","isolation":"isolated","type":"BUILTIN","md5":""}
ds_hll_count_distinct(SMALLINT,INT)	BIGINT	Aggregate	VARBINARY	{"fid":"0","symbol":"","file":"","isolation":"isolated","type":"BUILTIN","md5":""}
ds_hll_count_distinct(SMALLINT,INT,VARCHAR)	BIGINT	Aggregate	VARBINARY	{"fid":"0","symbol":"","file":"","isolation":"isolated","type":"BUILTIN","md5":""}
ds_hll_count_distinct(TIME)	BIGINT	Aggregate	VARBINARY	{"fid":"0","symbol":"","file":"","isolation":"isolated","type":"BUILTIN","md5":""}
ds_hll_count_distinct(TIME,INT)	BIGINT	Aggregate	VARBINARY	{"fid":"0","symbol":"","file":"","isolation":"isolated","type":"BUILTIN","md5":""}
ds_hll_count_distinct(TIME,INT,VARCHAR)	BIGINT	Aggregate	VARBINARY	{"fid":"0","symbol":"","file":"","isolation":"isolated","type":"BUILTIN","md5":""}
ds_hll_count_distinct(TINYINT)	BIGINT	Aggregate	VARBINARY	{"fid":"0","symbol":"","file":"","isolation":"isolated","type":"BUILTIN","md5":""}
ds_hll_count_distinct(TINYINT,INT)	BIGINT	Aggregate	VARBINARY	{"fid":"0","symbol":"","file":"","isolation":"isolated","type":"BUILTIN","md5":""}
ds_hll_count_distinct(TINYINT,INT,VARCHAR)	BIGINT	Aggregate	VARBINARY	{"fid":"0","symbol":"","file":"","isolation":"isolated","type":"BUILTIN","md5":""}
ds_hll_count_distinct(UNKNOWN_TYPE)	BIGINT	Aggregate	VARBINARY	{"fid":"0","symbol":"","file":"","isolation":"isolated","type":"BUILTIN","md5":""}
ds_hll_count_distinct(UNKNOWN_TYPE,INT)	BIGINT	Aggregate	VARBINARY	{"fid":"0","symbol":"","file":"","isolation":"isolated","type":"BUILTIN","md5":""}
ds_hll_count_distinct(UNKNOWN_TYPE,INT,VARCHAR)	BIGINT	Aggregate	VARBINARY	{"fid":"0","symbol":"","file":"","isolation":"isolated","type":"BUILTIN","md5":""}
ds_hll_count_distinct(VARBINARY)	BIGINT	Aggregate	VARBINARY	{"fid":"0","symbol":"","file":"","isolation":"isolated","type":"BUILTIN","md5":""}
ds_hll_count_distinct(VARBINARY,INT)	BIGINT	Aggregate	VARBINARY	{"fid":"0","symbol":"","file":"","isolation":"isolated","type":"BUILTIN","md5":""}
ds_hll_count_distinct(VARBINARY,INT,VARCHAR)	BIGINT	Aggregate	VARBINARY	{"fid":"0","symbol":"","file":"","isolation":"isolated","type":"BUILTIN","md5":""}
ds_hll_count_distinct(VARCHAR)	BIGINT	Aggregate	VARBINARY	{"fid":"0","symbol":"","file":"","isolation":"isolated","type":"BUILTIN","md5":""}
ds_hll_count_distinct(VARCHAR,INT)	BIGINT	Aggregate	VARBINARY	{"fid":"0","symbol":"","file":"","isolation":"isolated","type":"BUILTIN","md5":""}
ds_hll_count_distinct(VARCHAR,INT,VARCHAR)	BIGINT	Aggregate	VARBINARY	{"fid":"0","symbol":"","file":"","isolation":"isolated","type":"BUILTIN","md5":""}
ds_hll_count_distinct_combine(BIGINT)	VARBINARY	Aggregate	NULL	{"fid":"0","symbol":"","file":"","isolation":"isolated","type":"BUILTIN","md5":""}
ds_hll_count_distinct_combine(BIGINT,INT)	VARBINARY	Aggregate	NULL	{"fid":"0","symbol":"","file":"","isolation":"isolated","type":"BUILTIN","md5":""}
ds_hll_count_distinct_combine(BIGINT,INT,VARCHAR)	VARBINARY	Aggregate	NULL	{"fid":"0","symbol":"","file":"","isolation":"isolated","type":"BUILTIN","md5":""}
ds_hll_count_distinct_combine(BOOLEAN)	VARBINARY	Aggregate	NULL	{"fid":"0","symbol":"","file":"","isolation":"isolated","type":"BUILTIN","md5":""}
ds_hll_count_distinct_combine(BOOLEAN,INT)	VARBINARY	Aggregate	NULL	{"fid":"0","symbol":"","file":"","isolation":"isolated","type":"BUILTIN","md5":""}
ds_hll_count_distinct_combine(BOOLEAN,INT,VARCHAR)	VARBINARY	Aggregate	NULL	{"fid":"0","symbol":"","file":"","isolation":"isolated","type":"BUILTIN","md5":""}
ds_hll_count_distinct_combine(DATE)	VARBINARY	Aggregate	NULL	{"fid":"0","symbol":"","file":"","isolation":"isolated","type":"BUILTIN","md5":""}
ds_hll_count_distinct_combine(DATE,INT)	VARBINARY	Aggregate	NULL	{"fid":"0","symbol":"","file":"","isolation":"isolated","type":"BUILTIN","md5":""}
ds_hll_count_distinct_combine(DATE,INT,VARCHAR)	VARBINARY	Aggregate	NULL	{"fid":"0","symbol":"","file":"","isolation":"isolated","type":"BUILTIN","md5":""}
ds_hll_count_distinct_combine(DATETIME)	VARBINARY	Aggregate	NULL	{"fid":"0","symbol":"","file":"","isolation":"isolated","type":"BUILTIN","md5":""}
ds_hll_count_distinct_combine(DATETIME,INT)	VARBINARY	Aggregate	NULL	{"fid":"0","symbol":"","file":"","isolation":"isolated","type":"BUILTIN","md5":""}
ds_hll_count_distinct_combine(DATETIME,INT,VARCHAR)	VARBINARY	Aggregate	NULL	{"fid":"0","symbol":"","file":"","isolation":"isolated","type":"BUILTIN","md5":""}
ds_hll_count_distinct_combine(DECIMAL128)	VARBINARY	Aggregate	NULL	{"fid":"0","symbol":"","file":"","isolation":"isolated","type":"BUILTIN","md5":""}
ds_hll_count_distinct_combine(DECIMAL128,INT)	VARBINARY	Aggregate	NULL	{"fid":"0","symbol":"","file":"","isolation":"isolated","type":"BUILTIN","md5":""}
ds_hll_count_distinct_combine(DECIMAL128,INT,VARCHAR)	VARBINARY	Aggregate	NULL	{"fid":"0","symbol":"","file":"","isolation":"isolated","type":"BUILTIN","md5":""}
ds_hll_count_distinct_combine(DECIMAL256)	VARBINARY	Aggregate	NULL	{"fid":"0","symbol":"","file":"","isolation":"isolated","type":"BUILTIN","md5":""}
ds_hll_count_distinct_combine(DECIMAL256,INT)	VARBINARY	Aggregate	NULL	{"fid":"0","symbol":"","file":"","isolation":"isolated","type":"BUILTIN","md5":""}
ds_hll_count_distinct_combine(DECIMAL256,INT,VARCHAR)	VARBINARY	Aggregate	NULL	{"fid":"0","symbol":"","file":"","isolation":"isolated","type":"BUILTIN","md5":""}
ds_hll_count_distinct_combine(DECIMAL32)	VARBINARY	Aggregate	NULL	{"fid":"0","symbol":"","file":"","isolation":"isolated","type":"BUILTIN","md5":""}
ds_hll_count_distinct_combine(DECIMAL32,INT)	VARBINARY	Aggregate	NULL	{"fid":"0","symbol":"","file":"","isolation":"isolated","type":"BUILTIN","md5":""}
ds_hll_count_distinct_combine(DECIMAL32,INT,VARCHAR)	VARBINARY	Aggregate	NULL	{"fid":"0","symbol":"","file":"","isolation":"isolated","type":"BUILTIN","md5":""}
ds_hll_count_distinct_combine(DECIMAL64)	VARBINARY	Aggregate	NULL	{"fid":"0","symbol":"","file":"","isolation":"isolated","type":"BUILTIN","md5":""}
ds_hll_count_distinct_combine(DECIMAL64,INT)	VARBINARY	Aggregate	NULL	{"fid":"0","symbol":"","file":"","isolation":"isolated","type":"BUILTIN","md5":""}
ds_hll_count_distinct_combine(DECIMAL64,INT,VARCHAR)	VARBINARY	Aggregate	NULL	{"fid":"0","symbol":"","file":"","isolation":"isolated","type":"BUILTIN","md5":""}
ds_hll_count_distinct_combine(DOUBLE)	VARBINARY	Aggregate	NULL	{"fid":"0","symbol":"","file":"","isolation":"isolated","type":"BUILTIN","md5":""}
ds_hll_count_distinct_combine(DOUBLE,INT)	VARBINARY	Aggregate	NULL	{"fid":"0","symbol":"","file":"","isolation":"isolated","type":"BUILTIN","md5":""}
ds_hll_count_distinct_combine(DOUBLE,INT,VARCHAR)	VARBINARY	Aggregate	NULL	{"fid":"0","symbol":"","file":"","isolation":"isolated","type":"BUILTIN","md5":""}
ds_hll_count_distinct_combine(FLOAT)	VARBINARY	Aggregate	NULL	{"fid":"0","symbol":"","file":"","isolation":"isolated","type":"BUILTIN","md5":""}
ds_hll_count_distinct_combine(FLOAT,INT)	VARBINARY	Aggregate	NULL	{"fid":"0","symbol":"","file":"","isolation":"isolated","type":"BUILTIN","md5":""}
ds_hll_count_distinct_combine(FLOAT,INT,VARCHAR)	VARBINARY	Aggregate	NULL	{"fid":"0","symbol":"","file":"","isolation":"isolated","type":"BUILTIN","md5":""}
ds_hll_count_distinct_combine(INT)	VARBINARY	Aggregate	NULL	{"fid":"0","symbol":"","file":"","isolation":"isolated","type":"BUILTIN","md5":""}
ds_hll_count_distinct_combine(INT,INT)	VARBINARY	Aggregate	NULL	{"fid":"0","symbol":"","file":"","isolation":"isolated","type":"BUILTIN","md5":""}
ds_hll_count_distinct_combine(INT,INT,VARCHAR)	VARBINARY	Aggregate	NULL	{"fid":"0","symbol":"","file":"","isolation":"isolated","type":"BUILTIN","md5":""}
ds_hll_count_distinct_combine(LARGEINT)	VARBINARY	Aggregate	NULL	{"fid":"0","symbol":"","file":"","isolation":"isolated","type":"BUILTIN","md5":""}
ds_hll_count_distinct_combine(LARGEINT,INT)	VARBINARY	Aggregate	NULL	{"fid":"0","symbol":"","file":"","isolation":"isolated","type":"BUILTIN","md5":""}
ds_hll_count_distinct_combine(LARGEINT,INT,VARCHAR)	VARBINARY	Aggregate	NULL	{"fid":"0","symbol":"","file":"","isolation":"isolated","type":"BUILTIN","md5":""}
ds_hll_count_distinct_combine(SMALLINT)	VARBINARY	Aggregate	NULL	{"fid":"0","symbol":"","file":"","isolation":"isolated","type":"BUILTIN","md5":""}
ds_hll_count_distinct_combine(SMALLINT,INT)	VARBINARY	Aggregate	NULL	{"fid":"0","symbol":"","file":"","isolation":"isolated","type":"BUILTIN","md5":""}
ds_hll_count_distinct_combine(SMALLINT,INT,VARCHAR)	VARBINARY	Aggregate	NULL	{"fid":"0","symbol":"","file":"","isolation":"isolated","type":"BUILTIN","md5":""}
ds_hll_count_distinct_combine(TINYINT)	VARBINARY	Aggregate	NULL	{"fid":"0","symbol":"","file":"","isolation":"isolated","type":"BUILTIN","md5":""}
ds_hll_count_distinct_combine(TINYINT,INT)	VARBINARY	Aggregate	NULL	{"fid":"0","symbol":"","file":"","isolation":"isolated","type":"BUILTIN","md5":""}
ds_hll_count_distinct_combine(TINYINT,INT,VARCHAR)	VARBINARY	Aggregate	NULL	{"fid":"0","symbol":"","file":"","isolation":"isolated","type":"BUILTIN","md5":""}
ds_hll_count_distinct_combine(VARCHAR)	VARBINARY	Aggregate	NULL	{"fid":"0","symbol":"","file":"","isolation":"isolated","type":"BUILTIN","md5":""}
ds_hll_count_distinct_combine(VARCHAR,INT)	VARBINARY	Aggregate	NULL	{"fid":"0","symbol":"","file":"","isolation":"isolated","type":"BUILTIN","md5":""}
ds_hll_count_distinct_combine(VARCHAR,INT,VARCHAR)	VARBINARY	Aggregate	NULL	{"fid":"0","symbol":"","file":"","isolation":"isolated","type":"BUILTIN","md5":""}
ds_hll_count_distinct_if(BIGINT,BOOLEAN)	BIGINT	Aggregate	VARBINARY	{"fid":"0","symbol":"","file":"","isolation":"isolated","type":"BUILTIN","md5":""}
ds_hll_count_distinct_if(BIGINT,INT,BOOLEAN)	BIGINT	Aggregate	VARBINARY	{"fid":"0","symbol":"","file":"","isolation":"isolated","type":"BUILTIN","md5":""}
ds_hll_count_distinct_if(BIGINT,INT,VARCHAR,BOOLEAN)	BIGINT	Aggregate	VARBINARY	{"fid":"0","symbol":"","file":"","isolation":"isolated","type":"BUILTIN","md5":""}
ds_hll_count_distinct_if(BOOLEAN,BOOLEAN)	BIGINT	Aggregate	VARBINARY	{"fid":"0","symbol":"","file":"","isolation":"isolated","type":"BUILTIN","md5":""}
ds_hll_count_distinct_if(BOOLEAN,INT,BOOLEAN)	BIGINT	Aggregate	VARBINARY	{"fid":"0","symbol":"","file":"","isolation":"isolated","type":"BUILTIN","md5":""}
ds_hll_count_distinct_if(BOOLEAN,INT,VARCHAR,BOOLEAN)	BIGINT	Aggregate	VARBINARY	{"fid":"0","symbol":"","file":"","isolation":"isolated","type":"BUILTIN","md5":""}
ds_hll_count_distinct_if(DATE,BOOLEAN)	BIGINT	Aggregate	VARBINARY	{"fid":"0","symbol":"","file":"","isolation":"isolated","type":"BUILTIN","md5":""}
ds_hll_count_distinct_if(DATE,INT,BOOLEAN)	BIGINT	Aggregate	VARBINARY	{"fid":"0","symbol":"","file":"","isolation":"isolated","type":"BUILTIN","md5":""}
ds_hll_count_distinct_if(DATE,INT,VARCHAR,BOOLEAN)	BIGINT	Aggregate	VARBINARY	{"fid":"0","symbol":"","file":"","isolation":"isolated","type":"BUILTIN","md5":""}
ds_hll_count_distinct_if(DATETIME,BOOLEAN)	BIGINT	Aggregate	VARBINARY	{"fid":"0","symbol":"","file":"","isolation":"isolated","type":"BUILTIN","md5":""}
ds_hll_count_distinct_if(DATETIME,INT,BOOLEAN)	BIGINT	Aggregate	VARBINARY	{"fid":"0","symbol":"","file":"","isolation":"isolated","type":"BUILTIN","md5":""}
ds_hll_count_distinct_if(DATETIME,INT,VARCHAR,BOOLEAN)	BIGINT	Aggregate	VARBINARY	{"fid":"0","symbol":"","file":"","isolation":"isolated","type":"BUILTIN","md5":""}
ds_hll_count_distinct_if(DECIMAL128,BOOLEAN)	BIGINT	Aggregate	VARBINARY	{"fid":"0","symbol":"","file":"","isolation":"isolated","type":"BUILTIN","md5":""}
ds_hll_count_distinct_if(DECIMAL128,INT,BOOLEAN)	BIGINT	Aggregate	VARBINARY	{"fid":"0","symbol":"","file":"","isolation":"isolated","type":"BUILTIN","md5":""}
ds_hll_count_distinct_if(DECIMAL128,INT,VARCHAR,BOOLEAN)	BIGINT	Aggregate	VARBINARY	{"fid":"0","symbol":"","file":"","isolation":"isolated","type":"BUILTIN","md5":""}
ds_hll_count_distinct_if(DECIMAL256,BOOLEAN)	BIGINT	Aggregate	VARBINARY	{"fid":"0","symbol":"","file":"","isolation":"isolated","type":"BUILTIN","md5":""}
ds_hll_count_distinct_if(DECIMAL256,INT,BOOLEAN)	BIGINT	Aggregate	VARBINARY	{"fid":"0","symbol":"","file":"","isolation":"isolated","type":"BUILTIN","md5":""}
ds_hll_count_distinct_if(DECIMAL256,INT,VARCHAR,BOOLEAN)	BIGINT	Aggregate	VARBINARY	{"fid":"0","symbol":"","file":"","isolation":"isolated","type":"BUILTIN","md5":""}
ds_hll_count_distinct_if(DECIMAL32,BOOLEAN)	BIGINT	Aggregate	VARBINARY	{"fid":"0","symbol":"","file":"","isolation":"isolated","type":"BUILTIN","md5":""}
ds_hll_count_distinct_if(DECIMAL32,INT,BOOLEAN)	BIGINT	Aggregate	VARBINARY	{"fid":"0","symbol":"","file":"","isolation":"isolated","type":"BUILTIN","md5":""}
ds_hll_count_distinct_if(DECIMAL32,INT,VARCHAR,BOOLEAN)	BIGINT	Aggregate	VARBINARY	{"fid":"0","symbol":"","file":"","isolation":"isolated","type":"BUILTIN","md5":""}
ds_hll_count_distinct_if(DECIMAL64,BOOLEAN)	BIGINT	Aggregate	VARBINARY	{"fid":"0","symbol":"","file":"","isolation":"isolated","type":"BUILTIN","md5":""}
ds_hll_count_distinct_if(DECIMAL64,INT,BOOLEAN)	BIGINT	Aggregate	VARBINARY	{"fid":"0","symbol":"","file":"","isolation":"isolated","type":"BUILTIN","md5":""}
ds_hll_count_distinct_if(DECIMAL64,INT,VARCHAR,BOOLEAN)	BIGINT	Aggregate	VARBINARY	{"fid":"0","symbol":"","file":"","isolation":"isolated","type":"BUILTIN","md5":""}
ds_hll_count_distinct_if(DOUBLE,BOOLEAN)	BIGINT	Aggregate	VARBINARY	{"fid":"0","symbol":"","file":"","isolation":"isolated","type":"BUILTIN","md5":""}
ds_hll_count_distinct_if(DOUBLE,INT,BOOLEAN)	BIGINT	Aggregate	VARBINARY	{"fid":"0","symbol":"","file":"","isolation":"isolated","type":"BUILTIN","md5":""}
ds_hll_count_distinct_if(DOUBLE,INT,VARCHAR,BOOLEAN)	BIGINT	Aggregate	VARBINARY	{"fid":"0","symbol":"","file":"","isolation":"isolated","type":"BUILTIN","md5":""}
ds_hll_count_distinct_if(FLOAT,BOOLEAN)	BIGINT	Aggregate	VARBINARY	{"fid":"0","symbol":"","file":"","isolation":"isolated","type":"BUILTIN","md5":""}
ds_hll_count_distinct_if(FLOAT,INT,BOOLEAN)	BIGINT	Aggregate	VARBINARY	{"fid":"0","symbol":"","file":"","isolation":"isolated","type":"BUILTIN","md5":""}
ds_hll_count_distinct_if(FLOAT,INT,VARCHAR,BOOLEAN)	BIGINT	Aggregate	VARBINARY	{"fid":"0","symbol":"","file":"","isolation":"isolated","type":"BUILTIN","md5":""}
ds_hll_count_distinct_if(INT,BOOLEAN)	BIGINT	Aggregate	VARBINARY	{"fid":"0","symbol":"","file":"","isolation":"isolated","type":"BUILTIN","md5":""}
ds_hll_count_distinct_if(INT,INT,BOOLEAN)	BIGINT	Aggregate	VARBINARY	{"fid":"0","symbol":"","file":"","isolation":"isolated","type":"BUILTIN","md5":""}
ds_hll_count_distinct_if(INT,INT,VARCHAR,BOOLEAN)	BIGINT	Aggregate	VARBINARY	{"fid":"0","symbol":"","file":"","isolation":"isolated","type":"BUILTIN","md5":""}
ds_hll_count_distinct_if(LARGEINT,BOOLEAN)	BIGINT	Aggregate	VARBINARY	{"fid":"0","symbol":"","file":"","isolation":"isolated","type":"BUILTIN","md5":""}
ds_hll_count_distinct_if(LARGEINT,INT,BOOLEAN)	BIGINT	Aggregate	VARBINARY	{"fid":"0","symbol":"","file":"","isolation":"isolated","type":"BUILTIN","md5":""}
ds_hll_count_distinct_if(LARGEINT,INT,VARCHAR,BOOLEAN)	BIGINT	Aggregate	VARBINARY	{"fid":"0","symbol":"","file":"","isolation":"isolated","type":"BUILTIN","md5":""}
ds_hll_count_distinct_if(SMALLINT,BOOLEAN)	BIGINT	Aggregate	VARBINARY	{"fid":"0","symbol":"","file":"","isolation":"isolated","type":"BUILTIN","md5":""}
ds_hll_count_distinct_if(SMALLINT,INT,BOOLEAN)	BIGINT	Aggregate	VARBINARY	{"fid":"0","symbol":"","file":"","isolation":"isolated","type":"BUILTIN","md5":""}
ds_hll_count_distinct_if(SMALLINT,INT,VARCHAR,BOOLEAN)	BIGINT	Aggregate	VARBINARY	{"fid":"0","symbol":"","file":"","isolation":"isolated","type":"BUILTIN","md5":""}
ds_hll_count_distinct_if(TINYINT,BOOLEAN)	BIGINT	Aggregate	VARBINARY	{"fid":"0","symbol":"","file":"","isolation":"isolated","type":"BUILTIN","md5":""}
ds_hll_count_distinct_if(TINYINT,INT,BOOLEAN)	BIGINT	Aggregate	VARBINARY	{"fid":"0","symbol":"","file":"","isolation":"isolated","type":"BUILTIN","md5":""}
ds_hll_count_distinct_if(TINYINT,INT,VARCHAR,BOOLEAN)	BIGINT	Aggregate	VARBINARY	{"fid":"0","symbol":"","file":"","isolation":"isolated","type":"BUILTIN","md5":""}
ds_hll_count_distinct_if(VARCHAR,BOOLEAN)	BIGINT	Aggregate	VARBINARY	{"fid":"0","symbol":"","file":"","isolation":"isolated","type":"BUILTIN","md5":""}
ds_hll_count_distinct_if(VARCHAR,INT,BOOLEAN)	BIGINT	Aggregate	VARBINARY	{"fid":"0","symbol":"","file":"","isolation":"isolated","type":"BUILTIN","md5":""}
ds_hll_count_distinct_if(VARCHAR,INT,VARCHAR,BOOLEAN)	BIGINT	Aggregate	VARBINARY	{"fid":"0","symbol":"","file":"","isolation":"isolated","type":"BUILTIN","md5":""}
ds_hll_count_distinct_merge(VARBINARY)	BIGINT	Aggregate	VARBINARY	{"fid":"0","symbol":"","file":"","isolation":"isolated","type":"BUILTIN","md5":""}
ds_hll_count_distinct_state(BIGINT)	VARBINARY	Scalar	NULL	{"fid":"0","symbol":"","file":"","isolation":"isolated","type":"BUILTIN","md5":""}
ds_hll_count_distinct_state(BIGINT,INT)	VARBINARY	Scalar	NULL	{"fid":"0","symbol":"","file":"","isolation":"isolated","type":"BUILTIN","md5":""}
ds_hll_count_distinct_state(BIGINT,INT,VARCHAR)	VARBINARY	Scalar	NULL	{"fid":"0","symbol":"","file":"","isolation":"isolated","type":"BUILTIN","md5":""}
ds_hll_count_distinct_state(BOOLEAN)	VARBINARY	Scalar	NULL	{"fid":"0","symbol":"","file":"","isolation":"isolated","type":"BUILTIN","md5":""}
ds_hll_count_distinct_state(BOOLEAN,INT)	VARBINARY	Scalar	NULL	{"fid":"0","symbol":"","file":"","isolation":"isolated","type":"BUILTIN","md5":""}
ds_hll_count_distinct_state(BOOLEAN,INT,VARCHAR)	VARBINARY	Scalar	NULL	{"fid":"0","symbol":"","file":"","isolation":"isolated","type":"BUILTIN","md5":""}
ds_hll_count_distinct_state(DATE)	VARBINARY	Scalar	NULL	{"fid":"0","symbol":"","file":"","isolation":"isolated","type":"BUILTIN","md5":""}
ds_hll_count_distinct_state(DATE,INT)	VARBINARY	Scalar	NULL	{"fid":"0","symbol":"","file":"","isolation":"isolated","type":"BUILTIN","md5":""}
ds_hll_count_distinct_state(DATE,INT,VARCHAR)	VARBINARY	Scalar	NULL	{"fid":"0","symbol":"","file":"","isolation":"isolated","type":"BUILTIN","md5":""}
ds_hll_count_distinct_state(DATETIME)	VARBINARY	Scalar	NULL	{"fid":"0","symbol":"","file":"","isolation":"isolated","type":"BUILTIN","md5":""}
ds_hll_count_distinct_state(DATETIME,INT)	VARBINARY	Scalar	NULL	{"fid":"0","symbol":"","file":"","isolation":"isolated","type":"BUILTIN","md5":""}
ds_hll_count_distinct_state(DATETIME,INT,VARCHAR)	VARBINARY	Scalar	NULL	{"fid":"0","symbol":"","file":"","isolation":"isolated","type":"BUILTIN","md5":""}
ds_hll_count_distinct_state(DECIMAL128)	VARBINARY	Scalar	NULL	{"fid":"0","symbol":"","file":"","isolation":"isolated","type":"BUILTIN","md5":""}
ds_hll_count_distinct_state(DECIMAL128,INT)	VARBINARY	Scalar	NULL	{"fid":"0","symbol":"","file":"","isolation":"isolated","type":"BUILTIN","md5":""}
ds_hll_count_distinct_state(DECIMAL128,INT,VARCHAR)	VARBINARY	Scalar	NULL	{"fid":"0","symbol":"","file":"","isolation":"isolated","type":"BUILTIN","md5":""}
ds_hll_count_distinct_state(DECIMAL256)	VARBINARY	Scalar	NULL	{"fid":"0","symbol":"","file":"","isolation":"isolated","type":"BUILTIN","md5":""}
ds_hll_count_distinct_state(DECIMAL256,INT)	VARBINARY	Scalar	NULL	{"fid":"0","symbol":"","file":"","isolation":"isolated","type":"BUILTIN","md5":""}
ds_hll_count_distinct_state(DECIMAL256,INT,VARCHAR)	VARBINARY	Scalar	NULL	{"fid":"0","symbol":"","file":"","isolation":"isolated","type":"BUILTIN","md5":""}
ds_hll_count_distinct_state(DECIMAL32)	VARBINARY	Scalar	NULL	{"fid":"0","symbol":"","file":"","isolation":"isolated","type":"BUILTIN","md5":""}
ds_hll_count_distinct_state(DECIMAL32,INT)	VARBINARY	Scalar	NULL	{"fid":"0","symbol":"","file":"","isolation":"isolated","type":"BUILTIN","md5":""}
ds_hll_count_distinct_state(DECIMAL32,INT,VARCHAR)	VARBINARY	Scalar	NULL	{"fid":"0","symbol":"","file":"","isolation":"isolated","type":"BUILTIN","md5":""}
ds_hll_count_distinct_state(DECIMAL64)	VARBINARY	Scalar	NULL	{"fid":"0","symbol":"","file":"","isolation":"isolated","type":"BUILTIN","md5":""}
ds_hll_count_distinct_state(DECIMAL64,INT)	VARBINARY	Scalar	NULL	{"fid":"0","symbol":"","file":"","isolation":"isolated","type":"BUILTIN","md5":""}
ds_hll_count_distinct_state(DECIMAL64,INT,VARCHAR)	VARBINARY	Scalar	NULL	{"fid":"0","symbol":"","file":"","isolation":"isolated","type":"BUILTIN","md5":""}
ds_hll_count_distinct_state(DOUBLE)	VARBINARY	Scalar	NULL	{"fid":"0","symbol":"","file":"","isolation":"isolated","type":"BUILTIN","md5":""}
ds_hll_count_distinct_state(DOUBLE,INT)	VARBINARY	Scalar	NULL	{"fid":"0","symbol":"","file":"","isolation":"isolated","type":"BUILTIN","md5":""}
ds_hll_count_distinct_state(DOUBLE,INT,VARCHAR)	VARBINARY	Scalar	NULL	{"fid":"0","symbol":"","file":"","isolation":"isolated","type":"BUILTIN","md5":""}
ds_hll_count_distinct_state(FLOAT)	VARBINARY	Scalar	NULL	{"fid":"0","symbol":"","file":"","isolation":"isolated","type":"BUILTIN","md5":""}
ds_hll_count_distinct_state(FLOAT,INT)	VARBINARY	Scalar	NULL	{"fid":"0","symbol":"","file":"","isolation":"isolated","type":"BUILTIN","md5":""}
ds_hll_count_distinct_state(FLOAT,INT,VARCHAR)	VARBINARY	Scalar	NULL	{"fid":"0","symbol":"","file":"","isolation":"isolated","type":"BUILTIN","md5":""}
ds_hll_count_distinct_state(INT)	VARBINARY	Scalar	NULL	{"fid":"0","symbol":"","file":"","isolation":"isolated","type":"BUILTIN","md5":""}
ds_hll_count_distinct_state(INT,INT)	VARBINARY	Scalar	NULL	{"fid":"0","symbol":"","file":"","isolation":"isolated","type":"BUILTIN","md5":""}
ds_hll_count_distinct_state(INT,INT,VARCHAR)	VARBINARY	Scalar	NULL	{"fid":"0","symbol":"","file":"","isolation":"isolated","type":"BUILTIN","md5":""}
ds_hll_count_distinct_state(LARGEINT)	VARBINARY	Scalar	NULL	{"fid":"0","symbol":"","file":"","isolation":"isolated","type":"BUILTIN","md5":""}
ds_hll_count_distinct_state(LARGEINT,INT)	VARBINARY	Scalar	NULL	{"fid":"0","symbol":"","file":"","isolation":"isolated","type":"BUILTIN","md5":""}
ds_hll_count_distinct_state(LARGEINT,INT,VARCHAR)	VARBINARY	Scalar	NULL	{"fid":"0","symbol":"","file":"","isolation":"isolated","type":"BUILTIN","md5":""}
ds_hll_count_distinct_state(SMALLINT)	VARBINARY	Scalar	NULL	{"fid":"0","symbol":"","file":"","isolation":"isolated","type":"BUILTIN","md5":""}
ds_hll_count_distinct_state(SMALLINT,INT)	VARBINARY	Scalar	NULL	{"fid":"0","symbol":"","file":"","isolation":"isolated","type":"BUILTIN","md5":""}
ds_hll_count_distinct_state(SMALLINT,INT,VARCHAR)	VARBINARY	Scalar	NULL	{"fid":"0","symbol":"","file":"","isolation":"isolated","type":"BUILTIN","md5":""}
ds_hll_count_distinct_state(TINYINT)	VARBINARY	Scalar	NULL	{"fid":"0","symbol":"","file":"","isolation":"isolated","type":"BUILTIN","md5":""}
ds_hll_count_distinct_state(TINYINT,INT)	VARBINARY	Scalar	NULL	{"fid":"0","symbol":"","file":"","isolation":"isolated","type":"BUILTIN","md5":""}
ds_hll_count_distinct_state(TINYINT,INT,VARCHAR)	VARBINARY	Scalar	NULL	{"fid":"0","symbol":"","file":"","isolation":"isolated","type":"BUILTIN","md5":""}
ds_hll_count_distinct_state(VARCHAR)	VARBINARY	Scalar	NULL	{"fid":"0","symbol":"","file":"","isolation":"isolated","type":"BUILTIN","md5":""}
ds_hll_count_distinct_state(VARCHAR,INT)	VARBINARY	Scalar	NULL	{"fid":"0","symbol":"","file":"","isolation":"isolated","type":"BUILTIN","md5":""}
ds_hll_count_distinct_state(VARCHAR,INT,VARCHAR)	VARBINARY	Scalar	NULL	{"fid":"0","symbol":"","file":"","isolation":"isolated","type":"BUILTIN","md5":""}
ds_hll_count_distinct_state_merge(VARBINARY)	BIGINT	Scalar	NULL	{"fid":"0","symbol":"","file":"","isolation":"isolated","type":"BUILTIN","md5":""}
ds_hll_count_distinct_state_union(VARBINARY,VARBINARY)	VARBINARY	Scalar	NULL	{"fid":"0","symbol":"","file":"","isolation":"isolated","type":"BUILTIN","md5":""}
ds_hll_count_distinct_union(VARBINARY)	VARBINARY	Aggregate	NULL	{"fid":"0","symbol":"","file":"","isolation":"isolated","type":"BUILTIN","md5":""}
ds_hll_estimate(VARBINARY)	BIGINT	Aggregate	VARBINARY	{"fid":"0","symbol":"","file":"","isolation":"isolated","type":"BUILTIN","md5":""}
ds_theta_count_distinct(BIGINT)	BIGINT	Aggregate	VARBINARY	{"fid":"0","symbol":"","file":"","isolation":"isolated","type":"BUILTIN","md5":""}
ds_theta_count_distinct(BITMAP)	BIGINT	Aggregate	VARBINARY	{"fid":"0","symbol":"","file":"","isolation":"isolated","type":"BUILTIN","md5":""}
ds_theta_count_distinct(BOOLEAN)	BIGINT	Aggregate	VARBINARY	{"fid":"0","symbol":"","file":"","isolation":"isolated","type":"BUILTIN","md5":""}
ds_theta_count_distinct(DATE)	BIGINT	Aggregate	VARBINARY	{"fid":"0","symbol":"","file":"","isolation":"isolated","type":"BUILTIN","md5":""}
ds_theta_count_distinct(DATETIME)	BIGINT	Aggregate	VARBINARY	{"fid":"0","symbol":"","file":"","isolation":"isolated","type":"BUILTIN","md5":""}
ds_theta_count_distinct(DECIMAL128)	BIGINT	Aggregate	VARBINARY	{"fid":"0","symbol":"","file":"","isolation":"isolated","type":"BUILTIN","md5":""}
ds_theta_count_distinct(DECIMAL256)	BIGINT	Aggregate	VARBINARY	{"fid":"0","symbol":"","file":"","isolation":"isolated","type":"BUILTIN","md5":""}
ds_theta_count_distinct(DECIMAL32)	BIGINT	Aggregate	VARBINARY	{"fid":"0","symbol":"","file":"","isolation":"isolated","type":"BUILTIN","md5":""}
ds_theta_count_distinct(DECIMAL64)	BIGINT	Aggregate	VARBINARY	{"fid":"0","symbol":"","file":"","isolation":"isolated","type":"BUILTIN","md5":""}
ds_theta_count_distinct(DECIMALV2)	BIGINT	Aggregate	VARBINARY	{"fid":"0","symbol":"","file":"","isolation":"isolated","type":"BUILTIN","md5":""}
ds_theta_count_distinct(DOUBLE)	BIGINT	Aggregate	VARBINARY	{"fid":"0","symbol":"","file":"","isolation":"isolated","type":"BUILTIN","md5":""}
ds_theta_count_distinct(FLOAT)	BIGINT	Aggregate	VARBINARY	{"fid":"0","symbol":"","file":"","isolation":"isolated","type":"BUILTIN","md5":""}
ds_theta_count_distinct(HLL)	BIGINT	Aggregate	VARBINARY	{"fid":"0","symbol":"","file":"","isolation":"isolated","type":"BUILTIN","md5":""}
ds_theta_count_distinct(INT)	BIGINT	Aggregate	VARBINARY	{"fid":"0","symbol":"","file":"","isolation":"isolated","type":"BUILTIN","md5":""}
ds_theta_count_distinct(JSON)	BIGINT	Aggregate	VARBINARY	{"fid":"0","symbol":"","file":"","isolation":"isolated","type":"BUILTIN","md5":""}
ds_theta_count_distinct(LARGEINT)	BIGINT	Aggregate	VARBINARY	{"fid":"0","symbol":"","file":"","isolation":"isolated","type":"BUILTIN","md5":""}
ds_theta_count_distinct(PERCENTILE)	BIGINT	Aggregate	VARBINARY	{"fid":"0","symbol":"","file":"","isolation":"isolated","type":"BUILTIN","md5":""}
ds_theta_count_distinct(SMALLINT)	BIGINT	Aggregate	VARBINARY	{"fid":"0","symbol":"","file":"","isolation":"isolated","type":"BUILTIN","md5":""}
ds_theta_count_distinct(TIME)	BIGINT	Aggregate	VARBINARY	{"fid":"0","symbol":"","file":"","isolation":"isolated","type":"BUILTIN","md5":""}
ds_theta_count_distinct(TINYINT)	BIGINT	Aggregate	VARBINARY	{"fid":"0","symbol":"","file":"","isolation":"isolated","type":"BUILTIN","md5":""}
ds_theta_count_distinct(UNKNOWN_TYPE)	BIGINT	Aggregate	VARBINARY	{"fid":"0","symbol":"","file":"","isolation":"isolated","type":"BUILTIN","md5":""}
ds_theta_count_distinct(VARBINARY)	BIGINT	Aggregate	VARBINARY	{"fid":"0","symbol":"","file":"","isolation":"isolated","type":"BUILTIN","md5":""}
ds_theta_count_distinct(VARCHAR)	BIGINT	Aggregate	VARBINARY	{"fid":"0","symbol":"","file":"","isolation":"isolated","type":"BUILTIN","md5":""}
ds_theta_count_distinct_combine(BIGINT)	VARBINARY	Aggregate	NULL	{"fid":"0","symbol":"","file":"","isolation":"isolated","type":"BUILTIN","md5":""}
ds_theta_count_distinct_combine(BOOLEAN)	VARBINARY	Aggregate	NULL	{"fid":"0","symbol":"","file":"","isolation":"isolated","type":"BUILTIN","md5":""}
ds_theta_count_distinct_combine(DATE)	VARBINARY	Aggregate	NULL	{"fid":"0","symbol":"","file":"","isolation":"isolated","type":"BUILTIN","md5":""}
ds_theta_count_distinct_combine(DATETIME)	VARBINARY	Aggregate	NULL	{"fid":"0","symbol":"","file":"","isolation":"isolated","type":"BUILTIN","md5":""}
ds_theta_count_distinct_combine(DECIMAL128)	VARBINARY	Aggregate	NULL	{"fid":"0","symbol":"","file":"","isolation":"isolated","type":"BUILTIN","md5":""}
ds_theta_count_distinct_combine(DECIMAL256)	VARBINARY	Aggregate	NULL	{"fid":"0","symbol":"","file":"","isolation":"isolated","type":"BUILTIN","md5":""}
ds_theta_count_distinct_combine(DECIMAL32)	VARBINARY	Aggregate	NULL	{"fid":"0","symbol":"","file":"","isolation":"isolated","type":"BUILTIN","md5":""}
ds_theta_count_distinct_combine(DECIMAL64)	VARBINARY	Aggregate	NULL	{"fid":"0","symbol":"","file":"","isolation":"isolated","type":"BUILTIN","md5":""}
ds_theta_count_distinct_combine(DOUBLE)	VARBINARY	Aggregate	NULL	{"fid":"0","symbol":"","file":"","isolation":"isolated","type":"BUILTIN","md5":""}
ds_theta_count_distinct_combine(FLOAT)	VARBINARY	Aggregate	NULL	{"fid":"0","symbol":"","file":"","isolation":"isolated","type":"BUILTIN","md5":""}
ds_theta_count_distinct_combine(INT)	VARBINARY	Aggregate	NULL	{"fid":"0","symbol":"","file":"","isolation":"isolated","type":"BUILTIN","md5":""}
ds_theta_count_distinct_combine(LARGEINT)	VARBINARY	Aggregate	NULL	{"fid":"0","symbol":"","file":"","isolation":"isolated","type":"BUILTIN","md5":""}
ds_theta_count_distinct_combine(SMALLINT)	VARBINARY	Aggregate	NULL	{"fid":"0","symbol":"","file":"","isolation":"isolated","type":"BUILTIN","md5":""}
ds_theta_count_distinct_combine(TINYINT)	VARBINARY	Aggregate	NULL	{"fid":"0","symbol":"","file":"","isolation":"isolated","type":"BUILTIN","md5":""}
ds_theta_count_distinct_combine(VARCHAR)	VARBINARY	Aggregate	NULL	{"fid":"0","symbol":"","file":"","isolation":"isolated","type":"BUILTIN","md5":""}
ds_theta_count_distinct_if(BIGINT,BOOLEAN)	BIGINT	Aggregate	VARBINARY	{"fid":"0","symbol":"","file":"","isolation":"isolated","type":"BUILTIN","md5":""}
ds_theta_count_distinct_if(BOOLEAN,BOOLEAN)	BIGINT	Aggregate	VARBINARY	{"fid":"0","symbol":"","file":"","isolation":"isolated","type":"BUILTIN","md5":""}
ds_theta_count_distinct_if(DATE,BOOLEAN)	BIGINT	Aggregate	VARBINARY	{"fid":"0","symbol":"","file":"","isolation":"isolated","type":"BUILTIN","md5":""}
ds_theta_count_distinct_if(DATETIME,BOOLEAN)	BIGINT	Aggregate	VARBINARY	{"fid":"0","symbol":"","file":"","isolation":"isolated","type":"BUILTIN","md5":""}
ds_theta_count_distinct_if(DECIMAL128,BOOLEAN)	BIGINT	Aggregate	VARBINARY	{"fid":"0","symbol":"","file":"","isolation":"isolated","type":"BUILTIN","md5":""}
ds_theta_count_distinct_if(DECIMAL256,BOOLEAN)	BIGINT	Aggregate	VARBINARY	{"fid":"0","symbol":"","file":"","isolation":"isolated","type":"BUILTIN","md5":""}
ds_theta_count_distinct_if(DECIMAL32,BOOLEAN)	BIGINT	Aggregate	VARBINARY	{"fid":"0","symbol":"","file":"","isolation":"isolated","type":"BUILTIN","md5":""}
ds_theta_count_distinct_if(DECIMAL64,BOOLEAN)	BIGINT	Aggregate	VARBINARY	{"fid":"0","symbol":"","file":"","isolation":"isolated","type":"BUILTIN","md5":""}
ds_theta_count_distinct_if(DOUBLE,BOOLEAN)	BIGINT	Aggregate	VARBINARY	{"fid":"0","symbol":"","file":"","isolation":"isolated","type":"BUILTIN","md5":""}
ds_theta_count_distinct_if(FLOAT,BOOLEAN)	BIGINT	Aggregate	VARBINARY	{"fid":"0","symbol":"","file":"","isolation":"isolated","type":"BUILTIN","md5":""}
ds_theta_count_distinct_if(INT,BOOLEAN)	BIGINT	Aggregate	VARBINARY	{"fid":"0","symbol":"","file":"","isolation":"isolated","type":"BUILTIN","md5":""}
ds_theta_count_distinct_if(LARGEINT,BOOLEAN)	BIGINT	Aggregate	VARBINARY	{"fid":"0","symbol":"","file":"","isolation":"isolated","type":"BUILTIN","md5":""}
ds_theta_count_distinct_if(SMALLINT,BOOLEAN)	BIGINT	Aggregate	VARBINARY	{"fid":"0","symbol":"","file":"","isolation":"isolated","type":"BUILTIN","md5":""}
ds_theta_count_distinct_if(TINYINT,BOOLEAN)	BIGINT	Aggregate	VARBINARY	{"fid":"0","symbol":"","file":"","isolation":"isolated","type":"BUILTIN","md5":""}
ds_theta_count_distinct_if(VARCHAR,BOOLEAN)	BIGINT	Aggregate	VARBINARY	{"fid":"0","symbol":"","file":"","isolation":"isolated","type":"BUILTIN","md5":""}
ds_theta_count_distinct_merge(VARBINARY)	BIGINT	Aggregate	VARBINARY	{"fid":"0","symbol":"","file":"","isolation":"isolated","type":"BUILTIN","md5":""}
ds_theta_count_distinct_state(BIGINT)	VARBINARY	Scalar	NULL	{"fid":"0","symbol":"","file":"","isolation":"isolated","type":"BUILTIN","md5":""}
ds_theta_count_distinct_state(BOOLEAN)	VARBINARY	Scalar	NULL	{"fid":"0","symbol":"","file":"","isolation":"isolated","type":"BUILTIN","md5":""}
ds_theta_count_distinct_state(DATE)	VARBINARY	Scalar	NULL	{"fid":"0","symbol":"","file":"","isolation":"isolated","type":"BUILTIN","md5":""}
ds_theta_count_distinct_state(DATETIME)	VARBINARY	Scalar	NULL	{"fid":"0","symbol":"","file":"","isolation":"isolated","type":"BUILTIN","md5":""}
ds_theta_count_distinct_state(DECIMAL128)	VARBINARY	Scalar	NULL	{"fid":"0","symbol":"","file":"","isolation":"isolated","type":"BUILTIN","md5":""}
ds_theta_count_distinct_state(DECIMAL256)	VARBINARY	Scalar	NULL	{"fid":"0","symbol":"","file":"","isolation":"isolated","type":"BUILTIN","md5":""}
ds_theta_count_distinct_state(DECIMAL32)	VARBINARY	Scalar	NULL	{"fid":"0","symbol":"","file":"","isolation":"isolated","type":"BUILTIN","md5":""}
ds_theta_count_distinct_state(DECIMAL64)	VARBINARY	Scalar	NULL	{"fid":"0","symbol":"","file":"","isolation":"isolated","type":"BUILTIN","md5":""}
ds_theta_count_distinct_state(DOUBLE)	VARBINARY	Scalar	NULL	{"fid":"0","symbol":"","file":"","isolation":"isolated","type":"BUILTIN","md5":""}
ds_theta_count_distinct_state(FLOAT)	VARBINARY	Scalar	NULL	{"fid":"0","symbol":"","file":"","isolation":"isolated","type":"BUILTIN","md5":""}
ds_theta_count_distinct_state(INT)	VARBINARY	Scalar	NULL	{"fid":"0","symbol":"","file":"","isolation":"isolated","type":"BUILTIN","md5":""}
ds_theta_count_distinct_state(LARGEINT)	VARBINARY	Scalar	NULL	{"fid":"0","symbol":"","file":"","isolation":"isolated","type":"BUILTIN","md5":""}
ds_theta_count_distinct_state(SMALLINT)	VARBINARY	Scalar	NULL	{"fid":"0","symbol":"","file":"","isolation":"isolated","type":"BUILTIN","md5":""}
ds_theta_count_distinct_state(TINYINT)	VARBINARY	Scalar	NULL	{"fid":"0","symbol":"","file":"","isolation":"isolated","type":"BUILTIN","md5":""}
ds_theta_count_distinct_state(VARCHAR)	VARBINARY	Scalar	NULL	{"fid":"0","symbol":"","file":"","isolation":"isolated","type":"BUILTIN","md5":""}
ds_theta_count_distinct_state_merge(VARBINARY)	BIGINT	Scalar	NULL	{"fid":"0","symbol":"","file":"","isolation":"isolated","type":"BUILTIN","md5":""}
ds_theta_count_distinct_state_union(VARBINARY,VARBINARY)	VARBINARY	Scalar	NULL	{"fid":"0","symbol":"","file":"","isolation":"isolated","type":"BUILTIN","md5":""}
ds_theta_count_distinct_union(VARBINARY)	VARBINARY	Aggregate	NULL	{"fid":"0","symbol":"","file":"","isolation":"isolated","type":"BUILTIN","md5":""}
dsqrt(DOUBLE)	DOUBLE	Scalar	NULL	{"fid":"10211","symbol":"","file":"","isolation":"isolated","type":"BUILTIN","md5":""}
e()	DOUBLE	Scalar	NULL	{"fid":"10020","symbol":"","file":"","isolation":"isolated","type":"BUILTIN","md5":""}
encode_fingerprint_sha256(INVALID_TYPE, ...)	VARBINARY	Scalar	NULL	{"fid":"120162","symbol":"","file":"","isolation":"isolated","type":"BUILTIN","md5":""}
encode_sort_key(INVALID_TYPE, ...)	VARBINARY	Scalar	NULL	{"fid":"100024","symbol":"","file":"","isolation":"isolated","type":"BUILTIN","md5":""}
ends_with(VARCHAR,VARCHAR)	BOOLEAN	Scalar	NULL	{"fid":"30040","symbol":"","file":"","isolation":"isolated","type":"BUILTIN","md5":""}
equiwidth_bucket(BIGINT,BIGINT,BIGINT,BIGINT)	BIGINT	Scalar	NULL	{"fid":"181001","symbol":"","file":"","isolation":"isolated","type":"BUILTIN","md5":""}
esquery(VARCHAR,VARCHAR)	BOOLEAN	Scalar	NULL	{"fid":"70415","symbol":"","file":"","isolation":"isolated","type":"BUILTIN","md5":""}
exchange_bytes(INVALID_TYPE, ...)	BIGINT	Aggregate	NULL	{"fid":"0","symbol":"","file":"","isolation":"isolated","type":"BUILTIN","md5":""}
exchange_speed(INVALID_TYPE, ...)	VARCHAR	Aggregate	BIGINT	{"fid":"0","symbol":"","file":"","isolation":"isolated","type":"BUILTIN","md5":""}
exp(DOUBLE)	DOUBLE	Scalar	NULL	{"fid":"10180","symbol":"","file":"","isolation":"isolated","type":"BUILTIN","md5":""}
field(BIGINT, ...)	INT	Scalar	NULL	{"fid":"30455","symbol":"","file":"","isolation":"isolated","type":"BUILTIN","md5":""}
field(BOOLEAN, ...)	INT	Scalar	NULL	{"fid":"30451","symbol":"","file":"","isolation":"isolated","type":"BUILTIN","md5":""}
field(DECIMAL128, ...)	INT	Scalar	NULL	{"fid":"304592","symbol":"","file":"","isolation":"isolated","type":"BUILTIN","md5":""}
field(DECIMAL32, ...)	INT	Scalar	NULL	{"fid":"304590","symbol":"","file":"","isolation":"isolated","type":"BUILTIN","md5":""}
field(DECIMAL64, ...)	INT	Scalar	NULL	{"fid":"304591","symbol":"","file":"","isolation":"isolated","type":"BUILTIN","md5":""}
field(DECIMALV2, ...)	INT	Scalar	NULL	{"fid":"30458","symbol":"","file":"","isolation":"isolated","type":"BUILTIN","md5":""}
field(DOUBLE, ...)	INT	Scalar	NULL	{"fid":"30457","symbol":"","file":"","isolation":"isolated","type":"BUILTIN","md5":""}
field(INT, ...)	INT	Scalar	NULL	{"fid":"30454","symbol":"","file":"","isolation":"isolated","type":"BUILTIN","md5":""}
field(LARGEINT, ...)	INT	Scalar	NULL	{"fid":"30456","symbol":"","file":"","isolation":"isolated","type":"BUILTIN","md5":""}
field(SMALLINT, ...)	INT	Scalar	NULL	{"fid":"30453","symbol":"","file":"","isolation":"isolated","type":"BUILTIN","md5":""}
field(TINYINT, ...)	INT	Scalar	NULL	{"fid":"30452","symbol":"","file":"","isolation":"isolated","type":"BUILTIN","md5":""}
field(VARCHAR, ...)	INT	Scalar	NULL	{"fid":"30450","symbol":"","file":"","isolation":"isolated","type":"BUILTIN","md5":""}
find_in_set(VARCHAR,VARCHAR)	INT	Scalar	NULL	{"fid":"30270","symbol":"","file":"","isolation":"isolated","type":"BUILTIN","md5":""}
first_value(BIGINT)	BIGINT	Aggregate	NULL	{"fid":"0","symbol":"","file":"","isolation":"isolated","type":"BUILTIN","md5":""}
first_value(BITMAP)	BITMAP	Aggregate	NULL	{"fid":"0","symbol":"","file":"","isolation":"isolated","type":"BUILTIN","md5":""}
first_value(BOOLEAN)	BOOLEAN	Aggregate	NULL	{"fid":"0","symbol":"","file":"","isolation":"isolated","type":"BUILTIN","md5":""}
first_value(DATE)	DATE	Aggregate	NULL	{"fid":"0","symbol":"","file":"","isolation":"isolated","type":"BUILTIN","md5":""}
first_value(DATETIME)	DATETIME	Aggregate	NULL	{"fid":"0","symbol":"","file":"","isolation":"isolated","type":"BUILTIN","md5":""}
first_value(DECIMAL128)	DECIMAL128	Aggregate	NULL	{"fid":"0","symbol":"","file":"","isolation":"isolated","type":"BUILTIN","md5":""}
first_value(DECIMAL256)	DECIMAL256	Aggregate	NULL	{"fid":"0","symbol":"","file":"","isolation":"isolated","type":"BUILTIN","md5":""}
first_value(DECIMAL32)	DECIMAL32	Aggregate	NULL	{"fid":"0","symbol":"","file":"","isolation":"isolated","type":"BUILTIN","md5":""}
first_value(DECIMAL64)	DECIMAL64	Aggregate	NULL	{"fid":"0","symbol":"","file":"","isolation":"isolated","type":"BUILTIN","md5":""}
first_value(DECIMALV2)	DECIMALV2	Aggregate	NULL	{"fid":"0","symbol":"","file":"","isolation":"isolated","type":"BUILTIN","md5":""}
first_value(DOUBLE)	DOUBLE	Aggregate	NULL	{"fid":"0","symbol":"","file":"","isolation":"isolated","type":"BUILTIN","md5":""}
first_value(FLOAT)	FLOAT	Aggregate	NULL	{"fid":"0","symbol":"","file":"","isolation":"isolated","type":"BUILTIN","md5":""}
first_value(HLL)	HLL	Aggregate	NULL	{"fid":"0","symbol":"","file":"","isolation":"isolated","type":"BUILTIN","md5":""}
first_value(INT)	INT	Aggregate	NULL	{"fid":"0","symbol":"","file":"","isolation":"isolated","type":"BUILTIN","md5":""}
first_value(INVALID_TYPE)	INVALID_TYPE	Aggregate	NULL	{"fid":"0","symbol":"","file":"","isolation":"isolated","type":"BUILTIN","md5":""}
first_value(JSON)	JSON	Aggregate	NULL	{"fid":"0","symbol":"","file":"","isolation":"isolated","type":"BUILTIN","md5":""}
first_value(LARGEINT)	LARGEINT	Aggregate	NULL	{"fid":"0","symbol":"","file":"","isolation":"isolated","type":"BUILTIN","md5":""}
first_value(PERCENTILE)	PERCENTILE	Aggregate	NULL	{"fid":"0","symbol":"","file":"","isolation":"isolated","type":"BUILTIN","md5":""}
first_value(SMALLINT)	SMALLINT	Aggregate	NULL	{"fid":"0","symbol":"","file":"","isolation":"isolated","type":"BUILTIN","md5":""}
first_value(TINYINT)	TINYINT	Aggregate	NULL	{"fid":"0","symbol":"","file":"","isolation":"isolated","type":"BUILTIN","md5":""}
first_value(UNKNOWN_TYPE)	UNKNOWN_TYPE	Aggregate	NULL	{"fid":"0","symbol":"","file":"","isolation":"isolated","type":"BUILTIN","md5":""}
first_value(VARCHAR)	VARCHAR	Aggregate	NULL	{"fid":"0","symbol":"","file":"","isolation":"isolated","type":"BUILTIN","md5":""}
first_value_rewrite(BIGINT,BIGINT)	BIGINT	Aggregate	NULL	{"fid":"0","symbol":"","file":"","isolation":"isolated","type":"BUILTIN","md5":""}
first_value_rewrite(BITMAP,BIGINT)	BITMAP	Aggregate	NULL	{"fid":"0","symbol":"","file":"","isolation":"isolated","type":"BUILTIN","md5":""}
first_value_rewrite(BOOLEAN,BIGINT)	BOOLEAN	Aggregate	NULL	{"fid":"0","symbol":"","file":"","isolation":"isolated","type":"BUILTIN","md5":""}
first_value_rewrite(DATE,BIGINT)	DATE	Aggregate	NULL	{"fid":"0","symbol":"","file":"","isolation":"isolated","type":"BUILTIN","md5":""}
first_value_rewrite(DATETIME,BIGINT)	DATETIME	Aggregate	NULL	{"fid":"0","symbol":"","file":"","isolation":"isolated","type":"BUILTIN","md5":""}
first_value_rewrite(DECIMAL128,BIGINT)	DECIMAL128	Aggregate	NULL	{"fid":"0","symbol":"","file":"","isolation":"isolated","type":"BUILTIN","md5":""}
first_value_rewrite(DECIMAL256,BIGINT)	DECIMAL256	Aggregate	NULL	{"fid":"0","symbol":"","file":"","isolation":"isolated","type":"BUILTIN","md5":""}
first_value_rewrite(DECIMAL32,BIGINT)	DECIMAL32	Aggregate	NULL	{"fid":"0","symbol":"","file":"","isolation":"isolated","type":"BUILTIN","md5":""}
first_value_rewrite(DECIMAL64,BIGINT)	DECIMAL64	Aggregate	NULL	{"fid":"0","symbol":"","file":"","isolation":"isolated","type":"BUILTIN","md5":""}
first_value_rewrite(DECIMALV2,BIGINT)	DECIMALV2	Aggregate	NULL	{"fid":"0","symbol":"","file":"","isolation":"isolated","type":"BUILTIN","md5":""}
first_value_rewrite(DOUBLE,BIGINT)	DOUBLE	Aggregate	NULL	{"fid":"0","symbol":"","file":"","isolation":"isolated","type":"BUILTIN","md5":""}
first_value_rewrite(FLOAT,BIGINT)	FLOAT	Aggregate	NULL	{"fid":"0","symbol":"","file":"","isolation":"isolated","type":"BUILTIN","md5":""}
first_value_rewrite(HLL,BIGINT)	HLL	Aggregate	NULL	{"fid":"0","symbol":"","file":"","isolation":"isolated","type":"BUILTIN","md5":""}
first_value_rewrite(INT,BIGINT)	INT	Aggregate	NULL	{"fid":"0","symbol":"","file":"","isolation":"isolated","type":"BUILTIN","md5":""}
first_value_rewrite(INVALID_TYPE,BIGINT)	INVALID_TYPE	Aggregate	NULL	{"fid":"0","symbol":"","file":"","isolation":"isolated","type":"BUILTIN","md5":""}
first_value_rewrite(JSON,BIGINT)	JSON	Aggregate	NULL	{"fid":"0","symbol":"","file":"","isolation":"isolated","type":"BUILTIN","md5":""}
first_value_rewrite(LARGEINT,BIGINT)	LARGEINT	Aggregate	NULL	{"fid":"0","symbol":"","file":"","isolation":"isolated","type":"BUILTIN","md5":""}
first_value_rewrite(PERCENTILE,BIGINT)	PERCENTILE	Aggregate	NULL	{"fid":"0","symbol":"","file":"","isolation":"isolated","type":"BUILTIN","md5":""}
first_value_rewrite(SMALLINT,BIGINT)	SMALLINT	Aggregate	NULL	{"fid":"0","symbol":"","file":"","isolation":"isolated","type":"BUILTIN","md5":""}
first_value_rewrite(TINYINT,BIGINT)	TINYINT	Aggregate	NULL	{"fid":"0","symbol":"","file":"","isolation":"isolated","type":"BUILTIN","md5":""}
first_value_rewrite(UNKNOWN_TYPE,BIGINT)	UNKNOWN_TYPE	Aggregate	NULL	{"fid":"0","symbol":"","file":"","isolation":"isolated","type":"BUILTIN","md5":""}
first_value_rewrite(VARCHAR,BIGINT)	VARCHAR	Aggregate	NULL	{"fid":"0","symbol":"","file":"","isolation":"isolated","type":"BUILTIN","md5":""}
flat_json_meta(INVALID_TYPE)	INVALID_TYPE	Aggregate	NULL	{"fid":"0","symbol":"","file":"","isolation":"isolated","type":"BUILTIN","md5":""}
flat_json_meta(JSON)	INVALID_TYPE	Aggregate	NULL	{"fid":"0","symbol":"","file":"","isolation":"isolated","type":"BUILTIN","md5":""}
floor(DOUBLE)	BIGINT	Scalar	NULL	{"fid":"10120","symbol":"","file":"","isolation":"isolated","type":"BUILTIN","md5":""}
fmod(DOUBLE,DOUBLE)	DOUBLE	Scalar	NULL	{"fid":"10241","symbol":"","file":"","isolation":"isolated","type":"BUILTIN","md5":""}
fmod(FLOAT,FLOAT)	FLOAT	Scalar	NULL	{"fid":"10240","symbol":"","file":"","isolation":"isolated","type":"BUILTIN","md5":""}
format_bytes(BIGINT)	VARCHAR	Scalar	NULL	{"fid":"30460","symbol":"","file":"","isolation":"isolated","type":"BUILTIN","md5":""}
fpow(DOUBLE,DOUBLE)	DOUBLE	Scalar	NULL	{"fid":"10223","symbol":"","file":"","isolation":"isolated","type":"BUILTIN","md5":""}
from_base64(VARCHAR)	VARCHAR	Scalar	NULL	{"fid":"120120","symbol":"","file":"","isolation":"isolated","type":"BUILTIN","md5":""}
from_binary(VARBINARY)	VARCHAR	Scalar	NULL	{"fid":"30603","symbol":"","file":"","isolation":"isolated","type":"BUILTIN","md5":""}
from_binary(VARBINARY,VARCHAR)	VARCHAR	Scalar	NULL	{"fid":"30602","symbol":"","file":"","isolation":"isolated","type":"BUILTIN","md5":""}
from_days(INT)	DATE	Scalar	NULL	{"fid":"50230","symbol":"","file":"","isolation":"isolated","type":"BUILTIN","md5":""}
from_unixtime(BIGINT)	VARCHAR	Scalar	NULL	{"fid":"50288","symbol":"","file":"","isolation":"isolated","type":"BUILTIN","md5":""}
from_unixtime(BIGINT,VARCHAR)	VARCHAR	Scalar	NULL	{"fid":"50289","symbol":"","file":"","isolation":"isolated","type":"BUILTIN","md5":""}
from_unixtime(BIGINT,VARCHAR,VARCHAR)	VARCHAR	Scalar	NULL	{"fid":"50291","symbol":"","file":"","isolation":"isolated","type":"BUILTIN","md5":""}
from_unixtime(INT)	VARCHAR	Scalar	NULL	{"fid":"50304","symbol":"","file":"","isolation":"isolated","type":"BUILTIN","md5":""}
from_unixtime(INT,VARCHAR)	VARCHAR	Scalar	NULL	{"fid":"50305","symbol":"","file":"","isolation":"isolated","type":"BUILTIN","md5":""}
from_unixtime_ms(BIGINT)	VARCHAR	Scalar	NULL	{"fid":"50290","symbol":"","file":"","isolation":"isolated","type":"BUILTIN","md5":""}
fused_multi_distinct_count(BIGINT)	INVALID_TYPE	Aggregate	VARBINARY	{"fid":"0","symbol":"","file":"","isolation":"isolated","type":"BUILTIN","md5":""}
fused_multi_distinct_count(BOOLEAN)	INVALID_TYPE	Aggregate	VARBINARY	{"fid":"0","symbol":"","file":"","isolation":"isolated","type":"BUILTIN","md5":""}
fused_multi_distinct_count(CHAR)	INVALID_TYPE	Aggregate	VARBINARY	{"fid":"0","symbol":"","file":"","isolation":"isolated","type":"BUILTIN","md5":""}
fused_multi_distinct_count(DATE)	INVALID_TYPE	Aggregate	VARBINARY	{"fid":"0","symbol":"","file":"","isolation":"isolated","type":"BUILTIN","md5":""}
fused_multi_distinct_count(DATETIME)	INVALID_TYPE	Aggregate	VARBINARY	{"fid":"0","symbol":"","file":"","isolation":"isolated","type":"BUILTIN","md5":""}
fused_multi_distinct_count(DECIMAL128)	INVALID_TYPE	Aggregate	VARBINARY	{"fid":"0","symbol":"","file":"","isolation":"isolated","type":"BUILTIN","md5":""}
fused_multi_distinct_count(DECIMAL256)	INVALID_TYPE	Aggregate	VARBINARY	{"fid":"0","symbol":"","file":"","isolation":"isolated","type":"BUILTIN","md5":""}
fused_multi_distinct_count(DECIMAL32)	INVALID_TYPE	Aggregate	VARBINARY	{"fid":"0","symbol":"","file":"","isolation":"isolated","type":"BUILTIN","md5":""}
fused_multi_distinct_count(DECIMAL64)	INVALID_TYPE	Aggregate	VARBINARY	{"fid":"0","symbol":"","file":"","isolation":"isolated","type":"BUILTIN","md5":""}
fused_multi_distinct_count(DECIMALV2)	INVALID_TYPE	Aggregate	VARBINARY	{"fid":"0","symbol":"","file":"","isolation":"isolated","type":"BUILTIN","md5":""}
fused_multi_distinct_count(DOUBLE)	INVALID_TYPE	Aggregate	VARBINARY	{"fid":"0","symbol":"","file":"","isolation":"isolated","type":"BUILTIN","md5":""}
fused_multi_distinct_count(FLOAT)	INVALID_TYPE	Aggregate	VARBINARY	{"fid":"0","symbol":"","file":"","isolation":"isolated","type":"BUILTIN","md5":""}
fused_multi_distinct_count(INT)	INVALID_TYPE	Aggregate	VARBINARY	{"fid":"0","symbol":"","file":"","isolation":"isolated","type":"BUILTIN","md5":""}
fused_multi_distinct_count(LARGEINT)	INVALID_TYPE	Aggregate	VARBINARY	{"fid":"0","symbol":"","file":"","isolation":"isolated","type":"BUILTIN","md5":""}
fused_multi_distinct_count(SMALLINT)	INVALID_TYPE	Aggregate	VARBINARY	{"fid":"0","symbol":"","file":"","isolation":"isolated","type":"BUILTIN","md5":""}
fused_multi_distinct_count(TINYINT)	INVALID_TYPE	Aggregate	VARBINARY	{"fid":"0","symbol":"","file":"","isolation":"isolated","type":"BUILTIN","md5":""}
fused_multi_distinct_count(VARBINARY)	INVALID_TYPE	Aggregate	VARBINARY	{"fid":"0","symbol":"","file":"","isolation":"isolated","type":"BUILTIN","md5":""}
fused_multi_distinct_count_avg(BIGINT)	INVALID_TYPE	Aggregate	VARBINARY	{"fid":"0","symbol":"","file":"","isolation":"isolated","type":"BUILTIN","md5":""}
fused_multi_distinct_count_avg(BOOLEAN)	INVALID_TYPE	Aggregate	VARBINARY	{"fid":"0","symbol":"","file":"","isolation":"isolated","type":"BUILTIN","md5":""}
fused_multi_distinct_count_avg(CHAR)	INVALID_TYPE	Aggregate	VARBINARY	{"fid":"0","symbol":"","file":"","isolation":"isolated","type":"BUILTIN","md5":""}
fused_multi_distinct_count_avg(DATE)	INVALID_TYPE	Aggregate	VARBINARY	{"fid":"0","symbol":"","file":"","isolation":"isolated","type":"BUILTIN","md5":""}
fused_multi_distinct_count_avg(DATETIME)	INVALID_TYPE	Aggregate	VARBINARY	{"fid":"0","symbol":"","file":"","isolation":"isolated","type":"BUILTIN","md5":""}
fused_multi_distinct_count_avg(DECIMAL128)	INVALID_TYPE	Aggregate	VARBINARY	{"fid":"0","symbol":"","file":"","isolation":"isolated","type":"BUILTIN","md5":""}
fused_multi_distinct_count_avg(DECIMAL256)	INVALID_TYPE	Aggregate	VARBINARY	{"fid":"0","symbol":"","file":"","isolation":"isolated","type":"BUILTIN","md5":""}
fused_multi_distinct_count_avg(DECIMAL32)	INVALID_TYPE	Aggregate	VARBINARY	{"fid":"0","symbol":"","file":"","isolation":"isolated","type":"BUILTIN","md5":""}
fused_multi_distinct_count_avg(DECIMAL64)	INVALID_TYPE	Aggregate	VARBINARY	{"fid":"0","symbol":"","file":"","isolation":"isolated","type":"BUILTIN","md5":""}
fused_multi_distinct_count_avg(DECIMALV2)	INVALID_TYPE	Aggregate	VARBINARY	{"fid":"0","symbol":"","file":"","isolation":"isolated","type":"BUILTIN","md5":""}
fused_multi_distinct_count_avg(DOUBLE)	INVALID_TYPE	Aggregate	VARBINARY	{"fid":"0","symbol":"","file":"","isolation":"isolated","type":"BUILTIN","md5":""}
fused_multi_distinct_count_avg(FLOAT)	INVALID_TYPE	Aggregate	VARBINARY	{"fid":"0","symbol":"","file":"","isolation":"isolated","type":"BUILTIN","md5":""}
fused_multi_distinct_count_avg(INT)	INVALID_TYPE	Aggregate	VARBINARY	{"fid":"0","symbol":"","file":"","isolation":"isolated","type":"BUILTIN","md5":""}
fused_multi_distinct_count_avg(LARGEINT)	INVALID_TYPE	Aggregate	VARBINARY	{"fid":"0","symbol":"","file":"","isolation":"isolated","type":"BUILTIN","md5":""}
fused_multi_distinct_count_avg(SMALLINT)	INVALID_TYPE	Aggregate	VARBINARY	{"fid":"0","symbol":"","file":"","isolation":"isolated","type":"BUILTIN","md5":""}
fused_multi_distinct_count_avg(TINYINT)	INVALID_TYPE	Aggregate	VARBINARY	{"fid":"0","symbol":"","file":"","isolation":"isolated","type":"BUILTIN","md5":""}
fused_multi_distinct_count_avg(VARBINARY)	INVALID_TYPE	Aggregate	VARBINARY	{"fid":"0","symbol":"","file":"","isolation":"isolated","type":"BUILTIN","md5":""}
fused_multi_distinct_count_avg_combine(BIGINT)	VARBINARY	Aggregate	NULL	{"fid":"0","symbol":"","file":"","isolation":"isolated","type":"BUILTIN","md5":""}
fused_multi_distinct_count_avg_combine(BOOLEAN)	VARBINARY	Aggregate	NULL	{"fid":"0","symbol":"","file":"","isolation":"isolated","type":"BUILTIN","md5":""}
fused_multi_distinct_count_avg_combine(CHAR)	VARBINARY	Aggregate	NULL	{"fid":"0","symbol":"","file":"","isolation":"isolated","type":"BUILTIN","md5":""}
fused_multi_distinct_count_avg_combine(DATE)	VARBINARY	Aggregate	NULL	{"fid":"0","symbol":"","file":"","isolation":"isolated","type":"BUILTIN","md5":""}
fused_multi_distinct_count_avg_combine(DATETIME)	VARBINARY	Aggregate	NULL	{"fid":"0","symbol":"","file":"","isolation":"isolated","type":"BUILTIN","md5":""}
fused_multi_distinct_count_avg_combine(DECIMAL128)	VARBINARY	Aggregate	NULL	{"fid":"0","symbol":"","file":"","isolation":"isolated","type":"BUILTIN","md5":""}
fused_multi_distinct_count_avg_combine(DECIMAL256)	VARBINARY	Aggregate	NULL	{"fid":"0","symbol":"","file":"","isolation":"isolated","type":"BUILTIN","md5":""}
fused_multi_distinct_count_avg_combine(DECIMAL32)	VARBINARY	Aggregate	NULL	{"fid":"0","symbol":"","file":"","isolation":"isolated","type":"BUILTIN","md5":""}
fused_multi_distinct_count_avg_combine(DECIMAL64)	VARBINARY	Aggregate	NULL	{"fid":"0","symbol":"","file":"","isolation":"isolated","type":"BUILTIN","md5":""}
fused_multi_distinct_count_avg_combine(DOUBLE)	VARBINARY	Aggregate	NULL	{"fid":"0","symbol":"","file":"","isolation":"isolated","type":"BUILTIN","md5":""}
fused_multi_distinct_count_avg_combine(FLOAT)	VARBINARY	Aggregate	NULL	{"fid":"0","symbol":"","file":"","isolation":"isolated","type":"BUILTIN","md5":""}
fused_multi_distinct_count_avg_combine(INT)	VARBINARY	Aggregate	NULL	{"fid":"0","symbol":"","file":"","isolation":"isolated","type":"BUILTIN","md5":""}
fused_multi_distinct_count_avg_combine(LARGEINT)	VARBINARY	Aggregate	NULL	{"fid":"0","symbol":"","file":"","isolation":"isolated","type":"BUILTIN","md5":""}
fused_multi_distinct_count_avg_combine(SMALLINT)	VARBINARY	Aggregate	NULL	{"fid":"0","symbol":"","file":"","isolation":"isolated","type":"BUILTIN","md5":""}
fused_multi_distinct_count_avg_combine(TINYINT)	VARBINARY	Aggregate	NULL	{"fid":"0","symbol":"","file":"","isolation":"isolated","type":"BUILTIN","md5":""}
fused_multi_distinct_count_avg_combine(VARBINARY)	VARBINARY	Aggregate	NULL	{"fid":"0","symbol":"","file":"","isolation":"isolated","type":"BUILTIN","md5":""}
fused_multi_distinct_count_avg_if(BIGINT,BOOLEAN)	INVALID_TYPE	Aggregate	VARBINARY	{"fid":"0","symbol":"","file":"","isolation":"isolated","type":"BUILTIN","md5":""}
fused_multi_distinct_count_avg_if(BOOLEAN,BOOLEAN)	INVALID_TYPE	Aggregate	VARBINARY	{"fid":"0","symbol":"","file":"","isolation":"isolated","type":"BUILTIN","md5":""}
fused_multi_distinct_count_avg_if(CHAR,BOOLEAN)	INVALID_TYPE	Aggregate	VARBINARY	{"fid":"0","symbol":"","file":"","isolation":"isolated","type":"BUILTIN","md5":""}
fused_multi_distinct_count_avg_if(DATE,BOOLEAN)	INVALID_TYPE	Aggregate	VARBINARY	{"fid":"0","symbol":"","file":"","isolation":"isolated","type":"BUILTIN","md5":""}
fused_multi_distinct_count_avg_if(DATETIME,BOOLEAN)	INVALID_TYPE	Aggregate	VARBINARY	{"fid":"0","symbol":"","file":"","isolation":"isolated","type":"BUILTIN","md5":""}
fused_multi_distinct_count_avg_if(DECIMAL128,BOOLEAN)	INVALID_TYPE	Aggregate	VARBINARY	{"fid":"0","symbol":"","file":"","isolation":"isolated","type":"BUILTIN","md5":""}
fused_multi_distinct_count_avg_if(DECIMAL256,BOOLEAN)	INVALID_TYPE	Aggregate	VARBINARY	{"fid":"0","symbol":"","file":"","isolation":"isolated","type":"BUILTIN","md5":""}
fused_multi_distinct_count_avg_if(DECIMAL32,BOOLEAN)	INVALID_TYPE	Aggregate	VARBINARY	{"fid":"0","symbol":"","file":"","isolation":"isolated","type":"BUILTIN","md5":""}
fused_multi_distinct_count_avg_if(DECIMAL64,BOOLEAN)	INVALID_TYPE	Aggregate	VARBINARY	{"fid":"0","symbol":"","file":"","isolation":"isolated","type":"BUILTIN","md5":""}
fused_multi_distinct_count_avg_if(DOUBLE,BOOLEAN)	INVALID_TYPE	Aggregate	VARBINARY	{"fid":"0","symbol":"","file":"","isolation":"isolated","type":"BUILTIN","md5":""}
fused_multi_distinct_count_avg_if(FLOAT,BOOLEAN)	INVALID_TYPE	Aggregate	VARBINARY	{"fid":"0","symbol":"","file":"","isolation":"isolated","type":"BUILTIN","md5":""}
fused_multi_distinct_count_avg_if(INT,BOOLEAN)	INVALID_TYPE	Aggregate	VARBINARY	{"fid":"0","symbol":"","file":"","isolation":"isolated","type":"BUILTIN","md5":""}
fused_multi_distinct_count_avg_if(LARGEINT,BOOLEAN)	INVALID_TYPE	Aggregate	VARBINARY	{"fid":"0","symbol":"","file":"","isolation":"isolated","type":"BUILTIN","md5":""}
fused_multi_distinct_count_avg_if(SMALLINT,BOOLEAN)	INVALID_TYPE	Aggregate	VARBINARY	{"fid":"0","symbol":"","file":"","isolation":"isolated","type":"BUILTIN","md5":""}
fused_multi_distinct_count_avg_if(TINYINT,BOOLEAN)	INVALID_TYPE	Aggregate	VARBINARY	{"fid":"0","symbol":"","file":"","isolation":"isolated","type":"BUILTIN","md5":""}
fused_multi_distinct_count_avg_if(VARBINARY,BOOLEAN)	INVALID_TYPE	Aggregate	VARBINARY	{"fid":"0","symbol":"","file":"","isolation":"isolated","type":"BUILTIN","md5":""}
fused_multi_distinct_count_avg_merge(VARBINARY)	INVALID_TYPE	Aggregate	VARBINARY	{"fid":"0","symbol":"","file":"","isolation":"isolated","type":"BUILTIN","md5":""}
fused_multi_distinct_count_avg_state(BIGINT)	VARBINARY	Scalar	NULL	{"fid":"0","symbol":"","file":"","isolation":"isolated","type":"BUILTIN","md5":""}
fused_multi_distinct_count_avg_state(BOOLEAN)	VARBINARY	Scalar	NULL	{"fid":"0","symbol":"","file":"","isolation":"isolated","type":"BUILTIN","md5":""}
fused_multi_distinct_count_avg_state(CHAR)	VARBINARY	Scalar	NULL	{"fid":"0","symbol":"","file":"","isolation":"isolated","type":"BUILTIN","md5":""}
fused_multi_distinct_count_avg_state(DATE)	VARBINARY	Scalar	NULL	{"fid":"0","symbol":"","file":"","isolation":"isolated","type":"BUILTIN","md5":""}
fused_multi_distinct_count_avg_state(DATETIME)	VARBINARY	Scalar	NULL	{"fid":"0","symbol":"","file":"","isolation":"isolated","type":"BUILTIN","md5":""}
fused_multi_distinct_count_avg_state(DECIMAL128)	VARBINARY	Scalar	NULL	{"fid":"0","symbol":"","file":"","isolation":"isolated","type":"BUILTIN","md5":""}
fused_multi_distinct_count_avg_state(DECIMAL256)	VARBINARY	Scalar	NULL	{"fid":"0","symbol":"","file":"","isolation":"isolated","type":"BUILTIN","md5":""}
fused_multi_distinct_count_avg_state(DECIMAL32)	VARBINARY	Scalar	NULL	{"fid":"0","symbol":"","file":"","isolation":"isolated","type":"BUILTIN","md5":""}
fused_multi_distinct_count_avg_state(DECIMAL64)	VARBINARY	Scalar	NULL	{"fid":"0","symbol":"","file":"","isolation":"isolated","type":"BUILTIN","md5":""}
fused_multi_distinct_count_avg_state(DOUBLE)	VARBINARY	Scalar	NULL	{"fid":"0","symbol":"","file":"","isolation":"isolated","type":"BUILTIN","md5":""}
fused_multi_distinct_count_avg_state(FLOAT)	VARBINARY	Scalar	NULL	{"fid":"0","symbol":"","file":"","isolation":"isolated","type":"BUILTIN","md5":""}
fused_multi_distinct_count_avg_state(INT)	VARBINARY	Scalar	NULL	{"fid":"0","symbol":"","file":"","isolation":"isolated","type":"BUILTIN","md5":""}
fused_multi_distinct_count_avg_state(LARGEINT)	VARBINARY	Scalar	NULL	{"fid":"0","symbol":"","file":"","isolation":"isolated","type":"BUILTIN","md5":""}
fused_multi_distinct_count_avg_state(SMALLINT)	VARBINARY	Scalar	NULL	{"fid":"0","symbol":"","file":"","isolation":"isolated","type":"BUILTIN","md5":""}
fused_multi_distinct_count_avg_state(TINYINT)	VARBINARY	Scalar	NULL	{"fid":"0","symbol":"","file":"","isolation":"isolated","type":"BUILTIN","md5":""}
fused_multi_distinct_count_avg_state(VARBINARY)	VARBINARY	Scalar	NULL	{"fid":"0","symbol":"","file":"","isolation":"isolated","type":"BUILTIN","md5":""}
fused_multi_distinct_count_avg_state_merge(VARBINARY)	INVALID_TYPE	Scalar	NULL	{"fid":"0","symbol":"","file":"","isolation":"isolated","type":"BUILTIN","md5":""}
fused_multi_distinct_count_avg_state_union(VARBINARY,VARBINARY)	VARBINARY	Scalar	NULL	{"fid":"0","symbol":"","file":"","isolation":"isolated","type":"BUILTIN","md5":""}
fused_multi_distinct_count_avg_union(VARBINARY)	VARBINARY	Aggregate	NULL	{"fid":"0","symbol":"","file":"","isolation":"isolated","type":"BUILTIN","md5":""}
fused_multi_distinct_count_combine(BIGINT)	VARBINARY	Aggregate	NULL	{"fid":"0","symbol":"","file":"","isolation":"isolated","type":"BUILTIN","md5":""}
fused_multi_distinct_count_combine(BOOLEAN)	VARBINARY	Aggregate	NULL	{"fid":"0","symbol":"","file":"","isolation":"isolated","type":"BUILTIN","md5":""}
fused_multi_distinct_count_combine(CHAR)	VARBINARY	Aggregate	NULL	{"fid":"0","symbol":"","file":"","isolation":"isolated","type":"BUILTIN","md5":""}
fused_multi_distinct_count_combine(DATE)	VARBINARY	Aggregate	NULL	{"fid":"0","symbol":"","file":"","isolation":"isolated","type":"BUILTIN","md5":""}
fused_multi_distinct_count_combine(DATETIME)	VARBINARY	Aggregate	NULL	{"fid":"0","symbol":"","file":"","isolation":"isolated","type":"BUILTIN","md5":""}
fused_multi_distinct_count_combine(DECIMAL128)	VARBINARY	Aggregate	NULL	{"fid":"0","symbol":"","file":"","isolation":"isolated","type":"BUILTIN","md5":""}
fused_multi_distinct_count_combine(DECIMAL256)	VARBINARY	Aggregate	NULL	{"fid":"0","symbol":"","file":"","isolation":"isolated","type":"BUILTIN","md5":""}
fused_multi_distinct_count_combine(DECIMAL32)	VARBINARY	Aggregate	NULL	{"fid":"0","symbol":"","file":"","isolation":"isolated","type":"BUILTIN","md5":""}
fused_multi_distinct_count_combine(DECIMAL64)	VARBINARY	Aggregate	NULL	{"fid":"0","symbol":"","file":"","isolation":"isolated","type":"BUILTIN","md5":""}
fused_multi_distinct_count_combine(DOUBLE)	VARBINARY	Aggregate	NULL	{"fid":"0","symbol":"","file":"","isolation":"isolated","type":"BUILTIN","md5":""}
fused_multi_distinct_count_combine(FLOAT)	VARBINARY	Aggregate	NULL	{"fid":"0","symbol":"","file":"","isolation":"isolated","type":"BUILTIN","md5":""}
fused_multi_distinct_count_combine(INT)	VARBINARY	Aggregate	NULL	{"fid":"0","symbol":"","file":"","isolation":"isolated","type":"BUILTIN","md5":""}
fused_multi_distinct_count_combine(LARGEINT)	VARBINARY	Aggregate	NULL	{"fid":"0","symbol":"","file":"","isolation":"isolated","type":"BUILTIN","md5":""}
fused_multi_distinct_count_combine(SMALLINT)	VARBINARY	Aggregate	NULL	{"fid":"0","symbol":"","file":"","isolation":"isolated","type":"BUILTIN","md5":""}
fused_multi_distinct_count_combine(TINYINT)	VARBINARY	Aggregate	NULL	{"fid":"0","symbol":"","file":"","isolation":"isolated","type":"BUILTIN","md5":""}
fused_multi_distinct_count_combine(VARBINARY)	VARBINARY	Aggregate	NULL	{"fid":"0","symbol":"","file":"","isolation":"isolated","type":"BUILTIN","md5":""}
fused_multi_distinct_count_if(BIGINT,BOOLEAN)	INVALID_TYPE	Aggregate	VARBINARY	{"fid":"0","symbol":"","file":"","isolation":"isolated","type":"BUILTIN","md5":""}
fused_multi_distinct_count_if(BOOLEAN,BOOLEAN)	INVALID_TYPE	Aggregate	VARBINARY	{"fid":"0","symbol":"","file":"","isolation":"isolated","type":"BUILTIN","md5":""}
fused_multi_distinct_count_if(CHAR,BOOLEAN)	INVALID_TYPE	Aggregate	VARBINARY	{"fid":"0","symbol":"","file":"","isolation":"isolated","type":"BUILTIN","md5":""}
fused_multi_distinct_count_if(DATE,BOOLEAN)	INVALID_TYPE	Aggregate	VARBINARY	{"fid":"0","symbol":"","file":"","isolation":"isolated","type":"BUILTIN","md5":""}
fused_multi_distinct_count_if(DATETIME,BOOLEAN)	INVALID_TYPE	Aggregate	VARBINARY	{"fid":"0","symbol":"","file":"","isolation":"isolated","type":"BUILTIN","md5":""}
fused_multi_distinct_count_if(DECIMAL128,BOOLEAN)	INVALID_TYPE	Aggregate	VARBINARY	{"fid":"0","symbol":"","file":"","isolation":"isolated","type":"BUILTIN","md5":""}
fused_multi_distinct_count_if(DECIMAL256,BOOLEAN)	INVALID_TYPE	Aggregate	VARBINARY	{"fid":"0","symbol":"","file":"","isolation":"isolated","type":"BUILTIN","md5":""}
fused_multi_distinct_count_if(DECIMAL32,BOOLEAN)	INVALID_TYPE	Aggregate	VARBINARY	{"fid":"0","symbol":"","file":"","isolation":"isolated","type":"BUILTIN","md5":""}
fused_multi_distinct_count_if(DECIMAL64,BOOLEAN)	INVALID_TYPE	Aggregate	VARBINARY	{"fid":"0","symbol":"","file":"","isolation":"isolated","type":"BUILTIN","md5":""}
fused_multi_distinct_count_if(DOUBLE,BOOLEAN)	INVALID_TYPE	Aggregate	VARBINARY	{"fid":"0","symbol":"","file":"","isolation":"isolated","type":"BUILTIN","md5":""}
fused_multi_distinct_count_if(FLOAT,BOOLEAN)	INVALID_TYPE	Aggregate	VARBINARY	{"fid":"0","symbol":"","file":"","isolation":"isolated","type":"BUILTIN","md5":""}
fused_multi_distinct_count_if(INT,BOOLEAN)	INVALID_TYPE	Aggregate	VARBINARY	{"fid":"0","symbol":"","file":"","isolation":"isolated","type":"BUILTIN","md5":""}
fused_multi_distinct_count_if(LARGEINT,BOOLEAN)	INVALID_TYPE	Aggregate	VARBINARY	{"fid":"0","symbol":"","file":"","isolation":"isolated","type":"BUILTIN","md5":""}
fused_multi_distinct_count_if(SMALLINT,BOOLEAN)	INVALID_TYPE	Aggregate	VARBINARY	{"fid":"0","symbol":"","file":"","isolation":"isolated","type":"BUILTIN","md5":""}
fused_multi_distinct_count_if(TINYINT,BOOLEAN)	INVALID_TYPE	Aggregate	VARBINARY	{"fid":"0","symbol":"","file":"","isolation":"isolated","type":"BUILTIN","md5":""}
fused_multi_distinct_count_if(VARBINARY,BOOLEAN)	INVALID_TYPE	Aggregate	VARBINARY	{"fid":"0","symbol":"","file":"","isolation":"isolated","type":"BUILTIN","md5":""}
fused_multi_distinct_count_merge(VARBINARY)	INVALID_TYPE	Aggregate	VARBINARY	{"fid":"0","symbol":"","file":"","isolation":"isolated","type":"BUILTIN","md5":""}
fused_multi_distinct_count_state(BIGINT)	VARBINARY	Scalar	NULL	{"fid":"0","symbol":"","file":"","isolation":"isolated","type":"BUILTIN","md5":""}
fused_multi_distinct_count_state(BOOLEAN)	VARBINARY	Scalar	NULL	{"fid":"0","symbol":"","file":"","isolation":"isolated","type":"BUILTIN","md5":""}
fused_multi_distinct_count_state(CHAR)	VARBINARY	Scalar	NULL	{"fid":"0","symbol":"","file":"","isolation":"isolated","type":"BUILTIN","md5":""}
fused_multi_distinct_count_state(DATE)	VARBINARY	Scalar	NULL	{"fid":"0","symbol":"","file":"","isolation":"isolated","type":"BUILTIN","md5":""}
fused_multi_distinct_count_state(DATETIME)	VARBINARY	Scalar	NULL	{"fid":"0","symbol":"","file":"","isolation":"isolated","type":"BUILTIN","md5":""}
fused_multi_distinct_count_state(DECIMAL128)	VARBINARY	Scalar	NULL	{"fid":"0","symbol":"","file":"","isolation":"isolated","type":"BUILTIN","md5":""}
fused_multi_distinct_count_state(DECIMAL256)	VARBINARY	Scalar	NULL	{"fid":"0","symbol":"","file":"","isolation":"isolated","type":"BUILTIN","md5":""}
fused_multi_distinct_count_state(DECIMAL32)	VARBINARY	Scalar	NULL	{"fid":"0","symbol":"","file":"","isolation":"isolated","type":"BUILTIN","md5":""}
fused_multi_distinct_count_state(DECIMAL64)	VARBINARY	Scalar	NULL	{"fid":"0","symbol":"","file":"","isolation":"isolated","type":"BUILTIN","md5":""}
fused_multi_distinct_count_state(DOUBLE)	VARBINARY	Scalar	NULL	{"fid":"0","symbol":"","file":"","isolation":"isolated","type":"BUILTIN","md5":""}
fused_multi_distinct_count_state(FLOAT)	VARBINARY	Scalar	NULL	{"fid":"0","symbol":"","file":"","isolation":"isolated","type":"BUILTIN","md5":""}
fused_multi_distinct_count_state(INT)	VARBINARY	Scalar	NULL	{"fid":"0","symbol":"","file":"","isolation":"isolated","type":"BUILTIN","md5":""}
fused_multi_distinct_count_state(LARGEINT)	VARBINARY	Scalar	NULL	{"fid":"0","symbol":"","file":"","isolation":"isolated","type":"BUILTIN","md5":""}
fused_multi_distinct_count_state(SMALLINT)	VARBINARY	Scalar	NULL	{"fid":"0","symbol":"","file":"","isolation":"isolated","type":"BUILTIN","md5":""}
fused_multi_distinct_count_state(TINYINT)	VARBINARY	Scalar	NULL	{"fid":"0","symbol":"","file":"","isolation":"isolated","type":"BUILTIN","md5":""}
fused_multi_distinct_count_state(VARBINARY)	VARBINARY	Scalar	NULL	{"fid":"0","symbol":"","file":"","isolation":"isolated","type":"BUILTIN","md5":""}
fused_multi_distinct_count_state_merge(VARBINARY)	INVALID_TYPE	Scalar	NULL	{"fid":"0","symbol":"","file":"","isolation":"isolated","type":"BUILTIN","md5":""}
fused_multi_distinct_count_state_union(VARBINARY,VARBINARY)	VARBINARY	Scalar	NULL	{"fid":"0","symbol":"","file":"","isolation":"isolated","type":"BUILTIN","md5":""}
fused_multi_distinct_count_sum(BIGINT)	INVALID_TYPE	Aggregate	VARBINARY	{"fid":"0","symbol":"","file":"","isolation":"isolated","type":"BUILTIN","md5":""}
fused_multi_distinct_count_sum(BOOLEAN)	INVALID_TYPE	Aggregate	VARBINARY	{"fid":"0","symbol":"","file":"","isolation":"isolated","type":"BUILTIN","md5":""}
fused_multi_distinct_count_sum(CHAR)	INVALID_TYPE	Aggregate	VARBINARY	{"fid":"0","symbol":"","file":"","isolation":"isolated","type":"BUILTIN","md5":""}
fused_multi_distinct_count_sum(DATE)	INVALID_TYPE	Aggregate	VARBINARY	{"fid":"0","symbol":"","file":"","isolation":"isolated","type":"BUILTIN","md5":""}
fused_multi_distinct_count_sum(DATETIME)	INVALID_TYPE	Aggregate	VARBINARY	{"fid":"0","symbol":"","file":"","isolation":"isolated","type":"BUILTIN","md5":""}
fused_multi_distinct_count_sum(DECIMAL128)	INVALID_TYPE	Aggregate	VARBINARY	{"fid":"0","symbol":"","file":"","isolation":"isolated","type":"BUILTIN","md5":""}
fused_multi_distinct_count_sum(DECIMAL256)	INVALID_TYPE	Aggregate	VARBINARY	{"fid":"0","symbol":"","file":"","isolation":"isolated","type":"BUILTIN","md5":""}
fused_multi_distinct_count_sum(DECIMAL32)	INVALID_TYPE	Aggregate	VARBINARY	{"fid":"0","symbol":"","file":"","isolation":"isolated","type":"BUILTIN","md5":""}
fused_multi_distinct_count_sum(DECIMAL64)	INVALID_TYPE	Aggregate	VARBINARY	{"fid":"0","symbol":"","file":"","isolation":"isolated","type":"BUILTIN","md5":""}
fused_multi_distinct_count_sum(DECIMALV2)	INVALID_TYPE	Aggregate	VARBINARY	{"fid":"0","symbol":"","file":"","isolation":"isolated","type":"BUILTIN","md5":""}
fused_multi_distinct_count_sum(DOUBLE)	INVALID_TYPE	Aggregate	VARBINARY	{"fid":"0","symbol":"","file":"","isolation":"isolated","type":"BUILTIN","md5":""}
fused_multi_distinct_count_sum(FLOAT)	INVALID_TYPE	Aggregate	VARBINARY	{"fid":"0","symbol":"","file":"","isolation":"isolated","type":"BUILTIN","md5":""}
fused_multi_distinct_count_sum(INT)	INVALID_TYPE	Aggregate	VARBINARY	{"fid":"0","symbol":"","file":"","isolation":"isolated","type":"BUILTIN","md5":""}
fused_multi_distinct_count_sum(LARGEINT)	INVALID_TYPE	Aggregate	VARBINARY	{"fid":"0","symbol":"","file":"","isolation":"isolated","type":"BUILTIN","md5":""}
fused_multi_distinct_count_sum(SMALLINT)	INVALID_TYPE	Aggregate	VARBINARY	{"fid":"0","symbol":"","file":"","isolation":"isolated","type":"BUILTIN","md5":""}
fused_multi_distinct_count_sum(TINYINT)	INVALID_TYPE	Aggregate	VARBINARY	{"fid":"0","symbol":"","file":"","isolation":"isolated","type":"BUILTIN","md5":""}
fused_multi_distinct_count_sum(VARBINARY)	INVALID_TYPE	Aggregate	VARBINARY	{"fid":"0","symbol":"","file":"","isolation":"isolated","type":"BUILTIN","md5":""}
fused_multi_distinct_count_sum_avg(BIGINT)	INVALID_TYPE	Aggregate	VARBINARY	{"fid":"0","symbol":"","file":"","isolation":"isolated","type":"BUILTIN","md5":""}
fused_multi_distinct_count_sum_avg(BOOLEAN)	INVALID_TYPE	Aggregate	VARBINARY	{"fid":"0","symbol":"","file":"","isolation":"isolated","type":"BUILTIN","md5":""}
fused_multi_distinct_count_sum_avg(CHAR)	INVALID_TYPE	Aggregate	VARBINARY	{"fid":"0","symbol":"","file":"","isolation":"isolated","type":"BUILTIN","md5":""}
fused_multi_distinct_count_sum_avg(DATE)	INVALID_TYPE	Aggregate	VARBINARY	{"fid":"0","symbol":"","file":"","isolation":"isolated","type":"BUILTIN","md5":""}
fused_multi_distinct_count_sum_avg(DATETIME)	INVALID_TYPE	Aggregate	VARBINARY	{"fid":"0","symbol":"","file":"","isolation":"isolated","type":"BUILTIN","md5":""}
fused_multi_distinct_count_sum_avg(DECIMAL128)	INVALID_TYPE	Aggregate	VARBINARY	{"fid":"0","symbol":"","file":"","isolation":"isolated","type":"BUILTIN","md5":""}
fused_multi_distinct_count_sum_avg(DECIMAL256)	INVALID_TYPE	Aggregate	VARBINARY	{"fid":"0","symbol":"","file":"","isolation":"isolated","type":"BUILTIN","md5":""}
fused_multi_distinct_count_sum_avg(DECIMAL32)	INVALID_TYPE	Aggregate	VARBINARY	{"fid":"0","symbol":"","file":"","isolation":"isolated","type":"BUILTIN","md5":""}
fused_multi_distinct_count_sum_avg(DECIMAL64)	INVALID_TYPE	Aggregate	VARBINARY	{"fid":"0","symbol":"","file":"","isolation":"isolated","type":"BUILTIN","md5":""}
fused_multi_distinct_count_sum_avg(DECIMALV2)	INVALID_TYPE	Aggregate	VARBINARY	{"fid":"0","symbol":"","file":"","isolation":"isolated","type":"BUILTIN","md5":""}
fused_multi_distinct_count_sum_avg(DOUBLE)	INVALID_TYPE	Aggregate	VARBINARY	{"fid":"0","symbol":"","file":"","isolation":"isolated","type":"BUILTIN","md5":""}
fused_multi_distinct_count_sum_avg(FLOAT)	INVALID_TYPE	Aggregate	VARBINARY	{"fid":"0","symbol":"","file":"","isolation":"isolated","type":"BUILTIN","md5":""}
fused_multi_distinct_count_sum_avg(INT)	INVALID_TYPE	Aggregate	VARBINARY	{"fid":"0","symbol":"","file":"","isolation":"isolated","type":"BUILTIN","md5":""}
fused_multi_distinct_count_sum_avg(LARGEINT)	INVALID_TYPE	Aggregate	VARBINARY	{"fid":"0","symbol":"","file":"","isolation":"isolated","type":"BUILTIN","md5":""}
fused_multi_distinct_count_sum_avg(SMALLINT)	INVALID_TYPE	Aggregate	VARBINARY	{"fid":"0","symbol":"","file":"","isolation":"isolated","type":"BUILTIN","md5":""}
fused_multi_distinct_count_sum_avg(TINYINT)	INVALID_TYPE	Aggregate	VARBINARY	{"fid":"0","symbol":"","file":"","isolation":"isolated","type":"BUILTIN","md5":""}
fused_multi_distinct_count_sum_avg(VARBINARY)	INVALID_TYPE	Aggregate	VARBINARY	{"fid":"0","symbol":"","file":"","isolation":"isolated","type":"BUILTIN","md5":""}
fused_multi_distinct_count_sum_avg_combine(BIGINT)	VARBINARY	Aggregate	NULL	{"fid":"0","symbol":"","file":"","isolation":"isolated","type":"BUILTIN","md5":""}
fused_multi_distinct_count_sum_avg_combine(BOOLEAN)	VARBINARY	Aggregate	NULL	{"fid":"0","symbol":"","file":"","isolation":"isolated","type":"BUILTIN","md5":""}
fused_multi_distinct_count_sum_avg_combine(CHAR)	VARBINARY	Aggregate	NULL	{"fid":"0","symbol":"","file":"","isolation":"isolated","type":"BUILTIN","md5":""}
fused_multi_distinct_count_sum_avg_combine(DATE)	VARBINARY	Aggregate	NULL	{"fid":"0","symbol":"","file":"","isolation":"isolated","type":"BUILTIN","md5":""}
fused_multi_distinct_count_sum_avg_combine(DATETIME)	VARBINARY	Aggregate	NULL	{"fid":"0","symbol":"","file":"","isolation":"isolated","type":"BUILTIN","md5":""}
fused_multi_distinct_count_sum_avg_combine(DECIMAL128)	VARBINARY	Aggregate	NULL	{"fid":"0","symbol":"","file":"","isolation":"isolated","type":"BUILTIN","md5":""}
fused_multi_distinct_count_sum_avg_combine(DECIMAL256)	VARBINARY	Aggregate	NULL	{"fid":"0","symbol":"","file":"","isolation":"isolated","type":"BUILTIN","md5":""}
fused_multi_distinct_count_sum_avg_combine(DECIMAL32)	VARBINARY	Aggregate	NULL	{"fid":"0","symbol":"","file":"","isolation":"isolated","type":"BUILTIN","md5":""}
fused_multi_distinct_count_sum_avg_combine(DECIMAL64)	VARBINARY	Aggregate	NULL	{"fid":"0","symbol":"","file":"","isolation":"isolated","type":"BUILTIN","md5":""}
fused_multi_distinct_count_sum_avg_combine(DOUBLE)	VARBINARY	Aggregate	NULL	{"fid":"0","symbol":"","file":"","isolation":"isolated","type":"BUILTIN","md5":""}
fused_multi_distinct_count_sum_avg_combine(FLOAT)	VARBINARY	Aggregate	NULL	{"fid":"0","symbol":"","file":"","isolation":"isolated","type":"BUILTIN","md5":""}
fused_multi_distinct_count_sum_avg_combine(INT)	VARBINARY	Aggregate	NULL	{"fid":"0","symbol":"","file":"","isolation":"isolated","type":"BUILTIN","md5":""}
fused_multi_distinct_count_sum_avg_combine(LARGEINT)	VARBINARY	Aggregate	NULL	{"fid":"0","symbol":"","file":"","isolation":"isolated","type":"BUILTIN","md5":""}
fused_multi_distinct_count_sum_avg_combine(SMALLINT)	VARBINARY	Aggregate	NULL	{"fid":"0","symbol":"","file":"","isolation":"isolated","type":"BUILTIN","md5":""}
fused_multi_distinct_count_sum_avg_combine(TINYINT)	VARBINARY	Aggregate	NULL	{"fid":"0","symbol":"","file":"","isolation":"isolated","type":"BUILTIN","md5":""}
fused_multi_distinct_count_sum_avg_combine(VARBINARY)	VARBINARY	Aggregate	NULL	{"fid":"0","symbol":"","file":"","isolation":"isolated","type":"BUILTIN","md5":""}
fused_multi_distinct_count_sum_avg_if(BIGINT,BOOLEAN)	INVALID_TYPE	Aggregate	VARBINARY	{"fid":"0","symbol":"","file":"","isolation":"isolated","type":"BUILTIN","md5":""}
fused_multi_distinct_count_sum_avg_if(BOOLEAN,BOOLEAN)	INVALID_TYPE	Aggregate	VARBINARY	{"fid":"0","symbol":"","file":"","isolation":"isolated","type":"BUILTIN","md5":""}
fused_multi_distinct_count_sum_avg_if(CHAR,BOOLEAN)	INVALID_TYPE	Aggregate	VARBINARY	{"fid":"0","symbol":"","file":"","isolation":"isolated","type":"BUILTIN","md5":""}
fused_multi_distinct_count_sum_avg_if(DATE,BOOLEAN)	INVALID_TYPE	Aggregate	VARBINARY	{"fid":"0","symbol":"","file":"","isolation":"isolated","type":"BUILTIN","md5":""}
fused_multi_distinct_count_sum_avg_if(DATETIME,BOOLEAN)	INVALID_TYPE	Aggregate	VARBINARY	{"fid":"0","symbol":"","file":"","isolation":"isolated","type":"BUILTIN","md5":""}
fused_multi_distinct_count_sum_avg_if(DECIMAL128,BOOLEAN)	INVALID_TYPE	Aggregate	VARBINARY	{"fid":"0","symbol":"","file":"","isolation":"isolated","type":"BUILTIN","md5":""}
fused_multi_distinct_count_sum_avg_if(DECIMAL256,BOOLEAN)	INVALID_TYPE	Aggregate	VARBINARY	{"fid":"0","symbol":"","file":"","isolation":"isolated","type":"BUILTIN","md5":""}
fused_multi_distinct_count_sum_avg_if(DECIMAL32,BOOLEAN)	INVALID_TYPE	Aggregate	VARBINARY	{"fid":"0","symbol":"","file":"","isolation":"isolated","type":"BUILTIN","md5":""}
fused_multi_distinct_count_sum_avg_if(DECIMAL64,BOOLEAN)	INVALID_TYPE	Aggregate	VARBINARY	{"fid":"0","symbol":"","file":"","isolation":"isolated","type":"BUILTIN","md5":""}
fused_multi_distinct_count_sum_avg_if(DOUBLE,BOOLEAN)	INVALID_TYPE	Aggregate	VARBINARY	{"fid":"0","symbol":"","file":"","isolation":"isolated","type":"BUILTIN","md5":""}
fused_multi_distinct_count_sum_avg_if(FLOAT,BOOLEAN)	INVALID_TYPE	Aggregate	VARBINARY	{"fid":"0","symbol":"","file":"","isolation":"isolated","type":"BUILTIN","md5":""}
fused_multi_distinct_count_sum_avg_if(INT,BOOLEAN)	INVALID_TYPE	Aggregate	VARBINARY	{"fid":"0","symbol":"","file":"","isolation":"isolated","type":"BUILTIN","md5":""}
fused_multi_distinct_count_sum_avg_if(LARGEINT,BOOLEAN)	INVALID_TYPE	Aggregate	VARBINARY	{"fid":"0","symbol":"","file":"","isolation":"isolated","type":"BUILTIN","md5":""}
fused_multi_distinct_count_sum_avg_if(SMALLINT,BOOLEAN)	INVALID_TYPE	Aggregate	VARBINARY	{"fid":"0","symbol":"","file":"","isolation":"isolated","type":"BUILTIN","md5":""}
fused_multi_distinct_count_sum_avg_if(TINYINT,BOOLEAN)	INVALID_TYPE	Aggregate	VARBINARY	{"fid":"0","symbol":"","file":"","isolation":"isolated","type":"BUILTIN","md5":""}
fused_multi_distinct_count_sum_avg_if(VARBINARY,BOOLEAN)	INVALID_TYPE	Aggregate	VARBINARY	{"fid":"0","symbol":"","file":"","isolation":"isolated","type":"BUILTIN","md5":""}
fused_multi_distinct_count_sum_avg_merge(VARBINARY)	INVALID_TYPE	Aggregate	VARBINARY	{"fid":"0","symbol":"","file":"","isolation":"isolated","type":"BUILTIN","md5":""}
fused_multi_distinct_count_sum_avg_state(BIGINT)	VARBINARY	Scalar	NULL	{"fid":"0","symbol":"","file":"","isolation":"isolated","type":"BUILTIN","md5":""}
fused_multi_distinct_count_sum_avg_state(BOOLEAN)	VARBINARY	Scalar	NULL	{"fid":"0","symbol":"","file":"","isolation":"isolated","type":"BUILTIN","md5":""}
fused_multi_distinct_count_sum_avg_state(CHAR)	VARBINARY	Scalar	NULL	{"fid":"0","symbol":"","file":"","isolation":"isolated","type":"BUILTIN","md5":""}
fused_multi_distinct_count_sum_avg_state(DATE)	VARBINARY	Scalar	NULL	{"fid":"0","symbol":"","file":"","isolation":"isolated","type":"BUILTIN","md5":""}
fused_multi_distinct_count_sum_avg_state(DATETIME)	VARBINARY	Scalar	NULL	{"fid":"0","symbol":"","file":"","isolation":"isolated","type":"BUILTIN","md5":""}
fused_multi_distinct_count_sum_avg_state(DECIMAL128)	VARBINARY	Scalar	NULL	{"fid":"0","symbol":"","file":"","isolation":"isolated","type":"BUILTIN","md5":""}
fused_multi_distinct_count_sum_avg_state(DECIMAL256)	VARBINARY	Scalar	NULL	{"fid":"0","symbol":"","file":"","isolation":"isolated","type":"BUILTIN","md5":""}
fused_multi_distinct_count_sum_avg_state(DECIMAL32)	VARBINARY	Scalar	NULL	{"fid":"0","symbol":"","file":"","isolation":"isolated","type":"BUILTIN","md5":""}
fused_multi_distinct_count_sum_avg_state(DECIMAL64)	VARBINARY	Scalar	NULL	{"fid":"0","symbol":"","file":"","isolation":"isolated","type":"BUILTIN","md5":""}
fused_multi_distinct_count_sum_avg_state(DOUBLE)	VARBINARY	Scalar	NULL	{"fid":"0","symbol":"","file":"","isolation":"isolated","type":"BUILTIN","md5":""}
fused_multi_distinct_count_sum_avg_state(FLOAT)	VARBINARY	Scalar	NULL	{"fid":"0","symbol":"","file":"","isolation":"isolated","type":"BUILTIN","md5":""}
fused_multi_distinct_count_sum_avg_state(INT)	VARBINARY	Scalar	NULL	{"fid":"0","symbol":"","file":"","isolation":"isolated","type":"BUILTIN","md5":""}
fused_multi_distinct_count_sum_avg_state(LARGEINT)	VARBINARY	Scalar	NULL	{"fid":"0","symbol":"","file":"","isolation":"isolated","type":"BUILTIN","md5":""}
fused_multi_distinct_count_sum_avg_state(SMALLINT)	VARBINARY	Scalar	NULL	{"fid":"0","symbol":"","file":"","isolation":"isolated","type":"BUILTIN","md5":""}
fused_multi_distinct_count_sum_avg_state(TINYINT)	VARBINARY	Scalar	NULL	{"fid":"0","symbol":"","file":"","isolation":"isolated","type":"BUILTIN","md5":""}
fused_multi_distinct_count_sum_avg_state(VARBINARY)	VARBINARY	Scalar	NULL	{"fid":"0","symbol":"","file":"","isolation":"isolated","type":"BUILTIN","md5":""}
fused_multi_distinct_count_sum_avg_state_merge(VARBINARY)	INVALID_TYPE	Scalar	NULL	{"fid":"0","symbol":"","file":"","isolation":"isolated","type":"BUILTIN","md5":""}
fused_multi_distinct_count_sum_avg_state_union(VARBINARY,VARBINARY)	VARBINARY	Scalar	NULL	{"fid":"0","symbol":"","file":"","isolation":"isolated","type":"BUILTIN","md5":""}
fused_multi_distinct_count_sum_avg_union(VARBINARY)	VARBINARY	Aggregate	NULL	{"fid":"0","symbol":"","file":"","isolation":"isolated","type":"BUILTIN","md5":""}
fused_multi_distinct_count_sum_combine(BIGINT)	VARBINARY	Aggregate	NULL	{"fid":"0","symbol":"","file":"","isolation":"isolated","type":"BUILTIN","md5":""}
fused_multi_distinct_count_sum_combine(BOOLEAN)	VARBINARY	Aggregate	NULL	{"fid":"0","symbol":"","file":"","isolation":"isolated","type":"BUILTIN","md5":""}
fused_multi_distinct_count_sum_combine(CHAR)	VARBINARY	Aggregate	NULL	{"fid":"0","symbol":"","file":"","isolation":"isolated","type":"BUILTIN","md5":""}
fused_multi_distinct_count_sum_combine(DATE)	VARBINARY	Aggregate	NULL	{"fid":"0","symbol":"","file":"","isolation":"isolated","type":"BUILTIN","md5":""}
fused_multi_distinct_count_sum_combine(DATETIME)	VARBINARY	Aggregate	NULL	{"fid":"0","symbol":"","file":"","isolation":"isolated","type":"BUILTIN","md5":""}
fused_multi_distinct_count_sum_combine(DECIMAL128)	VARBINARY	Aggregate	NULL	{"fid":"0","symbol":"","file":"","isolation":"isolated","type":"BUILTIN","md5":""}
fused_multi_distinct_count_sum_combine(DECIMAL256)	VARBINARY	Aggregate	NULL	{"fid":"0","symbol":"","file":"","isolation":"isolated","type":"BUILTIN","md5":""}
fused_multi_distinct_count_sum_combine(DECIMAL32)	VARBINARY	Aggregate	NULL	{"fid":"0","symbol":"","file":"","isolation":"isolated","type":"BUILTIN","md5":""}
fused_multi_distinct_count_sum_combine(DECIMAL64)	VARBINARY	Aggregate	NULL	{"fid":"0","symbol":"","file":"","isolation":"isolated","type":"BUILTIN","md5":""}
fused_multi_distinct_count_sum_combine(DOUBLE)	VARBINARY	Aggregate	NULL	{"fid":"0","symbol":"","file":"","isolation":"isolated","type":"BUILTIN","md5":""}
fused_multi_distinct_count_sum_combine(FLOAT)	VARBINARY	Aggregate	NULL	{"fid":"0","symbol":"","file":"","isolation":"isolated","type":"BUILTIN","md5":""}
fused_multi_distinct_count_sum_combine(INT)	VARBINARY	Aggregate	NULL	{"fid":"0","symbol":"","file":"","isolation":"isolated","type":"BUILTIN","md5":""}
fused_multi_distinct_count_sum_combine(LARGEINT)	VARBINARY	Aggregate	NULL	{"fid":"0","symbol":"","file":"","isolation":"isolated","type":"BUILTIN","md5":""}
fused_multi_distinct_count_sum_combine(SMALLINT)	VARBINARY	Aggregate	NULL	{"fid":"0","symbol":"","file":"","isolation":"isolated","type":"BUILTIN","md5":""}
fused_multi_distinct_count_sum_combine(TINYINT)	VARBINARY	Aggregate	NULL	{"fid":"0","symbol":"","file":"","isolation":"isolated","type":"BUILTIN","md5":""}
fused_multi_distinct_count_sum_combine(VARBINARY)	VARBINARY	Aggregate	NULL	{"fid":"0","symbol":"","file":"","isolation":"isolated","type":"BUILTIN","md5":""}
fused_multi_distinct_count_sum_if(BIGINT,BOOLEAN)	INVALID_TYPE	Aggregate	VARBINARY	{"fid":"0","symbol":"","file":"","isolation":"isolated","type":"BUILTIN","md5":""}
fused_multi_distinct_count_sum_if(BOOLEAN,BOOLEAN)	INVALID_TYPE	Aggregate	VARBINARY	{"fid":"0","symbol":"","file":"","isolation":"isolated","type":"BUILTIN","md5":""}
fused_multi_distinct_count_sum_if(CHAR,BOOLEAN)	INVALID_TYPE	Aggregate	VARBINARY	{"fid":"0","symbol":"","file":"","isolation":"isolated","type":"BUILTIN","md5":""}
fused_multi_distinct_count_sum_if(DATE,BOOLEAN)	INVALID_TYPE	Aggregate	VARBINARY	{"fid":"0","symbol":"","file":"","isolation":"isolated","type":"BUILTIN","md5":""}
fused_multi_distinct_count_sum_if(DATETIME,BOOLEAN)	INVALID_TYPE	Aggregate	VARBINARY	{"fid":"0","symbol":"","file":"","isolation":"isolated","type":"BUILTIN","md5":""}
fused_multi_distinct_count_sum_if(DECIMAL128,BOOLEAN)	INVALID_TYPE	Aggregate	VARBINARY	{"fid":"0","symbol":"","file":"","isolation":"isolated","type":"BUILTIN","md5":""}
fused_multi_distinct_count_sum_if(DECIMAL256,BOOLEAN)	INVALID_TYPE	Aggregate	VARBINARY	{"fid":"0","symbol":"","file":"","isolation":"isolated","type":"BUILTIN","md5":""}
fused_multi_distinct_count_sum_if(DECIMAL32,BOOLEAN)	INVALID_TYPE	Aggregate	VARBINARY	{"fid":"0","symbol":"","file":"","isolation":"isolated","type":"BUILTIN","md5":""}
fused_multi_distinct_count_sum_if(DECIMAL64,BOOLEAN)	INVALID_TYPE	Aggregate	VARBINARY	{"fid":"0","symbol":"","file":"","isolation":"isolated","type":"BUILTIN","md5":""}
fused_multi_distinct_count_sum_if(DOUBLE,BOOLEAN)	INVALID_TYPE	Aggregate	VARBINARY	{"fid":"0","symbol":"","file":"","isolation":"isolated","type":"BUILTIN","md5":""}
fused_multi_distinct_count_sum_if(FLOAT,BOOLEAN)	INVALID_TYPE	Aggregate	VARBINARY	{"fid":"0","symbol":"","file":"","isolation":"isolated","type":"BUILTIN","md5":""}
fused_multi_distinct_count_sum_if(INT,BOOLEAN)	INVALID_TYPE	Aggregate	VARBINARY	{"fid":"0","symbol":"","file":"","isolation":"isolated","type":"BUILTIN","md5":""}
fused_multi_distinct_count_sum_if(LARGEINT,BOOLEAN)	INVALID_TYPE	Aggregate	VARBINARY	{"fid":"0","symbol":"","file":"","isolation":"isolated","type":"BUILTIN","md5":""}
fused_multi_distinct_count_sum_if(SMALLINT,BOOLEAN)	INVALID_TYPE	Aggregate	VARBINARY	{"fid":"0","symbol":"","file":"","isolation":"isolated","type":"BUILTIN","md5":""}
fused_multi_distinct_count_sum_if(TINYINT,BOOLEAN)	INVALID_TYPE	Aggregate	VARBINARY	{"fid":"0","symbol":"","file":"","isolation":"isolated","type":"BUILTIN","md5":""}
fused_multi_distinct_count_sum_if(VARBINARY,BOOLEAN)	INVALID_TYPE	Aggregate	VARBINARY	{"fid":"0","symbol":"","file":"","isolation":"isolated","type":"BUILTIN","md5":""}
fused_multi_distinct_count_sum_merge(VARBINARY)	INVALID_TYPE	Aggregate	VARBINARY	{"fid":"0","symbol":"","file":"","isolation":"isolated","type":"BUILTIN","md5":""}
fused_multi_distinct_count_sum_state(BIGINT)	VARBINARY	Scalar	NULL	{"fid":"0","symbol":"","file":"","isolation":"isolated","type":"BUILTIN","md5":""}
fused_multi_distinct_count_sum_state(BOOLEAN)	VARBINARY	Scalar	NULL	{"fid":"0","symbol":"","file":"","isolation":"isolated","type":"BUILTIN","md5":""}
fused_multi_distinct_count_sum_state(CHAR)	VARBINARY	Scalar	NULL	{"fid":"0","symbol":"","file":"","isolation":"isolated","type":"BUILTIN","md5":""}
fused_multi_distinct_count_sum_state(DATE)	VARBINARY	Scalar	NULL	{"fid":"0","symbol":"","file":"","isolation":"isolated","type":"BUILTIN","md5":""}
fused_multi_distinct_count_sum_state(DATETIME)	VARBINARY	Scalar	NULL	{"fid":"0","symbol":"","file":"","isolation":"isolated","type":"BUILTIN","md5":""}
fused_multi_distinct_count_sum_state(DECIMAL128)	VARBINARY	Scalar	NULL	{"fid":"0","symbol":"","file":"","isolation":"isolated","type":"BUILTIN","md5":""}
fused_multi_distinct_count_sum_state(DECIMAL256)	VARBINARY	Scalar	NULL	{"fid":"0","symbol":"","file":"","isolation":"isolated","type":"BUILTIN","md5":""}
fused_multi_distinct_count_sum_state(DECIMAL32)	VARBINARY	Scalar	NULL	{"fid":"0","symbol":"","file":"","isolation":"isolated","type":"BUILTIN","md5":""}
fused_multi_distinct_count_sum_state(DECIMAL64)	VARBINARY	Scalar	NULL	{"fid":"0","symbol":"","file":"","isolation":"isolated","type":"BUILTIN","md5":""}
fused_multi_distinct_count_sum_state(DOUBLE)	VARBINARY	Scalar	NULL	{"fid":"0","symbol":"","file":"","isolation":"isolated","type":"BUILTIN","md5":""}
fused_multi_distinct_count_sum_state(FLOAT)	VARBINARY	Scalar	NULL	{"fid":"0","symbol":"","file":"","isolation":"isolated","type":"BUILTIN","md5":""}
fused_multi_distinct_count_sum_state(INT)	VARBINARY	Scalar	NULL	{"fid":"0","symbol":"","file":"","isolation":"isolated","type":"BUILTIN","md5":""}
fused_multi_distinct_count_sum_state(LARGEINT)	VARBINARY	Scalar	NULL	{"fid":"0","symbol":"","file":"","isolation":"isolated","type":"BUILTIN","md5":""}
fused_multi_distinct_count_sum_state(SMALLINT)	VARBINARY	Scalar	NULL	{"fid":"0","symbol":"","file":"","isolation":"isolated","type":"BUILTIN","md5":""}
fused_multi_distinct_count_sum_state(TINYINT)	VARBINARY	Scalar	NULL	{"fid":"0","symbol":"","file":"","isolation":"isolated","type":"BUILTIN","md5":""}
fused_multi_distinct_count_sum_state(VARBINARY)	VARBINARY	Scalar	NULL	{"fid":"0","symbol":"","file":"","isolation":"isolated","type":"BUILTIN","md5":""}
fused_multi_distinct_count_sum_state_merge(VARBINARY)	INVALID_TYPE	Scalar	NULL	{"fid":"0","symbol":"","file":"","isolation":"isolated","type":"BUILTIN","md5":""}
fused_multi_distinct_count_sum_state_union(VARBINARY,VARBINARY)	VARBINARY	Scalar	NULL	{"fid":"0","symbol":"","file":"","isolation":"isolated","type":"BUILTIN","md5":""}
fused_multi_distinct_count_sum_union(VARBINARY)	VARBINARY	Aggregate	NULL	{"fid":"0","symbol":"","file":"","isolation":"isolated","type":"BUILTIN","md5":""}
fused_multi_distinct_count_union(VARBINARY)	VARBINARY	Aggregate	NULL	{"fid":"0","symbol":"","file":"","isolation":"isolated","type":"BUILTIN","md5":""}
generate_series(BIGINT,BIGINT,BIGINT)	INVALID_TYPE	Table	NULL	{"fid":"0","symbol":"","file":"","type":"BUILTIN","md5":""}
generate_series(INT,INT,INT)	INVALID_TYPE	Table	NULL	{"fid":"0","symbol":"","file":"","type":"BUILTIN","md5":""}
generate_series(LARGEINT,LARGEINT,LARGEINT)	INVALID_TYPE	Table	NULL	{"fid":"0","symbol":"","file":"","type":"BUILTIN","md5":""}
generate_series(SMALLINT,SMALLINT,SMALLINT)	INVALID_TYPE	Table	NULL	{"fid":"0","symbol":"","file":"","type":"BUILTIN","md5":""}
generate_series(TINYINT,TINYINT,TINYINT)	INVALID_TYPE	Table	NULL	{"fid":"0","symbol":"","file":"","type":"BUILTIN","md5":""}
get_json_bool(JSON,VARCHAR)	BOOLEAN	Scalar	NULL	{"fid":"110021","symbol":"","file":"","isolation":"isolated","type":"BUILTIN","md5":""}
get_json_double(JSON,VARCHAR)	DOUBLE	Scalar	NULL	{"fid":"110013","symbol":"","file":"","isolation":"isolated","type":"BUILTIN","md5":""}
get_json_double(VARCHAR,VARCHAR)	DOUBLE	Scalar	NULL	{"fid":"110001","symbol":"","file":"","isolation":"isolated","type":"BUILTIN","md5":""}
get_json_int(JSON,VARCHAR)	BIGINT	Scalar	NULL	{"fid":"110023","symbol":"","file":"","isolation":"isolated","type":"BUILTIN","md5":""}
get_json_int(VARCHAR,VARCHAR)	BIGINT	Scalar	NULL	{"fid":"110022","symbol":"","file":"","isolation":"isolated","type":"BUILTIN","md5":""}
get_json_object(JSON,VARCHAR)	VARCHAR	Scalar	NULL	{"fid":"110015","symbol":"","file":"","isolation":"isolated","type":"BUILTIN","md5":""}
get_json_object(VARCHAR,VARCHAR)	VARCHAR	Scalar	NULL	{"fid":"110020","symbol":"","file":"","isolation":"isolated","type":"BUILTIN","md5":""}
get_json_string(JSON,VARCHAR)	VARCHAR	Scalar	NULL	{"fid":"110014","symbol":"","file":"","isolation":"isolated","type":"BUILTIN","md5":""}
get_json_string(VARCHAR,VARCHAR)	VARCHAR	Scalar	NULL	{"fid":"110002","symbol":"","file":"","isolation":"isolated","type":"BUILTIN","md5":""}
get_query_profile(VARCHAR)	VARCHAR	Scalar	NULL	{"fid":"100020","symbol":"","file":"","isolation":"isolated","type":"BUILTIN","md5":""}
get_variant_bool(VARIANT,VARCHAR)	BOOLEAN	Scalar	NULL	{"fid":"110201","symbol":"","file":"","isolation":"isolated","type":"BUILTIN","md5":""}
get_variant_date(VARIANT,VARCHAR)	DATE	Scalar	NULL	{"fid":"110206","symbol":"","file":"","isolation":"isolated","type":"BUILTIN","md5":""}
get_variant_datetime(VARIANT,VARCHAR)	DATETIME	Scalar	NULL	{"fid":"110207","symbol":"","file":"","isolation":"isolated","type":"BUILTIN","md5":""}
get_variant_double(VARIANT,VARCHAR)	DOUBLE	Scalar	NULL	{"fid":"110203","symbol":"","file":"","isolation":"isolated","type":"BUILTIN","md5":""}
get_variant_int(VARIANT,VARCHAR)	BIGINT	Scalar	NULL	{"fid":"110202","symbol":"","file":"","isolation":"isolated","type":"BUILTIN","md5":""}
get_variant_string(VARIANT,VARCHAR)	VARCHAR	Scalar	NULL	{"fid":"110204","symbol":"","file":"","isolation":"isolated","type":"BUILTIN","md5":""}
get_variant_time(VARIANT,VARCHAR)	TIME	Scalar	NULL	{"fid":"110208","symbol":"","file":"","isolation":"isolated","type":"BUILTIN","md5":""}
greatest(BIGINT, ...)	BIGINT	Scalar	NULL	{"fid":"10293","symbol":"","file":"","isolation":"isolated","type":"BUILTIN","md5":""}
greatest(DATETIME, ...)	DATETIME	Scalar	NULL	{"fid":"10298","symbol":"","file":"","isolation":"isolated","type":"BUILTIN","md5":""}
greatest(DECIMAL128, ...)	DECIMAL128	Scalar	NULL	{"fid":"102972","symbol":"","file":"","isolation":"isolated","type":"BUILTIN","md5":""}
greatest(DECIMAL32, ...)	DECIMAL32	Scalar	NULL	{"fid":"102970","symbol":"","file":"","isolation":"isolated","type":"BUILTIN","md5":""}
greatest(DECIMAL64, ...)	DECIMAL64	Scalar	NULL	{"fid":"102971","symbol":"","file":"","isolation":"isolated","type":"BUILTIN","md5":""}
greatest(DECIMALV2, ...)	DECIMALV2	Scalar	NULL	{"fid":"10297","symbol":"","file":"","isolation":"isolated","type":"BUILTIN","md5":""}
greatest(DOUBLE, ...)	DOUBLE	Scalar	NULL	{"fid":"10296","symbol":"","file":"","isolation":"isolated","type":"BUILTIN","md5":""}
greatest(FLOAT, ...)	FLOAT	Scalar	NULL	{"fid":"10295","symbol":"","file":"","isolation":"isolated","type":"BUILTIN","md5":""}
greatest(INT, ...)	INT	Scalar	NULL	{"fid":"10292","symbol":"","file":"","isolation":"isolated","type":"BUILTIN","md5":""}
greatest(LARGEINT, ...)	LARGEINT	Scalar	NULL	{"fid":"10294","symbol":"","file":"","isolation":"isolated","type":"BUILTIN","md5":""}
greatest(SMALLINT, ...)	SMALLINT	Scalar	NULL	{"fid":"10291","symbol":"","file":"","isolation":"isolated","type":"BUILTIN","md5":""}
greatest(TINYINT, ...)	TINYINT	Scalar	NULL	{"fid":"10290","symbol":"","file":"","isolation":"isolated","type":"BUILTIN","md5":""}
greatest(VARCHAR, ...)	VARCHAR	Scalar	NULL	{"fid":"10299","symbol":"","file":"","isolation":"isolated","type":"BUILTIN","md5":""}
group_concat(INVALID_TYPE, ...)	VARCHAR	Aggregate	INVALID_TYPE	{"fid":"0","symbol":"","file":"","isolation":"isolated","type":"BUILTIN","md5":""}
grouping(BIGINT)	BIGINT	Scalar	NULL	{"fid":"140001","symbol":"","file":"","isolation":"isolated","type":"BUILTIN","md5":""}
grouping_id(BIGINT)	BIGINT	Scalar	NULL	{"fid":"140000","symbol":"","file":"","isolation":"isolated","type":"BUILTIN","md5":""}
hex(BIGINT)	VARCHAR	Scalar	NULL	{"fid":"10312","symbol":"","file":"","isolation":"isolated","type":"BUILTIN","md5":""}
hex(VARBINARY)	VARCHAR	Scalar	NULL	{"fid":"10323","symbol":"","file":"","isolation":"isolated","type":"BUILTIN","md5":""}
hex(VARCHAR)	VARCHAR	Scalar	NULL	{"fid":"10313","symbol":"","file":"","isolation":"isolated","type":"BUILTIN","md5":""}
hex_decode_binary(VARCHAR)	VARBINARY	Scalar	NULL	{"fid":"10316","symbol":"","file":"","isolation":"isolated","type":"BUILTIN","md5":""}
hex_decode_string(VARCHAR)	VARCHAR	Scalar	NULL	{"fid":"10317","symbol":"","file":"","isolation":"isolated","type":"BUILTIN","md5":""}
histogram(BIGINT,INT,DOUBLE)	VARCHAR	Aggregate	NULL	{"fid":"0","symbol":"","file":"","isolation":"isolated","type":"BUILTIN","md5":""}
histogram(BIGINT,INT,DOUBLE,VARCHAR)	VARCHAR	Aggregate	NULL	{"fid":"0","symbol":"","file":"","isolation":"isolated","type":"BUILTIN","md5":""}
histogram(BOOLEAN,INT,DOUBLE)	VARCHAR	Aggregate	NULL	{"fid":"0","symbol":"","file":"","isolation":"isolated","type":"BUILTIN","md5":""}
histogram(BOOLEAN,INT,DOUBLE,VARCHAR)	VARCHAR	Aggregate	NULL	{"fid":"0","symbol":"","file":"","isolation":"isolated","type":"BUILTIN","md5":""}
histogram(CHAR,INT,DOUBLE)	VARCHAR	Aggregate	NULL	{"fid":"0","symbol":"","file":"","isolation":"isolated","type":"BUILTIN","md5":""}
histogram(CHAR,INT,DOUBLE,VARCHAR)	VARCHAR	Aggregate	NULL	{"fid":"0","symbol":"","file":"","isolation":"isolated","type":"BUILTIN","md5":""}
histogram(DATE,INT,DOUBLE)	VARCHAR	Aggregate	NULL	{"fid":"0","symbol":"","file":"","isolation":"isolated","type":"BUILTIN","md5":""}
histogram(DATE,INT,DOUBLE,VARCHAR)	VARCHAR	Aggregate	NULL	{"fid":"0","symbol":"","file":"","isolation":"isolated","type":"BUILTIN","md5":""}
histogram(DATETIME,INT,DOUBLE)	VARCHAR	Aggregate	NULL	{"fid":"0","symbol":"","file":"","isolation":"isolated","type":"BUILTIN","md5":""}
histogram(DATETIME,INT,DOUBLE,VARCHAR)	VARCHAR	Aggregate	NULL	{"fid":"0","symbol":"","file":"","isolation":"isolated","type":"BUILTIN","md5":""}
histogram(DECIMAL128,INT,DOUBLE)	VARCHAR	Aggregate	NULL	{"fid":"0","symbol":"","file":"","isolation":"isolated","type":"BUILTIN","md5":""}
histogram(DECIMAL128,INT,DOUBLE,VARCHAR)	VARCHAR	Aggregate	NULL	{"fid":"0","symbol":"","file":"","isolation":"isolated","type":"BUILTIN","md5":""}
histogram(DECIMAL256,INT,DOUBLE)	VARCHAR	Aggregate	NULL	{"fid":"0","symbol":"","file":"","isolation":"isolated","type":"BUILTIN","md5":""}
histogram(DECIMAL256,INT,DOUBLE,VARCHAR)	VARCHAR	Aggregate	NULL	{"fid":"0","symbol":"","file":"","isolation":"isolated","type":"BUILTIN","md5":""}
histogram(DECIMAL32,INT,DOUBLE)	VARCHAR	Aggregate	NULL	{"fid":"0","symbol":"","file":"","isolation":"isolated","type":"BUILTIN","md5":""}
histogram(DECIMAL32,INT,DOUBLE,VARCHAR)	VARCHAR	Aggregate	NULL	{"fid":"0","symbol":"","file":"","isolation":"isolated","type":"BUILTIN","md5":""}
histogram(DECIMAL64,INT,DOUBLE)	VARCHAR	Aggregate	NULL	{"fid":"0","symbol":"","file":"","isolation":"isolated","type":"BUILTIN","md5":""}
histogram(DECIMAL64,INT,DOUBLE,VARCHAR)	VARCHAR	Aggregate	NULL	{"fid":"0","symbol":"","file":"","isolation":"isolated","type":"BUILTIN","md5":""}
histogram(DOUBLE,INT,DOUBLE)	VARCHAR	Aggregate	NULL	{"fid":"0","symbol":"","file":"","isolation":"isolated","type":"BUILTIN","md5":""}
histogram(DOUBLE,INT,DOUBLE,VARCHAR)	VARCHAR	Aggregate	NULL	{"fid":"0","symbol":"","file":"","isolation":"isolated","type":"BUILTIN","md5":""}
histogram(FLOAT,INT,DOUBLE)	VARCHAR	Aggregate	NULL	{"fid":"0","symbol":"","file":"","isolation":"isolated","type":"BUILTIN","md5":""}
histogram(FLOAT,INT,DOUBLE,VARCHAR)	VARCHAR	Aggregate	NULL	{"fid":"0","symbol":"","file":"","isolation":"isolated","type":"BUILTIN","md5":""}
histogram(INT,INT,DOUBLE)	VARCHAR	Aggregate	NULL	{"fid":"0","symbol":"","file":"","isolation":"isolated","type":"BUILTIN","md5":""}
histogram(INT,INT,DOUBLE,VARCHAR)	VARCHAR	Aggregate	NULL	{"fid":"0","symbol":"","file":"","isolation":"isolated","type":"BUILTIN","md5":""}
histogram(LARGEINT,INT,DOUBLE)	VARCHAR	Aggregate	NULL	{"fid":"0","symbol":"","file":"","isolation":"isolated","type":"BUILTIN","md5":""}
histogram(LARGEINT,INT,DOUBLE,VARCHAR)	VARCHAR	Aggregate	NULL	{"fid":"0","symbol":"","file":"","isolation":"isolated","type":"BUILTIN","md5":""}
histogram(SMALLINT,INT,DOUBLE)	VARCHAR	Aggregate	NULL	{"fid":"0","symbol":"","file":"","isolation":"isolated","type":"BUILTIN","md5":""}
histogram(SMALLINT,INT,DOUBLE,VARCHAR)	VARCHAR	Aggregate	NULL	{"fid":"0","symbol":"","file":"","isolation":"isolated","type":"BUILTIN","md5":""}
histogram(TINYINT,INT,DOUBLE)	VARCHAR	Aggregate	NULL	{"fid":"0","symbol":"","file":"","isolation":"isolated","type":"BUILTIN","md5":""}
histogram(TINYINT,INT,DOUBLE,VARCHAR)	VARCHAR	Aggregate	NULL	{"fid":"0","symbol":"","file":"","isolation":"isolated","type":"BUILTIN","md5":""}
histogram_hll_ndv(BIGINT,VARCHAR)	VARCHAR	Aggregate	NULL	{"fid":"0","symbol":"","file":"","isolation":"isolated","type":"BUILTIN","md5":""}
histogram_hll_ndv(BOOLEAN,VARCHAR)	VARCHAR	Aggregate	NULL	{"fid":"0","symbol":"","file":"","isolation":"isolated","type":"BUILTIN","md5":""}
histogram_hll_ndv(CHAR,VARCHAR)	VARCHAR	Aggregate	NULL	{"fid":"0","symbol":"","file":"","isolation":"isolated","type":"BUILTIN","md5":""}
histogram_hll_ndv(DATE,VARCHAR)	VARCHAR	Aggregate	NULL	{"fid":"0","symbol":"","file":"","isolation":"isolated","type":"BUILTIN","md5":""}
histogram_hll_ndv(DATETIME,VARCHAR)	VARCHAR	Aggregate	NULL	{"fid":"0","symbol":"","file":"","isolation":"isolated","type":"BUILTIN","md5":""}
histogram_hll_ndv(DECIMAL128,VARCHAR)	VARCHAR	Aggregate	NULL	{"fid":"0","symbol":"","file":"","isolation":"isolated","type":"BUILTIN","md5":""}
histogram_hll_ndv(DECIMAL256,VARCHAR)	VARCHAR	Aggregate	NULL	{"fid":"0","symbol":"","file":"","isolation":"isolated","type":"BUILTIN","md5":""}
histogram_hll_ndv(DECIMAL32,VARCHAR)	VARCHAR	Aggregate	NULL	{"fid":"0","symbol":"","file":"","isolation":"isolated","type":"BUILTIN","md5":""}
histogram_hll_ndv(DECIMAL64,VARCHAR)	VARCHAR	Aggregate	NULL	{"fid":"0","symbol":"","file":"","isolation":"isolated","type":"BUILTIN","md5":""}
histogram_hll_ndv(DOUBLE,VARCHAR)	VARCHAR	Aggregate	NULL	{"fid":"0","symbol":"","file":"","isolation":"isolated","type":"BUILTIN","md5":""}
histogram_hll_ndv(FLOAT,VARCHAR)	VARCHAR	Aggregate	NULL	{"fid":"0","symbol":"","file":"","isolation":"isolated","type":"BUILTIN","md5":""}
histogram_hll_ndv(INT,VARCHAR)	VARCHAR	Aggregate	NULL	{"fid":"0","symbol":"","file":"","isolation":"isolated","type":"BUILTIN","md5":""}
histogram_hll_ndv(LARGEINT,VARCHAR)	VARCHAR	Aggregate	NULL	{"fid":"0","symbol":"","file":"","isolation":"isolated","type":"BUILTIN","md5":""}
histogram_hll_ndv(SMALLINT,VARCHAR)	VARCHAR	Aggregate	NULL	{"fid":"0","symbol":"","file":"","isolation":"isolated","type":"BUILTIN","md5":""}
histogram_hll_ndv(TINYINT,VARCHAR)	VARCHAR	Aggregate	NULL	{"fid":"0","symbol":"","file":"","isolation":"isolated","type":"BUILTIN","md5":""}
hll_cardinality(HLL)	BIGINT	Scalar	NULL	{"fid":"80010","symbol":"","file":"","isolation":"isolated","type":"BUILTIN","md5":""}
hll_cardinality(VARCHAR)	BIGINT	Scalar	NULL	{"fid":"80011","symbol":"","file":"","isolation":"isolated","type":"BUILTIN","md5":""}
hll_deserialize(VARCHAR)	HLL	Scalar	NULL	{"fid":"80041","symbol":"","file":"","isolation":"isolated","type":"BUILTIN","md5":""}
hll_empty()	HLL	Scalar	NULL	{"fid":"80030","symbol":"","file":"","isolation":"isolated","type":"BUILTIN","md5":""}
hll_hash(VARCHAR)	HLL	Scalar	NULL	{"fid":"80020","symbol":"","file":"","isolation":"isolated","type":"BUILTIN","md5":""}
hll_raw(BIGINT)	HLL	Aggregate	VARBINARY	{"fid":"0","symbol":"","file":"","isolation":"isolated","type":"BUILTIN","md5":""}
hll_raw(BITMAP)	HLL	Aggregate	VARBINARY	{"fid":"0","symbol":"","file":"","isolation":"isolated","type":"BUILTIN","md5":""}
hll_raw(BOOLEAN)	HLL	Aggregate	VARBINARY	{"fid":"0","symbol":"","file":"","isolation":"isolated","type":"BUILTIN","md5":""}
hll_raw(DATE)	HLL	Aggregate	VARBINARY	{"fid":"0","symbol":"","file":"","isolation":"isolated","type":"BUILTIN","md5":""}
hll_raw(DATETIME)	HLL	Aggregate	VARBINARY	{"fid":"0","symbol":"","file":"","isolation":"isolated","type":"BUILTIN","md5":""}
hll_raw(DECIMAL128)	HLL	Aggregate	VARBINARY	{"fid":"0","symbol":"","file":"","isolation":"isolated","type":"BUILTIN","md5":""}
hll_raw(DECIMAL256)	HLL	Aggregate	VARBINARY	{"fid":"0","symbol":"","file":"","isolation":"isolated","type":"BUILTIN","md5":""}
hll_raw(DECIMAL32)	HLL	Aggregate	VARBINARY	{"fid":"0","symbol":"","file":"","isolation":"isolated","type":"BUILTIN","md5":""}
hll_raw(DECIMAL64)	HLL	Aggregate	VARBINARY	{"fid":"0","symbol":"","file":"","isolation":"isolated","type":"BUILTIN","md5":""}
hll_raw(DECIMALV2)	HLL	Aggregate	VARBINARY	{"fid":"0","symbol":"","file":"","isolation":"isolated","type":"BUILTIN","md5":""}
hll_raw(DOUBLE)	HLL	Aggregate	VARBINARY	{"fid":"0","symbol":"","file":"","isolation":"isolated","type":"BUILTIN","md5":""}
hll_raw(FLOAT)	HLL	Aggregate	VARBINARY	{"fid":"0","symbol":"","file":"","isolation":"isolated","type":"BUILTIN","md5":""}
hll_raw(HLL)	HLL	Aggregate	VARBINARY	{"fid":"0","symbol":"","file":"","isolation":"isolated","type":"BUILTIN","md5":""}
hll_raw(INT)	HLL	Aggregate	VARBINARY	{"fid":"0","symbol":"","file":"","isolation":"isolated","type":"BUILTIN","md5":""}
hll_raw(JSON)	HLL	Aggregate	VARBINARY	{"fid":"0","symbol":"","file":"","isolation":"isolated","type":"BUILTIN","md5":""}
hll_raw(LARGEINT)	HLL	Aggregate	VARBINARY	{"fid":"0","symbol":"","file":"","isolation":"isolated","type":"BUILTIN","md5":""}
hll_raw(PERCENTILE)	HLL	Aggregate	VARBINARY	{"fid":"0","symbol":"","file":"","isolation":"isolated","type":"BUILTIN","md5":""}
hll_raw(SMALLINT)	HLL	Aggregate	VARBINARY	{"fid":"0","symbol":"","file":"","isolation":"isolated","type":"BUILTIN","md5":""}
hll_raw(TIME)	HLL	Aggregate	VARBINARY	{"fid":"0","symbol":"","file":"","isolation":"isolated","type":"BUILTIN","md5":""}
hll_raw(TINYINT)	HLL	Aggregate	VARBINARY	{"fid":"0","symbol":"","file":"","isolation":"isolated","type":"BUILTIN","md5":""}
hll_raw(UNKNOWN_TYPE)	HLL	Aggregate	VARBINARY	{"fid":"0","symbol":"","file":"","isolation":"isolated","type":"BUILTIN","md5":""}
hll_raw(VARBINARY)	HLL	Aggregate	VARBINARY	{"fid":"0","symbol":"","file":"","isolation":"isolated","type":"BUILTIN","md5":""}
hll_raw(VARCHAR)	HLL	Aggregate	VARBINARY	{"fid":"0","symbol":"","file":"","isolation":"isolated","type":"BUILTIN","md5":""}
hll_raw_agg(HLL)	HLL	Aggregate	NULL	{"fid":"0","symbol":"","file":"","isolation":"isolated","type":"BUILTIN","md5":""}
hll_serialize(HLL)	VARCHAR	Scalar	NULL	{"fid":"80040","symbol":"","file":"","isolation":"isolated","type":"BUILTIN","md5":""}
hll_union(HLL)	HLL	Aggregate	NULL	{"fid":"0","symbol":"","file":"","isolation":"isolated","type":"BUILTIN","md5":""}
hll_union_agg(HLL)	BIGINT	Aggregate	HLL	{"fid":"0","symbol":"","file":"","isolation":"isolated","type":"BUILTIN","md5":""}
hll_union_combine(HLL)	HLL	Aggregate	NULL	{"fid":"0","symbol":"","file":"","isolation":"isolated","type":"BUILTIN","md5":""}
hll_union_if(HLL,BOOLEAN)	HLL	Aggregate	NULL	{"fid":"0","symbol":"","file":"","isolation":"isolated","type":"BUILTIN","md5":""}
hll_union_merge(HLL)	HLL	Aggregate	NULL	{"fid":"0","symbol":"","file":"","isolation":"isolated","type":"BUILTIN","md5":""}
hll_union_state(HLL)	HLL	Scalar	NULL	{"fid":"0","symbol":"","file":"","isolation":"isolated","type":"BUILTIN","md5":""}
hll_union_state_merge(HLL)	HLL	Scalar	NULL	{"fid":"0","symbol":"","file":"","isolation":"isolated","type":"BUILTIN","md5":""}
hll_union_state_union(HLL,HLL)	HLL	Scalar	NULL	{"fid":"0","symbol":"","file":"","isolation":"isolated","type":"BUILTIN","md5":""}
hll_union_union(HLL)	HLL	Aggregate	NULL	{"fid":"0","symbol":"","file":"","isolation":"isolated","type":"BUILTIN","md5":""}
host_name()	VARCHAR	Scalar	NULL	{"fid":"100018","symbol":"","file":"","isolation":"isolated","type":"BUILTIN","md5":""}
hour(DATETIME)	TINYINT	Scalar	NULL	{"fid":"50069","symbol":"","file":"","isolation":"isolated","type":"BUILTIN","md5":""}
hour_from_unixtime(BIGINT)	TINYINT	Scalar	NULL	{"fid":"50383","symbol":"","file":"","isolation":"isolated","type":"BUILTIN","md5":""}
hours_add(DATETIME,INT)	DATETIME	Scalar	NULL	{"fid":"50150","symbol":"","file":"","isolation":"isolated","type":"BUILTIN","md5":""}
hours_diff(DATETIME,DATETIME)	BIGINT	Scalar	NULL	{"fid":"50194","symbol":"","file":"","isolation":"isolated","type":"BUILTIN","md5":""}
hours_sub(DATETIME,INT)	DATETIME	Scalar	NULL	{"fid":"50151","symbol":"","file":"","isolation":"isolated","type":"BUILTIN","md5":""}
if(BOOLEAN,BIGINT,BIGINT)	BIGINT	Scalar	NULL	{"fid":"70104","symbol":"","file":"","isolation":"isolated","type":"BUILTIN","md5":""}
if(BOOLEAN,BITMAP,BITMAP)	BITMAP	Scalar	NULL	{"fid":"70112","symbol":"","file":"","isolation":"isolated","type":"BUILTIN","md5":""}
if(BOOLEAN,BOOLEAN,BOOLEAN)	BOOLEAN	Scalar	NULL	{"fid":"70100","symbol":"","file":"","isolation":"isolated","type":"BUILTIN","md5":""}
if(BOOLEAN,DATE,DATE)	DATE	Scalar	NULL	{"fid":"70109","symbol":"","file":"","isolation":"isolated","type":"BUILTIN","md5":""}
if(BOOLEAN,DATETIME,DATETIME)	DATETIME	Scalar	NULL	{"fid":"70108","symbol":"","file":"","isolation":"isolated","type":"BUILTIN","md5":""}
if(BOOLEAN,DECIMAL128,DECIMAL128)	DECIMAL128	Scalar	NULL	{"fid":"701102","symbol":"","file":"","isolation":"isolated","type":"BUILTIN","md5":""}
if(BOOLEAN,DECIMAL32,DECIMAL32)	DECIMAL32	Scalar	NULL	{"fid":"701100","symbol":"","file":"","isolation":"isolated","type":"BUILTIN","md5":""}
if(BOOLEAN,DECIMAL64,DECIMAL64)	DECIMAL64	Scalar	NULL	{"fid":"701101","symbol":"","file":"","isolation":"isolated","type":"BUILTIN","md5":""}
if(BOOLEAN,DECIMALV2,DECIMALV2)	DECIMALV2	Scalar	NULL	{"fid":"70110","symbol":"","file":"","isolation":"isolated","type":"BUILTIN","md5":""}
if(BOOLEAN,DOUBLE,DOUBLE)	DOUBLE	Scalar	NULL	{"fid":"70107","symbol":"","file":"","isolation":"isolated","type":"BUILTIN","md5":""}
if(BOOLEAN,FLOAT,FLOAT)	FLOAT	Scalar	NULL	{"fid":"70106","symbol":"","file":"","isolation":"isolated","type":"BUILTIN","md5":""}
if(BOOLEAN,HLL,HLL)	HLL	Scalar	NULL	{"fid":"70114","symbol":"","file":"","isolation":"isolated","type":"BUILTIN","md5":""}
if(BOOLEAN,INT,INT)	INT	Scalar	NULL	{"fid":"70103","symbol":"","file":"","isolation":"isolated","type":"BUILTIN","md5":""}
if(BOOLEAN,INVALID_TYPE,INVALID_TYPE)	INVALID_TYPE	Scalar	NULL	{"fid":"70116","symbol":"","file":"","isolation":"isolated","type":"BUILTIN","md5":""}
if(BOOLEAN,JSON,JSON)	JSON	Scalar	NULL	{"fid":"70119","symbol":"","file":"","isolation":"isolated","type":"BUILTIN","md5":""}
if(BOOLEAN,LARGEINT,LARGEINT)	LARGEINT	Scalar	NULL	{"fid":"70105","symbol":"","file":"","isolation":"isolated","type":"BUILTIN","md5":""}
if(BOOLEAN,PERCENTILE,PERCENTILE)	PERCENTILE	Scalar	NULL	{"fid":"70113","symbol":"","file":"","isolation":"isolated","type":"BUILTIN","md5":""}
if(BOOLEAN,SMALLINT,SMALLINT)	SMALLINT	Scalar	NULL	{"fid":"70102","symbol":"","file":"","isolation":"isolated","type":"BUILTIN","md5":""}
if(BOOLEAN,TIME,TIME)	TIME	Scalar	NULL	{"fid":"70115","symbol":"","file":"","isolation":"isolated","type":"BUILTIN","md5":""}
if(BOOLEAN,TINYINT,TINYINT)	TINYINT	Scalar	NULL	{"fid":"70101","symbol":"","file":"","isolation":"isolated","type":"BUILTIN","md5":""}
if(BOOLEAN,VARCHAR,VARCHAR)	VARCHAR	Scalar	NULL	{"fid":"70111","symbol":"","file":"","isolation":"isolated","type":"BUILTIN","md5":""}
ifnull(BIGINT,BIGINT)	BIGINT	Scalar	NULL	{"fid":"70204","symbol":"","file":"","isolation":"isolated","type":"BUILTIN","md5":""}
ifnull(BITMAP,BITMAP)	BITMAP	Scalar	NULL	{"fid":"70212","symbol":"","file":"","isolation":"isolated","type":"BUILTIN","md5":""}
ifnull(BOOLEAN,BOOLEAN)	BOOLEAN	Scalar	NULL	{"fid":"70200","symbol":"","file":"","isolation":"isolated","type":"BUILTIN","md5":""}
ifnull(DATE,DATE)	DATE	Scalar	NULL	{"fid":"70208","symbol":"","file":"","isolation":"isolated","type":"BUILTIN","md5":""}
ifnull(DATETIME,DATETIME)	DATETIME	Scalar	NULL	{"fid":"70209","symbol":"","file":"","isolation":"isolated","type":"BUILTIN","md5":""}
ifnull(DECIMAL128,DECIMAL128)	DECIMAL128	Scalar	NULL	{"fid":"702102","symbol":"","file":"","isolation":"isolated","type":"BUILTIN","md5":""}
ifnull(DECIMAL32,DECIMAL32)	DECIMAL32	Scalar	NULL	{"fid":"702100","symbol":"","file":"","isolation":"isolated","type":"BUILTIN","md5":""}
ifnull(DECIMAL64,DECIMAL64)	DECIMAL64	Scalar	NULL	{"fid":"702101","symbol":"","file":"","isolation":"isolated","type":"BUILTIN","md5":""}
ifnull(DECIMALV2,DECIMALV2)	DECIMALV2	Scalar	NULL	{"fid":"70210","symbol":"","file":"","isolation":"isolated","type":"BUILTIN","md5":""}
ifnull(DOUBLE,DOUBLE)	DOUBLE	Scalar	NULL	{"fid":"70207","symbol":"","file":"","isolation":"isolated","type":"BUILTIN","md5":""}
ifnull(FLOAT,FLOAT)	FLOAT	Scalar	NULL	{"fid":"70206","symbol":"","file":"","isolation":"isolated","type":"BUILTIN","md5":""}
ifnull(HLL,HLL)	HLL	Scalar	NULL	{"fid":"70214","symbol":"","file":"","isolation":"isolated","type":"BUILTIN","md5":""}
ifnull(INT,INT)	INT	Scalar	NULL	{"fid":"70203","symbol":"","file":"","isolation":"isolated","type":"BUILTIN","md5":""}
ifnull(INVALID_TYPE,INVALID_TYPE)	INVALID_TYPE	Scalar	NULL	{"fid":"70216","symbol":"","file":"","isolation":"isolated","type":"BUILTIN","md5":""}
ifnull(JSON,JSON)	JSON	Scalar	NULL	{"fid":"70219","symbol":"","file":"","isolation":"isolated","type":"BUILTIN","md5":""}
ifnull(LARGEINT,LARGEINT)	LARGEINT	Scalar	NULL	{"fid":"70205","symbol":"","file":"","isolation":"isolated","type":"BUILTIN","md5":""}
ifnull(PERCENTILE,PERCENTILE)	PERCENTILE	Scalar	NULL	{"fid":"70213","symbol":"","file":"","isolation":"isolated","type":"BUILTIN","md5":""}
ifnull(SMALLINT,SMALLINT)	SMALLINT	Scalar	NULL	{"fid":"70202","symbol":"","file":"","isolation":"isolated","type":"BUILTIN","md5":""}
ifnull(TIME,TIME)	TIME	Scalar	NULL	{"fid":"70215","symbol":"","file":"","isolation":"isolated","type":"BUILTIN","md5":""}
ifnull(TINYINT,TINYINT)	TINYINT	Scalar	NULL	{"fid":"70201","symbol":"","file":"","isolation":"isolated","type":"BUILTIN","md5":""}
ifnull(VARCHAR,VARCHAR)	VARCHAR	Scalar	NULL	{"fid":"70211","symbol":"","file":"","isolation":"isolated","type":"BUILTIN","md5":""}
inet_aton(VARCHAR)	BIGINT	Scalar	NULL	{"fid":"30132","symbol":"","file":"","isolation":"isolated","type":"BUILTIN","md5":""}
initcap(VARCHAR)	VARCHAR	Scalar	NULL	{"fid":"30161","symbol":"","file":"","isolation":"isolated","type":"BUILTIN","md5":""}
instr(VARCHAR,VARCHAR)	INT	Scalar	NULL	{"fid":"30210","symbol":"","file":"","isolation":"isolated","type":"BUILTIN","md5":""}
int_divide(BIGINT,BIGINT)	BIGINT	Scalar	NULL	{"fid":"0","symbol":"","file":"","isolation":"isolated","type":"BUILTIN","md5":""}
int_divide(BOOLEAN,BOOLEAN)	BOOLEAN	Scalar	NULL	{"fid":"0","symbol":"","file":"","isolation":"isolated","type":"BUILTIN","md5":""}
int_divide(DECIMAL128,DECIMAL128)	BIGINT	Scalar	NULL	{"fid":"0","symbol":"","file":"","isolation":"isolated","type":"BUILTIN","md5":""}
int_divide(DECIMAL32,DECIMAL32)	BIGINT	Scalar	NULL	{"fid":"0","symbol":"","file":"","isolation":"isolated","type":"BUILTIN","md5":""}
int_divide(DECIMAL64,DECIMAL64)	BIGINT	Scalar	NULL	{"fid":"0","symbol":"","file":"","isolation":"isolated","type":"BUILTIN","md5":""}
int_divide(INT,INT)	INT	Scalar	NULL	{"fid":"0","symbol":"","file":"","isolation":"isolated","type":"BUILTIN","md5":""}
int_divide(LARGEINT,LARGEINT)	LARGEINT	Scalar	NULL	{"fid":"0","symbol":"","file":"","isolation":"isolated","type":"BUILTIN","md5":""}
int_divide(SMALLINT,SMALLINT)	SMALLINT	Scalar	NULL	{"fid":"0","symbol":"","file":"","isolation":"isolated","type":"BUILTIN","md5":""}
int_divide(TINYINT,TINYINT)	TINYINT	Scalar	NULL	{"fid":"0","symbol":"","file":"","isolation":"isolated","type":"BUILTIN","md5":""}
intersect_count(BITMAP,BIGINT,BIGINT, ...)	BIGINT	Aggregate	VARCHAR	{"fid":"0","symbol":"","file":"","isolation":"isolated","type":"BUILTIN","md5":""}
intersect_count(BITMAP,BITMAP,BITMAP, ...)	BIGINT	Aggregate	VARCHAR	{"fid":"0","symbol":"","file":"","isolation":"isolated","type":"BUILTIN","md5":""}
intersect_count(BITMAP,BOOLEAN,BOOLEAN, ...)	BIGINT	Aggregate	VARCHAR	{"fid":"0","symbol":"","file":"","isolation":"isolated","type":"BUILTIN","md5":""}
intersect_count(BITMAP,DATE,DATE, ...)	BIGINT	Aggregate	VARCHAR	{"fid":"0","symbol":"","file":"","isolation":"isolated","type":"BUILTIN","md5":""}
intersect_count(BITMAP,DATETIME,DATETIME, ...)	BIGINT	Aggregate	VARCHAR	{"fid":"0","symbol":"","file":"","isolation":"isolated","type":"BUILTIN","md5":""}
intersect_count(BITMAP,DECIMAL128,DECIMAL128, ...)	BIGINT	Aggregate	VARCHAR	{"fid":"0","symbol":"","file":"","isolation":"isolated","type":"BUILTIN","md5":""}
intersect_count(BITMAP,DECIMAL256,DECIMAL256, ...)	BIGINT	Aggregate	VARCHAR	{"fid":"0","symbol":"","file":"","isolation":"isolated","type":"BUILTIN","md5":""}
intersect_count(BITMAP,DECIMAL32,DECIMAL32, ...)	BIGINT	Aggregate	VARCHAR	{"fid":"0","symbol":"","file":"","isolation":"isolated","type":"BUILTIN","md5":""}
intersect_count(BITMAP,DECIMAL64,DECIMAL64, ...)	BIGINT	Aggregate	VARCHAR	{"fid":"0","symbol":"","file":"","isolation":"isolated","type":"BUILTIN","md5":""}
intersect_count(BITMAP,DECIMALV2,DECIMALV2, ...)	BIGINT	Aggregate	VARCHAR	{"fid":"0","symbol":"","file":"","isolation":"isolated","type":"BUILTIN","md5":""}
intersect_count(BITMAP,DOUBLE,DOUBLE, ...)	BIGINT	Aggregate	VARCHAR	{"fid":"0","symbol":"","file":"","isolation":"isolated","type":"BUILTIN","md5":""}
intersect_count(BITMAP,FLOAT,FLOAT, ...)	BIGINT	Aggregate	VARCHAR	{"fid":"0","symbol":"","file":"","isolation":"isolated","type":"BUILTIN","md5":""}
intersect_count(BITMAP,HLL,HLL, ...)	BIGINT	Aggregate	VARCHAR	{"fid":"0","symbol":"","file":"","isolation":"isolated","type":"BUILTIN","md5":""}
intersect_count(BITMAP,INT,INT, ...)	BIGINT	Aggregate	VARCHAR	{"fid":"0","symbol":"","file":"","isolation":"isolated","type":"BUILTIN","md5":""}
intersect_count(BITMAP,JSON,JSON, ...)	BIGINT	Aggregate	VARCHAR	{"fid":"0","symbol":"","file":"","isolation":"isolated","type":"BUILTIN","md5":""}
intersect_count(BITMAP,LARGEINT,LARGEINT, ...)	BIGINT	Aggregate	VARCHAR	{"fid":"0","symbol":"","file":"","isolation":"isolated","type":"BUILTIN","md5":""}
intersect_count(BITMAP,PERCENTILE,PERCENTILE, ...)	BIGINT	Aggregate	VARCHAR	{"fid":"0","symbol":"","file":"","isolation":"isolated","type":"BUILTIN","md5":""}
intersect_count(BITMAP,SMALLINT,SMALLINT, ...)	BIGINT	Aggregate	VARCHAR	{"fid":"0","symbol":"","file":"","isolation":"isolated","type":"BUILTIN","md5":""}
intersect_count(BITMAP,TIME,TIME, ...)	BIGINT	Aggregate	VARCHAR	{"fid":"0","symbol":"","file":"","isolation":"isolated","type":"BUILTIN","md5":""}
intersect_count(BITMAP,TINYINT,TINYINT, ...)	BIGINT	Aggregate	VARCHAR	{"fid":"0","symbol":"","file":"","isolation":"isolated","type":"BUILTIN","md5":""}
intersect_count(BITMAP,UNKNOWN_TYPE,UNKNOWN_TYPE, ...)	BIGINT	Aggregate	VARCHAR	{"fid":"0","symbol":"","file":"","isolation":"isolated","type":"BUILTIN","md5":""}
intersect_count(BITMAP,VARBINARY,VARBINARY, ...)	BIGINT	Aggregate	VARCHAR	{"fid":"0","symbol":"","file":"","isolation":"isolated","type":"BUILTIN","md5":""}
intersect_count(BITMAP,VARCHAR,VARCHAR, ...)	BIGINT	Aggregate	VARCHAR	{"fid":"0","symbol":"","file":"","isolation":"isolated","type":"BUILTIN","md5":""}
is_role_in_session(VARCHAR)	BOOLEAN	Scalar	NULL	{"fid":"180000","symbol":"","file":"","isolation":"isolated","type":"BUILTIN","md5":""}
jodatime_format(DATE,VARCHAR)	VARCHAR	Scalar	NULL	{"fid":"50261","symbol":"","file":"","isolation":"isolated","type":"BUILTIN","md5":""}
jodatime_format(DATETIME,VARCHAR)	VARCHAR	Scalar	NULL	{"fid":"50260","symbol":"","file":"","isolation":"isolated","type":"BUILTIN","md5":""}
json_array()	JSON	Scalar	NULL	{"fid":"110011","symbol":"","file":"","isolation":"isolated","type":"BUILTIN","md5":""}
json_array(JSON, ...)	JSON	Scalar	NULL	{"fid":"110009","symbol":"","file":"","isolation":"isolated","type":"BUILTIN","md5":""}
json_contains(JSON,JSON)	BOOLEAN	Scalar	NULL	{"fid":"110112","symbol":"","file":"","isolation":"isolated","type":"BUILTIN","md5":""}
json_each(JSON)	INVALID_TYPE	Table	NULL	{"fid":"0","symbol":"","file":"","type":"BUILTIN","md5":""}
json_exists(JSON,VARCHAR)	BOOLEAN	Scalar	NULL	{"fid":"110007","symbol":"","file":"","isolation":"isolated","type":"BUILTIN","md5":""}
json_keys(JSON)	JSON	Scalar	NULL	{"fid":"110018","symbol":"","file":"","isolation":"isolated","type":"BUILTIN","md5":""}
json_keys(JSON,VARCHAR)	JSON	Scalar	NULL	{"fid":"110019","symbol":"","file":"","isolation":"isolated","type":"BUILTIN","md5":""}
json_length(JSON)	INT	Scalar	NULL	{"fid":"110016","symbol":"","file":"","isolation":"isolated","type":"BUILTIN","md5":""}
json_length(JSON,VARCHAR)	INT	Scalar	NULL	{"fid":"110017","symbol":"","file":"","isolation":"isolated","type":"BUILTIN","md5":""}
json_object()	JSON	Scalar	NULL	{"fid":"110010","symbol":"","file":"","isolation":"isolated","type":"BUILTIN","md5":""}
json_object(JSON, ...)	JSON	Scalar	NULL	{"fid":"110008","symbol":"","file":"","isolation":"isolated","type":"BUILTIN","md5":""}
json_pretty(JSON)	VARCHAR	Scalar	NULL	{"fid":"110026","symbol":"","file":"","isolation":"isolated","type":"BUILTIN","md5":""}
json_query(JSON,VARCHAR)	JSON	Scalar	NULL	{"fid":"110005","symbol":"","file":"","isolation":"isolated","type":"BUILTIN","md5":""}
json_remove(JSON,VARCHAR, ...)	JSON	Scalar	NULL	{"fid":"110024","symbol":"","file":"","isolation":"isolated","type":"BUILTIN","md5":""}
json_set(JSON,JSON, ...)	JSON	Scalar	NULL	{"fid":"110025","symbol":"","file":"","isolation":"isolated","type":"BUILTIN","md5":""}
json_string(JSON)	VARCHAR	Scalar	NULL	{"fid":"110004","symbol":"","file":"","isolation":"isolated","type":"BUILTIN","md5":""}
l2_distance(INVALID_TYPE,INVALID_TYPE)	FLOAT	Scalar	NULL	{"fid":"10114","symbol":"","file":"","isolation":"isolated","type":"BUILTIN","md5":""}
lag(BIGINT)	BIGINT	Aggregate	NULL	{"fid":"0","symbol":"","file":"","isolation":"isolated","type":"BUILTIN","md5":""}
lag(BIGINT,BIGINT)	BIGINT	Aggregate	NULL	{"fid":"0","symbol":"","file":"","isolation":"isolated","type":"BUILTIN","md5":""}
lag(BIGINT,BIGINT,BIGINT)	BIGINT	Aggregate	NULL	{"fid":"0","symbol":"","file":"","isolation":"isolated","type":"BUILTIN","md5":""}
lag(BITMAP)	BITMAP	Aggregate	NULL	{"fid":"0","symbol":"","file":"","isolation":"isolated","type":"BUILTIN","md5":""}
lag(BITMAP,BIGINT)	BITMAP	Aggregate	NULL	{"fid":"0","symbol":"","file":"","isolation":"isolated","type":"BUILTIN","md5":""}
lag(BITMAP,BIGINT,BITMAP)	BITMAP	Aggregate	NULL	{"fid":"0","symbol":"","file":"","isolation":"isolated","type":"BUILTIN","md5":""}
lag(BOOLEAN)	BOOLEAN	Aggregate	NULL	{"fid":"0","symbol":"","file":"","isolation":"isolated","type":"BUILTIN","md5":""}
lag(BOOLEAN,BIGINT)	BOOLEAN	Aggregate	NULL	{"fid":"0","symbol":"","file":"","isolation":"isolated","type":"BUILTIN","md5":""}
lag(BOOLEAN,BIGINT,BOOLEAN)	BOOLEAN	Aggregate	NULL	{"fid":"0","symbol":"","file":"","isolation":"isolated","type":"BUILTIN","md5":""}
lag(DATE)	DATE	Aggregate	NULL	{"fid":"0","symbol":"","file":"","isolation":"isolated","type":"BUILTIN","md5":""}
lag(DATE,BIGINT)	DATE	Aggregate	NULL	{"fid":"0","symbol":"","file":"","isolation":"isolated","type":"BUILTIN","md5":""}
lag(DATE,BIGINT,DATE)	DATE	Aggregate	NULL	{"fid":"0","symbol":"","file":"","isolation":"isolated","type":"BUILTIN","md5":""}
lag(DATETIME)	DATETIME	Aggregate	NULL	{"fid":"0","symbol":"","file":"","isolation":"isolated","type":"BUILTIN","md5":""}
lag(DATETIME,BIGINT)	DATETIME	Aggregate	NULL	{"fid":"0","symbol":"","file":"","isolation":"isolated","type":"BUILTIN","md5":""}
lag(DATETIME,BIGINT,DATETIME)	DATETIME	Aggregate	NULL	{"fid":"0","symbol":"","file":"","isolation":"isolated","type":"BUILTIN","md5":""}
lag(DECIMAL128)	DECIMAL128	Aggregate	NULL	{"fid":"0","symbol":"","file":"","isolation":"isolated","type":"BUILTIN","md5":""}
lag(DECIMAL128,BIGINT)	DECIMAL128	Aggregate	NULL	{"fid":"0","symbol":"","file":"","isolation":"isolated","type":"BUILTIN","md5":""}
lag(DECIMAL128,BIGINT,DECIMAL128)	DECIMAL128	Aggregate	NULL	{"fid":"0","symbol":"","file":"","isolation":"isolated","type":"BUILTIN","md5":""}
lag(DECIMAL256)	DECIMAL256	Aggregate	NULL	{"fid":"0","symbol":"","file":"","isolation":"isolated","type":"BUILTIN","md5":""}
lag(DECIMAL256,BIGINT)	DECIMAL256	Aggregate	NULL	{"fid":"0","symbol":"","file":"","isolation":"isolated","type":"BUILTIN","md5":""}
lag(DECIMAL256,BIGINT,DECIMAL256)	DECIMAL256	Aggregate	NULL	{"fid":"0","symbol":"","file":"","isolation":"isolated","type":"BUILTIN","md5":""}
lag(DECIMAL32)	DECIMAL32	Aggregate	NULL	{"fid":"0","symbol":"","file":"","isolation":"isolated","type":"BUILTIN","md5":""}
lag(DECIMAL32,BIGINT)	DECIMAL32	Aggregate	NULL	{"fid":"0","symbol":"","file":"","isolation":"isolated","type":"BUILTIN","md5":""}
lag(DECIMAL32,BIGINT,DECIMAL32)	DECIMAL32	Aggregate	NULL	{"fid":"0","symbol":"","file":"","isolation":"isolated","type":"BUILTIN","md5":""}
lag(DECIMAL64)	DECIMAL64	Aggregate	NULL	{"fid":"0","symbol":"","file":"","isolation":"isolated","type":"BUILTIN","md5":""}
lag(DECIMAL64,BIGINT)	DECIMAL64	Aggregate	NULL	{"fid":"0","symbol":"","file":"","isolation":"isolated","type":"BUILTIN","md5":""}
lag(DECIMAL64,BIGINT,DECIMAL64)	DECIMAL64	Aggregate	NULL	{"fid":"0","symbol":"","file":"","isolation":"isolated","type":"BUILTIN","md5":""}
lag(DECIMALV2)	DECIMALV2	Aggregate	NULL	{"fid":"0","symbol":"","file":"","isolation":"isolated","type":"BUILTIN","md5":""}
lag(DECIMALV2,BIGINT)	DECIMALV2	Aggregate	NULL	{"fid":"0","symbol":"","file":"","isolation":"isolated","type":"BUILTIN","md5":""}
lag(DECIMALV2,BIGINT,DECIMALV2)	DECIMALV2	Aggregate	NULL	{"fid":"0","symbol":"","file":"","isolation":"isolated","type":"BUILTIN","md5":""}
lag(DOUBLE)	DOUBLE	Aggregate	NULL	{"fid":"0","symbol":"","file":"","isolation":"isolated","type":"BUILTIN","md5":""}
lag(DOUBLE,BIGINT)	DOUBLE	Aggregate	NULL	{"fid":"0","symbol":"","file":"","isolation":"isolated","type":"BUILTIN","md5":""}
lag(DOUBLE,BIGINT,DOUBLE)	DOUBLE	Aggregate	NULL	{"fid":"0","symbol":"","file":"","isolation":"isolated","type":"BUILTIN","md5":""}
lag(FLOAT)	FLOAT	Aggregate	NULL	{"fid":"0","symbol":"","file":"","isolation":"isolated","type":"BUILTIN","md5":""}
lag(FLOAT,BIGINT)	FLOAT	Aggregate	NULL	{"fid":"0","symbol":"","file":"","isolation":"isolated","type":"BUILTIN","md5":""}
lag(FLOAT,BIGINT,FLOAT)	FLOAT	Aggregate	NULL	{"fid":"0","symbol":"","file":"","isolation":"isolated","type":"BUILTIN","md5":""}
lag(HLL)	HLL	Aggregate	NULL	{"fid":"0","symbol":"","file":"","isolation":"isolated","type":"BUILTIN","md5":""}
lag(HLL,BIGINT)	HLL	Aggregate	NULL	{"fid":"0","symbol":"","file":"","isolation":"isolated","type":"BUILTIN","md5":""}
lag(HLL,BIGINT,HLL)	HLL	Aggregate	NULL	{"fid":"0","symbol":"","file":"","isolation":"isolated","type":"BUILTIN","md5":""}
lag(INT)	INT	Aggregate	NULL	{"fid":"0","symbol":"","file":"","isolation":"isolated","type":"BUILTIN","md5":""}
lag(INT,BIGINT)	INT	Aggregate	NULL	{"fid":"0","symbol":"","file":"","isolation":"isolated","type":"BUILTIN","md5":""}
lag(INT,BIGINT,INT)	INT	Aggregate	NULL	{"fid":"0","symbol":"","file":"","isolation":"isolated","type":"BUILTIN","md5":""}
lag(INVALID_TYPE)	INVALID_TYPE	Aggregate	NULL	{"fid":"0","symbol":"","file":"","isolation":"isolated","type":"BUILTIN","md5":""}
lag(INVALID_TYPE,BIGINT)	INVALID_TYPE	Aggregate	NULL	{"fid":"0","symbol":"","file":"","isolation":"isolated","type":"BUILTIN","md5":""}
lag(INVALID_TYPE,BIGINT,INVALID_TYPE)	INVALID_TYPE	Aggregate	NULL	{"fid":"0","symbol":"","file":"","isolation":"isolated","type":"BUILTIN","md5":""}
lag(JSON)	JSON	Aggregate	NULL	{"fid":"0","symbol":"","file":"","isolation":"isolated","type":"BUILTIN","md5":""}
lag(JSON,BIGINT)	JSON	Aggregate	NULL	{"fid":"0","symbol":"","file":"","isolation":"isolated","type":"BUILTIN","md5":""}
lag(JSON,BIGINT,JSON)	JSON	Aggregate	NULL	{"fid":"0","symbol":"","file":"","isolation":"isolated","type":"BUILTIN","md5":""}
lag(LARGEINT)	LARGEINT	Aggregate	NULL	{"fid":"0","symbol":"","file":"","isolation":"isolated","type":"BUILTIN","md5":""}
lag(LARGEINT,BIGINT)	LARGEINT	Aggregate	NULL	{"fid":"0","symbol":"","file":"","isolation":"isolated","type":"BUILTIN","md5":""}
lag(LARGEINT,BIGINT,LARGEINT)	LARGEINT	Aggregate	NULL	{"fid":"0","symbol":"","file":"","isolation":"isolated","type":"BUILTIN","md5":""}
lag(PERCENTILE)	PERCENTILE	Aggregate	NULL	{"fid":"0","symbol":"","file":"","isolation":"isolated","type":"BUILTIN","md5":""}
lag(PERCENTILE,BIGINT)	PERCENTILE	Aggregate	NULL	{"fid":"0","symbol":"","file":"","isolation":"isolated","type":"BUILTIN","md5":""}
lag(PERCENTILE,BIGINT,PERCENTILE)	PERCENTILE	Aggregate	NULL	{"fid":"0","symbol":"","file":"","isolation":"isolated","type":"BUILTIN","md5":""}
lag(SMALLINT)	SMALLINT	Aggregate	NULL	{"fid":"0","symbol":"","file":"","isolation":"isolated","type":"BUILTIN","md5":""}
lag(SMALLINT,BIGINT)	SMALLINT	Aggregate	NULL	{"fid":"0","symbol":"","file":"","isolation":"isolated","type":"BUILTIN","md5":""}
lag(SMALLINT,BIGINT,SMALLINT)	SMALLINT	Aggregate	NULL	{"fid":"0","symbol":"","file":"","isolation":"isolated","type":"BUILTIN","md5":""}
lag(TINYINT)	TINYINT	Aggregate	NULL	{"fid":"0","symbol":"","file":"","isolation":"isolated","type":"BUILTIN","md5":""}
lag(TINYINT,BIGINT)	TINYINT	Aggregate	NULL	{"fid":"0","symbol":"","file":"","isolation":"isolated","type":"BUILTIN","md5":""}
lag(TINYINT,BIGINT,TINYINT)	TINYINT	Aggregate	NULL	{"fid":"0","symbol":"","file":"","isolation":"isolated","type":"BUILTIN","md5":""}
lag(UNKNOWN_TYPE)	UNKNOWN_TYPE	Aggregate	NULL	{"fid":"0","symbol":"","file":"","isolation":"isolated","type":"BUILTIN","md5":""}
lag(UNKNOWN_TYPE,BIGINT)	UNKNOWN_TYPE	Aggregate	NULL	{"fid":"0","symbol":"","file":"","isolation":"isolated","type":"BUILTIN","md5":""}
lag(UNKNOWN_TYPE,BIGINT,UNKNOWN_TYPE)	UNKNOWN_TYPE	Aggregate	NULL	{"fid":"0","symbol":"","file":"","isolation":"isolated","type":"BUILTIN","md5":""}
lag(VARCHAR)	VARCHAR	Aggregate	NULL	{"fid":"0","symbol":"","file":"","isolation":"isolated","type":"BUILTIN","md5":""}
lag(VARCHAR,BIGINT)	VARCHAR	Aggregate	NULL	{"fid":"0","symbol":"","file":"","isolation":"isolated","type":"BUILTIN","md5":""}
lag(VARCHAR,BIGINT,VARCHAR)	VARCHAR	Aggregate	NULL	{"fid":"0","symbol":"","file":"","isolation":"isolated","type":"BUILTIN","md5":""}
last_day(DATE)	DATE	Scalar	NULL	{"fid":"50404","symbol":"","file":"","isolation":"isolated","type":"BUILTIN","md5":""}
last_day(DATE,VARCHAR)	DATE	Scalar	NULL	{"fid":"50405","symbol":"","file":"","isolation":"isolated","type":"BUILTIN","md5":""}
last_day(DATETIME)	DATE	Scalar	NULL	{"fid":"50402","symbol":"","file":"","isolation":"isolated","type":"BUILTIN","md5":""}
last_day(DATETIME,VARCHAR)	DATE	Scalar	NULL	{"fid":"50403","symbol":"","file":"","isolation":"isolated","type":"BUILTIN","md5":""}
last_query_id()	VARCHAR	Scalar	NULL	{"fid":"100014","symbol":"","file":"","isolation":"isolated","type":"BUILTIN","md5":""}
last_value(BIGINT)	BIGINT	Aggregate	NULL	{"fid":"0","symbol":"","file":"","isolation":"isolated","type":"BUILTIN","md5":""}
last_value(BITMAP)	BITMAP	Aggregate	NULL	{"fid":"0","symbol":"","file":"","isolation":"isolated","type":"BUILTIN","md5":""}
last_value(BOOLEAN)	BOOLEAN	Aggregate	NULL	{"fid":"0","symbol":"","file":"","isolation":"isolated","type":"BUILTIN","md5":""}
last_value(DATE)	DATE	Aggregate	NULL	{"fid":"0","symbol":"","file":"","isolation":"isolated","type":"BUILTIN","md5":""}
last_value(DATETIME)	DATETIME	Aggregate	NULL	{"fid":"0","symbol":"","file":"","isolation":"isolated","type":"BUILTIN","md5":""}
last_value(DECIMAL128)	DECIMAL128	Aggregate	NULL	{"fid":"0","symbol":"","file":"","isolation":"isolated","type":"BUILTIN","md5":""}
last_value(DECIMAL256)	DECIMAL256	Aggregate	NULL	{"fid":"0","symbol":"","file":"","isolation":"isolated","type":"BUILTIN","md5":""}
last_value(DECIMAL32)	DECIMAL32	Aggregate	NULL	{"fid":"0","symbol":"","file":"","isolation":"isolated","type":"BUILTIN","md5":""}
last_value(DECIMAL64)	DECIMAL64	Aggregate	NULL	{"fid":"0","symbol":"","file":"","isolation":"isolated","type":"BUILTIN","md5":""}
last_value(DECIMALV2)	DECIMALV2	Aggregate	NULL	{"fid":"0","symbol":"","file":"","isolation":"isolated","type":"BUILTIN","md5":""}
last_value(DOUBLE)	DOUBLE	Aggregate	NULL	{"fid":"0","symbol":"","file":"","isolation":"isolated","type":"BUILTIN","md5":""}
last_value(FLOAT)	FLOAT	Aggregate	NULL	{"fid":"0","symbol":"","file":"","isolation":"isolated","type":"BUILTIN","md5":""}
last_value(HLL)	HLL	Aggregate	NULL	{"fid":"0","symbol":"","file":"","isolation":"isolated","type":"BUILTIN","md5":""}
last_value(INT)	INT	Aggregate	NULL	{"fid":"0","symbol":"","file":"","isolation":"isolated","type":"BUILTIN","md5":""}
last_value(INVALID_TYPE)	INVALID_TYPE	Aggregate	NULL	{"fid":"0","symbol":"","file":"","isolation":"isolated","type":"BUILTIN","md5":""}
last_value(JSON)	JSON	Aggregate	NULL	{"fid":"0","symbol":"","file":"","isolation":"isolated","type":"BUILTIN","md5":""}
last_value(LARGEINT)	LARGEINT	Aggregate	NULL	{"fid":"0","symbol":"","file":"","isolation":"isolated","type":"BUILTIN","md5":""}
last_value(PERCENTILE)	PERCENTILE	Aggregate	NULL	{"fid":"0","symbol":"","file":"","isolation":"isolated","type":"BUILTIN","md5":""}
last_value(SMALLINT)	SMALLINT	Aggregate	NULL	{"fid":"0","symbol":"","file":"","isolation":"isolated","type":"BUILTIN","md5":""}
last_value(TINYINT)	TINYINT	Aggregate	NULL	{"fid":"0","symbol":"","file":"","isolation":"isolated","type":"BUILTIN","md5":""}
last_value(UNKNOWN_TYPE)	UNKNOWN_TYPE	Aggregate	NULL	{"fid":"0","symbol":"","file":"","isolation":"isolated","type":"BUILTIN","md5":""}
last_value(VARCHAR)	VARCHAR	Aggregate	NULL	{"fid":"0","symbol":"","file":"","isolation":"isolated","type":"BUILTIN","md5":""}
lcase(VARCHAR)	VARCHAR	Scalar	NULL	{"fid":"30141","symbol":"","file":"","isolation":"isolated","type":"BUILTIN","md5":""}
lead(BIGINT)	BIGINT	Aggregate	NULL	{"fid":"0","symbol":"","file":"","isolation":"isolated","type":"BUILTIN","md5":""}
lead(BIGINT,BIGINT)	BIGINT	Aggregate	NULL	{"fid":"0","symbol":"","file":"","isolation":"isolated","type":"BUILTIN","md5":""}
lead(BIGINT,BIGINT,BIGINT)	BIGINT	Aggregate	NULL	{"fid":"0","symbol":"","file":"","isolation":"isolated","type":"BUILTIN","md5":""}
lead(BITMAP)	BITMAP	Aggregate	NULL	{"fid":"0","symbol":"","file":"","isolation":"isolated","type":"BUILTIN","md5":""}
lead(BITMAP,BIGINT)	BITMAP	Aggregate	NULL	{"fid":"0","symbol":"","file":"","isolation":"isolated","type":"BUILTIN","md5":""}
lead(BITMAP,BIGINT,BITMAP)	BITMAP	Aggregate	NULL	{"fid":"0","symbol":"","file":"","isolation":"isolated","type":"BUILTIN","md5":""}
lead(BOOLEAN)	BOOLEAN	Aggregate	NULL	{"fid":"0","symbol":"","file":"","isolation":"isolated","type":"BUILTIN","md5":""}
lead(BOOLEAN,BIGINT)	BOOLEAN	Aggregate	NULL	{"fid":"0","symbol":"","file":"","isolation":"isolated","type":"BUILTIN","md5":""}
lead(BOOLEAN,BIGINT,BOOLEAN)	BOOLEAN	Aggregate	NULL	{"fid":"0","symbol":"","file":"","isolation":"isolated","type":"BUILTIN","md5":""}
lead(DATE)	DATE	Aggregate	NULL	{"fid":"0","symbol":"","file":"","isolation":"isolated","type":"BUILTIN","md5":""}
lead(DATE,BIGINT)	DATE	Aggregate	NULL	{"fid":"0","symbol":"","file":"","isolation":"isolated","type":"BUILTIN","md5":""}
lead(DATE,BIGINT,DATE)	DATE	Aggregate	NULL	{"fid":"0","symbol":"","file":"","isolation":"isolated","type":"BUILTIN","md5":""}
lead(DATETIME)	DATETIME	Aggregate	NULL	{"fid":"0","symbol":"","file":"","isolation":"isolated","type":"BUILTIN","md5":""}
lead(DATETIME,BIGINT)	DATETIME	Aggregate	NULL	{"fid":"0","symbol":"","file":"","isolation":"isolated","type":"BUILTIN","md5":""}
lead(DATETIME,BIGINT,DATETIME)	DATETIME	Aggregate	NULL	{"fid":"0","symbol":"","file":"","isolation":"isolated","type":"BUILTIN","md5":""}
lead(DECIMAL128)	DECIMAL128	Aggregate	NULL	{"fid":"0","symbol":"","file":"","isolation":"isolated","type":"BUILTIN","md5":""}
lead(DECIMAL128,BIGINT)	DECIMAL128	Aggregate	NULL	{"fid":"0","symbol":"","file":"","isolation":"isolated","type":"BUILTIN","md5":""}
lead(DECIMAL128,BIGINT,DECIMAL128)	DECIMAL128	Aggregate	NULL	{"fid":"0","symbol":"","file":"","isolation":"isolated","type":"BUILTIN","md5":""}
lead(DECIMAL256)	DECIMAL256	Aggregate	NULL	{"fid":"0","symbol":"","file":"","isolation":"isolated","type":"BUILTIN","md5":""}
lead(DECIMAL256,BIGINT)	DECIMAL256	Aggregate	NULL	{"fid":"0","symbol":"","file":"","isolation":"isolated","type":"BUILTIN","md5":""}
lead(DECIMAL256,BIGINT,DECIMAL256)	DECIMAL256	Aggregate	NULL	{"fid":"0","symbol":"","file":"","isolation":"isolated","type":"BUILTIN","md5":""}
lead(DECIMAL32)	DECIMAL32	Aggregate	NULL	{"fid":"0","symbol":"","file":"","isolation":"isolated","type":"BUILTIN","md5":""}
lead(DECIMAL32,BIGINT)	DECIMAL32	Aggregate	NULL	{"fid":"0","symbol":"","file":"","isolation":"isolated","type":"BUILTIN","md5":""}
lead(DECIMAL32,BIGINT,DECIMAL32)	DECIMAL32	Aggregate	NULL	{"fid":"0","symbol":"","file":"","isolation":"isolated","type":"BUILTIN","md5":""}
lead(DECIMAL64)	DECIMAL64	Aggregate	NULL	{"fid":"0","symbol":"","file":"","isolation":"isolated","type":"BUILTIN","md5":""}
lead(DECIMAL64,BIGINT)	DECIMAL64	Aggregate	NULL	{"fid":"0","symbol":"","file":"","isolation":"isolated","type":"BUILTIN","md5":""}
lead(DECIMAL64,BIGINT,DECIMAL64)	DECIMAL64	Aggregate	NULL	{"fid":"0","symbol":"","file":"","isolation":"isolated","type":"BUILTIN","md5":""}
lead(DECIMALV2)	DECIMALV2	Aggregate	NULL	{"fid":"0","symbol":"","file":"","isolation":"isolated","type":"BUILTIN","md5":""}
lead(DECIMALV2,BIGINT)	DECIMALV2	Aggregate	NULL	{"fid":"0","symbol":"","file":"","isolation":"isolated","type":"BUILTIN","md5":""}
lead(DECIMALV2,BIGINT,DECIMALV2)	DECIMALV2	Aggregate	NULL	{"fid":"0","symbol":"","file":"","isolation":"isolated","type":"BUILTIN","md5":""}
lead(DOUBLE)	DOUBLE	Aggregate	NULL	{"fid":"0","symbol":"","file":"","isolation":"isolated","type":"BUILTIN","md5":""}
lead(DOUBLE,BIGINT)	DOUBLE	Aggregate	NULL	{"fid":"0","symbol":"","file":"","isolation":"isolated","type":"BUILTIN","md5":""}
lead(DOUBLE,BIGINT,DOUBLE)	DOUBLE	Aggregate	NULL	{"fid":"0","symbol":"","file":"","isolation":"isolated","type":"BUILTIN","md5":""}
lead(FLOAT)	FLOAT	Aggregate	NULL	{"fid":"0","symbol":"","file":"","isolation":"isolated","type":"BUILTIN","md5":""}
lead(FLOAT,BIGINT)	FLOAT	Aggregate	NULL	{"fid":"0","symbol":"","file":"","isolation":"isolated","type":"BUILTIN","md5":""}
lead(FLOAT,BIGINT,FLOAT)	FLOAT	Aggregate	NULL	{"fid":"0","symbol":"","file":"","isolation":"isolated","type":"BUILTIN","md5":""}
lead(HLL)	HLL	Aggregate	NULL	{"fid":"0","symbol":"","file":"","isolation":"isolated","type":"BUILTIN","md5":""}
lead(HLL,BIGINT)	HLL	Aggregate	NULL	{"fid":"0","symbol":"","file":"","isolation":"isolated","type":"BUILTIN","md5":""}
lead(HLL,BIGINT,HLL)	HLL	Aggregate	NULL	{"fid":"0","symbol":"","file":"","isolation":"isolated","type":"BUILTIN","md5":""}
lead(INT)	INT	Aggregate	NULL	{"fid":"0","symbol":"","file":"","isolation":"isolated","type":"BUILTIN","md5":""}
lead(INT,BIGINT)	INT	Aggregate	NULL	{"fid":"0","symbol":"","file":"","isolation":"isolated","type":"BUILTIN","md5":""}
lead(INT,BIGINT,INT)	INT	Aggregate	NULL	{"fid":"0","symbol":"","file":"","isolation":"isolated","type":"BUILTIN","md5":""}
lead(INVALID_TYPE)	INVALID_TYPE	Aggregate	NULL	{"fid":"0","symbol":"","file":"","isolation":"isolated","type":"BUILTIN","md5":""}
lead(INVALID_TYPE,BIGINT)	INVALID_TYPE	Aggregate	NULL	{"fid":"0","symbol":"","file":"","isolation":"isolated","type":"BUILTIN","md5":""}
lead(INVALID_TYPE,BIGINT,INVALID_TYPE)	INVALID_TYPE	Aggregate	NULL	{"fid":"0","symbol":"","file":"","isolation":"isolated","type":"BUILTIN","md5":""}
lead(JSON)	JSON	Aggregate	NULL	{"fid":"0","symbol":"","file":"","isolation":"isolated","type":"BUILTIN","md5":""}
lead(JSON,BIGINT)	JSON	Aggregate	NULL	{"fid":"0","symbol":"","file":"","isolation":"isolated","type":"BUILTIN","md5":""}
lead(JSON,BIGINT,JSON)	JSON	Aggregate	NULL	{"fid":"0","symbol":"","file":"","isolation":"isolated","type":"BUILTIN","md5":""}
lead(LARGEINT)	LARGEINT	Aggregate	NULL	{"fid":"0","symbol":"","file":"","isolation":"isolated","type":"BUILTIN","md5":""}
lead(LARGEINT,BIGINT)	LARGEINT	Aggregate	NULL	{"fid":"0","symbol":"","file":"","isolation":"isolated","type":"BUILTIN","md5":""}
lead(LARGEINT,BIGINT,LARGEINT)	LARGEINT	Aggregate	NULL	{"fid":"0","symbol":"","file":"","isolation":"isolated","type":"BUILTIN","md5":""}
lead(PERCENTILE)	PERCENTILE	Aggregate	NULL	{"fid":"0","symbol":"","file":"","isolation":"isolated","type":"BUILTIN","md5":""}
lead(PERCENTILE,BIGINT)	PERCENTILE	Aggregate	NULL	{"fid":"0","symbol":"","file":"","isolation":"isolated","type":"BUILTIN","md5":""}
lead(PERCENTILE,BIGINT,PERCENTILE)	PERCENTILE	Aggregate	NULL	{"fid":"0","symbol":"","file":"","isolation":"isolated","type":"BUILTIN","md5":""}
lead(SMALLINT)	SMALLINT	Aggregate	NULL	{"fid":"0","symbol":"","file":"","isolation":"isolated","type":"BUILTIN","md5":""}
lead(SMALLINT,BIGINT)	SMALLINT	Aggregate	NULL	{"fid":"0","symbol":"","file":"","isolation":"isolated","type":"BUILTIN","md5":""}
lead(SMALLINT,BIGINT,SMALLINT)	SMALLINT	Aggregate	NULL	{"fid":"0","symbol":"","file":"","isolation":"isolated","type":"BUILTIN","md5":""}
lead(TINYINT)	TINYINT	Aggregate	NULL	{"fid":"0","symbol":"","file":"","isolation":"isolated","type":"BUILTIN","md5":""}
lead(TINYINT,BIGINT)	TINYINT	Aggregate	NULL	{"fid":"0","symbol":"","file":"","isolation":"isolated","type":"BUILTIN","md5":""}
lead(TINYINT,BIGINT,TINYINT)	TINYINT	Aggregate	NULL	{"fid":"0","symbol":"","file":"","isolation":"isolated","type":"BUILTIN","md5":""}
lead(UNKNOWN_TYPE)	UNKNOWN_TYPE	Aggregate	NULL	{"fid":"0","symbol":"","file":"","isolation":"isolated","type":"BUILTIN","md5":""}
lead(UNKNOWN_TYPE,BIGINT)	UNKNOWN_TYPE	Aggregate	NULL	{"fid":"0","symbol":"","file":"","isolation":"isolated","type":"BUILTIN","md5":""}
lead(UNKNOWN_TYPE,BIGINT,UNKNOWN_TYPE)	UNKNOWN_TYPE	Aggregate	NULL	{"fid":"0","symbol":"","file":"","isolation":"isolated","type":"BUILTIN","md5":""}
lead(VARCHAR)	VARCHAR	Aggregate	NULL	{"fid":"0","symbol":"","file":"","isolation":"isolated","type":"BUILTIN","md5":""}
lead(VARCHAR,BIGINT)	VARCHAR	Aggregate	NULL	{"fid":"0","symbol":"","file":"","isolation":"isolated","type":"BUILTIN","md5":""}
lead(VARCHAR,BIGINT,VARCHAR)	VARCHAR	Aggregate	NULL	{"fid":"0","symbol":"","file":"","isolation":"isolated","type":"BUILTIN","md5":""}
least(BIGINT, ...)	BIGINT	Scalar	NULL	{"fid":"10283","symbol":"","file":"","isolation":"isolated","type":"BUILTIN","md5":""}
least(DATETIME, ...)	DATETIME	Scalar	NULL	{"fid":"10288","symbol":"","file":"","isolation":"isolated","type":"BUILTIN","md5":""}
least(DECIMAL128, ...)	DECIMAL128	Scalar	NULL	{"fid":"102872","symbol":"","file":"","isolation":"isolated","type":"BUILTIN","md5":""}
least(DECIMAL32, ...)	DECIMAL32	Scalar	NULL	{"fid":"102870","symbol":"","file":"","isolation":"isolated","type":"BUILTIN","md5":""}
least(DECIMAL64, ...)	DECIMAL64	Scalar	NULL	{"fid":"102871","symbol":"","file":"","isolation":"isolated","type":"BUILTIN","md5":""}
least(DECIMALV2, ...)	DECIMALV2	Scalar	NULL	{"fid":"10287","symbol":"","file":"","isolation":"isolated","type":"BUILTIN","md5":""}
least(DOUBLE, ...)	DOUBLE	Scalar	NULL	{"fid":"10286","symbol":"","file":"","isolation":"isolated","type":"BUILTIN","md5":""}
least(FLOAT, ...)	FLOAT	Scalar	NULL	{"fid":"10285","symbol":"","file":"","isolation":"isolated","type":"BUILTIN","md5":""}
least(INT, ...)	INT	Scalar	NULL	{"fid":"10282","symbol":"","file":"","isolation":"isolated","type":"BUILTIN","md5":""}
least(LARGEINT, ...)	LARGEINT	Scalar	NULL	{"fid":"10284","symbol":"","file":"","isolation":"isolated","type":"BUILTIN","md5":""}
least(SMALLINT, ...)	SMALLINT	Scalar	NULL	{"fid":"10281","symbol":"","file":"","isolation":"isolated","type":"BUILTIN","md5":""}
least(TINYINT, ...)	TINYINT	Scalar	NULL	{"fid":"10280","symbol":"","file":"","isolation":"isolated","type":"BUILTIN","md5":""}
least(VARCHAR, ...)	VARCHAR	Scalar	NULL	{"fid":"10289","symbol":"","file":"","isolation":"isolated","type":"BUILTIN","md5":""}
left(VARCHAR,INT)	VARCHAR	Scalar	NULL	{"fid":"30020","symbol":"","file":"","isolation":"isolated","type":"BUILTIN","md5":""}
length(VARCHAR)	INT	Scalar	NULL	{"fid":"30120","symbol":"","file":"","isolation":"isolated","type":"BUILTIN","md5":""}
like(VARCHAR,VARCHAR)	BOOLEAN	Scalar	NULL	{"fid":"60010","symbol":"","file":"","isolation":"isolated","type":"BUILTIN","md5":""}
list_rowsets(BIGINT,BIGINT)	INVALID_TYPE	Table	NULL	{"fid":"0","symbol":"","file":"","type":"BUILTIN","md5":""}
ln(DOUBLE)	DOUBLE	Scalar	NULL	{"fid":"10140","symbol":"","file":"","isolation":"isolated","type":"BUILTIN","md5":""}
localtime()	DATETIME	Scalar	NULL	{"fid":"50202","symbol":"","file":"","isolation":"isolated","type":"BUILTIN","md5":""}
localtimestamp()	DATETIME	Scalar	NULL	{"fid":"50203","symbol":"","file":"","isolation":"isolated","type":"BUILTIN","md5":""}
locate(VARCHAR,VARCHAR)	INT	Scalar	NULL	{"fid":"30220","symbol":"","file":"","isolation":"isolated","type":"BUILTIN","md5":""}
locate(VARCHAR,VARCHAR,INT)	INT	Scalar	NULL	{"fid":"30221","symbol":"","file":"","isolation":"isolated","type":"BUILTIN","md5":""}
log(DOUBLE)	DOUBLE	Scalar	NULL	{"fid":"10142","symbol":"","file":"","isolation":"isolated","type":"BUILTIN","md5":""}
log(DOUBLE,DOUBLE)	DOUBLE	Scalar	NULL	{"fid":"10150","symbol":"","file":"","isolation":"isolated","type":"BUILTIN","md5":""}
log10(DOUBLE)	DOUBLE	Scalar	NULL	{"fid":"10170","symbol":"","file":"","isolation":"isolated","type":"BUILTIN","md5":""}
log2(DOUBLE)	DOUBLE	Scalar	NULL	{"fid":"10160","symbol":"","file":"","isolation":"isolated","type":"BUILTIN","md5":""}
lower(VARCHAR)	VARCHAR	Scalar	NULL	{"fid":"30140","symbol":"","file":"","isolation":"isolated","type":"BUILTIN","md5":""}
lpad(VARCHAR,INT,VARCHAR)	VARCHAR	Scalar	NULL	{"fid":"30090","symbol":"","file":"","isolation":"isolated","type":"BUILTIN","md5":""}
ltrim(VARCHAR)	VARCHAR	Scalar	NULL	{"fid":"30180","symbol":"","file":"","isolation":"isolated","type":"BUILTIN","md5":""}
ltrim(VARCHAR,VARCHAR)	VARCHAR	Scalar	NULL	{"fid":"30181","symbol":"","file":"","isolation":"isolated","type":"BUILTIN","md5":""}
makedate(INT,INT)	DATE	Scalar	NULL	{"fid":"50501","symbol":"","file":"","isolation":"isolated","type":"BUILTIN","md5":""}
mann_whitney_u_test(DOUBLE,BOOLEAN)	JSON	Aggregate	VARBINARY	{"fid":"0","symbol":"","file":"","isolation":"isolated","type":"BUILTIN","md5":""}
mann_whitney_u_test(DOUBLE,BOOLEAN,VARCHAR)	JSON	Aggregate	VARBINARY	{"fid":"0","symbol":"","file":"","isolation":"isolated","type":"BUILTIN","md5":""}
mann_whitney_u_test(DOUBLE,BOOLEAN,VARCHAR,BIGINT)	JSON	Aggregate	VARBINARY	{"fid":"0","symbol":"","file":"","isolation":"isolated","type":"BUILTIN","md5":""}
mann_whitney_u_test_combine(DOUBLE,BOOLEAN)	VARBINARY	Aggregate	NULL	{"fid":"0","symbol":"","file":"","isolation":"isolated","type":"BUILTIN","md5":""}
mann_whitney_u_test_combine(DOUBLE,BOOLEAN,VARCHAR)	VARBINARY	Aggregate	NULL	{"fid":"0","symbol":"","file":"","isolation":"isolated","type":"BUILTIN","md5":""}
mann_whitney_u_test_combine(DOUBLE,BOOLEAN,VARCHAR,BIGINT)	VARBINARY	Aggregate	NULL	{"fid":"0","symbol":"","file":"","isolation":"isolated","type":"BUILTIN","md5":""}
mann_whitney_u_test_if(DOUBLE,BOOLEAN,BOOLEAN)	JSON	Aggregate	VARBINARY	{"fid":"0","symbol":"","file":"","isolation":"isolated","type":"BUILTIN","md5":""}
mann_whitney_u_test_if(DOUBLE,BOOLEAN,VARCHAR,BIGINT,BOOLEAN)	JSON	Aggregate	VARBINARY	{"fid":"0","symbol":"","file":"","isolation":"isolated","type":"BUILTIN","md5":""}
mann_whitney_u_test_if(DOUBLE,BOOLEAN,VARCHAR,BOOLEAN)	JSON	Aggregate	VARBINARY	{"fid":"0","symbol":"","file":"","isolation":"isolated","type":"BUILTIN","md5":""}
mann_whitney_u_test_merge(VARBINARY)	JSON	Aggregate	VARBINARY	{"fid":"0","symbol":"","file":"","isolation":"isolated","type":"BUILTIN","md5":""}
mann_whitney_u_test_state(DOUBLE,BOOLEAN)	VARBINARY	Scalar	NULL	{"fid":"0","symbol":"","file":"","isolation":"isolated","type":"BUILTIN","md5":""}
mann_whitney_u_test_state(DOUBLE,BOOLEAN,VARCHAR)	VARBINARY	Scalar	NULL	{"fid":"0","symbol":"","file":"","isolation":"isolated","type":"BUILTIN","md5":""}
mann_whitney_u_test_state(DOUBLE,BOOLEAN,VARCHAR,BIGINT)	VARBINARY	Scalar	NULL	{"fid":"0","symbol":"","file":"","isolation":"isolated","type":"BUILTIN","md5":""}
mann_whitney_u_test_state_merge(VARBINARY)	JSON	Scalar	NULL	{"fid":"0","symbol":"","file":"","isolation":"isolated","type":"BUILTIN","md5":""}
mann_whitney_u_test_state_union(VARBINARY,VARBINARY)	VARBINARY	Scalar	NULL	{"fid":"0","symbol":"","file":"","isolation":"isolated","type":"BUILTIN","md5":""}
mann_whitney_u_test_union(VARBINARY)	VARBINARY	Aggregate	NULL	{"fid":"0","symbol":"","file":"","isolation":"isolated","type":"BUILTIN","md5":""}
map_agg(BIGINT,INVALID_TYPE)	INVALID_TYPE	Aggregate	NULL	{"fid":"0","symbol":"","file":"","isolation":"isolated","type":"BUILTIN","md5":""}
map_agg(BOOLEAN,INVALID_TYPE)	INVALID_TYPE	Aggregate	NULL	{"fid":"0","symbol":"","file":"","isolation":"isolated","type":"BUILTIN","md5":""}
map_agg(CHAR,INVALID_TYPE)	INVALID_TYPE	Aggregate	NULL	{"fid":"0","symbol":"","file":"","isolation":"isolated","type":"BUILTIN","md5":""}
map_agg(DATE,INVALID_TYPE)	INVALID_TYPE	Aggregate	NULL	{"fid":"0","symbol":"","file":"","isolation":"isolated","type":"BUILTIN","md5":""}
map_agg(DATETIME,INVALID_TYPE)	INVALID_TYPE	Aggregate	NULL	{"fid":"0","symbol":"","file":"","isolation":"isolated","type":"BUILTIN","md5":""}
map_agg(DECIMAL128,INVALID_TYPE)	INVALID_TYPE	Aggregate	NULL	{"fid":"0","symbol":"","file":"","isolation":"isolated","type":"BUILTIN","md5":""}
map_agg(DECIMAL256,INVALID_TYPE)	INVALID_TYPE	Aggregate	NULL	{"fid":"0","symbol":"","file":"","isolation":"isolated","type":"BUILTIN","md5":""}
map_agg(DECIMAL32,INVALID_TYPE)	INVALID_TYPE	Aggregate	NULL	{"fid":"0","symbol":"","file":"","isolation":"isolated","type":"BUILTIN","md5":""}
map_agg(DECIMAL64,INVALID_TYPE)	INVALID_TYPE	Aggregate	NULL	{"fid":"0","symbol":"","file":"","isolation":"isolated","type":"BUILTIN","md5":""}
map_agg(DECIMALV2,INVALID_TYPE)	INVALID_TYPE	Aggregate	NULL	{"fid":"0","symbol":"","file":"","isolation":"isolated","type":"BUILTIN","md5":""}
map_agg(DOUBLE,INVALID_TYPE)	INVALID_TYPE	Aggregate	NULL	{"fid":"0","symbol":"","file":"","isolation":"isolated","type":"BUILTIN","md5":""}
map_agg(FLOAT,INVALID_TYPE)	INVALID_TYPE	Aggregate	NULL	{"fid":"0","symbol":"","file":"","isolation":"isolated","type":"BUILTIN","md5":""}
map_agg(INT,INVALID_TYPE)	INVALID_TYPE	Aggregate	NULL	{"fid":"0","symbol":"","file":"","isolation":"isolated","type":"BUILTIN","md5":""}
map_agg(LARGEINT,INVALID_TYPE)	INVALID_TYPE	Aggregate	NULL	{"fid":"0","symbol":"","file":"","isolation":"isolated","type":"BUILTIN","md5":""}
map_agg(SMALLINT,INVALID_TYPE)	INVALID_TYPE	Aggregate	NULL	{"fid":"0","symbol":"","file":"","isolation":"isolated","type":"BUILTIN","md5":""}
map_agg(TIME,INVALID_TYPE)	INVALID_TYPE	Aggregate	NULL	{"fid":"0","symbol":"","file":"","isolation":"isolated","type":"BUILTIN","md5":""}
map_agg(TINYINT,INVALID_TYPE)	INVALID_TYPE	Aggregate	NULL	{"fid":"0","symbol":"","file":"","isolation":"isolated","type":"BUILTIN","md5":""}
map_agg(VARCHAR,INVALID_TYPE)	INVALID_TYPE	Aggregate	NULL	{"fid":"0","symbol":"","file":"","isolation":"isolated","type":"BUILTIN","md5":""}
map_apply(FUNCTION,INVALID_TYPE)	INVALID_TYPE	Scalar	NULL	{"fid":"170004","symbol":"","file":"","isolation":"isolated","type":"BUILTIN","md5":""}
map_concat(INVALID_TYPE, ...)	INVALID_TYPE	Scalar	NULL	{"fid":"170007","symbol":"","file":"","isolation":"isolated","type":"BUILTIN","md5":""}
map_entries(INVALID_TYPE)	INVALID_TYPE	Scalar	NULL	{"fid":"170008","symbol":"","file":"","isolation":"isolated","type":"BUILTIN","md5":""}
map_filter(INVALID_TYPE,INVALID_TYPE)	INVALID_TYPE	Scalar	NULL	{"fid":"170005","symbol":"","file":"","isolation":"isolated","type":"BUILTIN","md5":""}
map_from_arrays(INVALID_TYPE,INVALID_TYPE)	INVALID_TYPE	Scalar	NULL	{"fid":"170003","symbol":"","file":"","isolation":"isolated","type":"BUILTIN","md5":""}
map_keys(INVALID_TYPE)	INVALID_TYPE	Scalar	NULL	{"fid":"170001","symbol":"","file":"","isolation":"isolated","type":"BUILTIN","md5":""}
map_size(INVALID_TYPE)	INT	Scalar	NULL	{"fid":"170000","symbol":"","file":"","isolation":"isolated","type":"BUILTIN","md5":""}
map_values(INVALID_TYPE)	INVALID_TYPE	Scalar	NULL	{"fid":"170002","symbol":"","file":"","isolation":"isolated","type":"BUILTIN","md5":""}
max(BIGINT)	BIGINT	Aggregate	NULL	{"fid":"0","symbol":"","file":"","isolation":"isolated","type":"BUILTIN","md5":""}
max(BITMAP)	BITMAP	Aggregate	NULL	{"fid":"0","symbol":"","file":"","isolation":"isolated","type":"BUILTIN","md5":""}
max(BOOLEAN)	BOOLEAN	Aggregate	NULL	{"fid":"0","symbol":"","file":"","isolation":"isolated","type":"BUILTIN","md5":""}
max(DATE)	DATE	Aggregate	NULL	{"fid":"0","symbol":"","file":"","isolation":"isolated","type":"BUILTIN","md5":""}
max(DATETIME)	DATETIME	Aggregate	NULL	{"fid":"0","symbol":"","file":"","isolation":"isolated","type":"BUILTIN","md5":""}
max(DECIMAL128)	DECIMAL128	Aggregate	NULL	{"fid":"0","symbol":"","file":"","isolation":"isolated","type":"BUILTIN","md5":""}
max(DECIMAL256)	DECIMAL256	Aggregate	NULL	{"fid":"0","symbol":"","file":"","isolation":"isolated","type":"BUILTIN","md5":""}
max(DECIMAL32)	DECIMAL32	Aggregate	NULL	{"fid":"0","symbol":"","file":"","isolation":"isolated","type":"BUILTIN","md5":""}
max(DECIMAL64)	DECIMAL64	Aggregate	NULL	{"fid":"0","symbol":"","file":"","isolation":"isolated","type":"BUILTIN","md5":""}
max(DECIMALV2)	DECIMALV2	Aggregate	NULL	{"fid":"0","symbol":"","file":"","isolation":"isolated","type":"BUILTIN","md5":""}
max(DOUBLE)	DOUBLE	Aggregate	NULL	{"fid":"0","symbol":"","file":"","isolation":"isolated","type":"BUILTIN","md5":""}
max(FLOAT)	FLOAT	Aggregate	NULL	{"fid":"0","symbol":"","file":"","isolation":"isolated","type":"BUILTIN","md5":""}
max(HLL)	HLL	Aggregate	NULL	{"fid":"0","symbol":"","file":"","isolation":"isolated","type":"BUILTIN","md5":""}
max(INT)	INT	Aggregate	NULL	{"fid":"0","symbol":"","file":"","isolation":"isolated","type":"BUILTIN","md5":""}
max(JSON)	JSON	Aggregate	NULL	{"fid":"0","symbol":"","file":"","isolation":"isolated","type":"BUILTIN","md5":""}
max(LARGEINT)	LARGEINT	Aggregate	NULL	{"fid":"0","symbol":"","file":"","isolation":"isolated","type":"BUILTIN","md5":""}
max(PERCENTILE)	PERCENTILE	Aggregate	NULL	{"fid":"0","symbol":"","file":"","isolation":"isolated","type":"BUILTIN","md5":""}
max(SMALLINT)	SMALLINT	Aggregate	NULL	{"fid":"0","symbol":"","file":"","isolation":"isolated","type":"BUILTIN","md5":""}
max(TIME)	TIME	Aggregate	NULL	{"fid":"0","symbol":"","file":"","isolation":"isolated","type":"BUILTIN","md5":""}
max(TINYINT)	TINYINT	Aggregate	NULL	{"fid":"0","symbol":"","file":"","isolation":"isolated","type":"BUILTIN","md5":""}
max(UNKNOWN_TYPE)	UNKNOWN_TYPE	Aggregate	NULL	{"fid":"0","symbol":"","file":"","isolation":"isolated","type":"BUILTIN","md5":""}
max(VARBINARY)	VARBINARY	Aggregate	NULL	{"fid":"0","symbol":"","file":"","isolation":"isolated","type":"BUILTIN","md5":""}
max(VARCHAR)	VARCHAR	Aggregate	NULL	{"fid":"0","symbol":"","file":"","isolation":"isolated","type":"BUILTIN","md5":""}
max_by(BIGINT,BIGINT)	BIGINT	Aggregate	VARBINARY	{"fid":"0","symbol":"","file":"","isolation":"isolated","type":"BUILTIN","md5":""}
max_by(BIGINT,BITMAP)	BIGINT	Aggregate	VARBINARY	{"fid":"0","symbol":"","file":"","isolation":"isolated","type":"BUILTIN","md5":""}
max_by(BIGINT,BOOLEAN)	BIGINT	Aggregate	VARBINARY	{"fid":"0","symbol":"","file":"","isolation":"isolated","type":"BUILTIN","md5":""}
max_by(BIGINT,DATE)	BIGINT	Aggregate	VARBINARY	{"fid":"0","symbol":"","file":"","isolation":"isolated","type":"BUILTIN","md5":""}
max_by(BIGINT,DATETIME)	BIGINT	Aggregate	VARBINARY	{"fid":"0","symbol":"","file":"","isolation":"isolated","type":"BUILTIN","md5":""}
max_by(BIGINT,DECIMAL128)	BIGINT	Aggregate	VARBINARY	{"fid":"0","symbol":"","file":"","isolation":"isolated","type":"BUILTIN","md5":""}
max_by(BIGINT,DECIMAL256)	BIGINT	Aggregate	VARBINARY	{"fid":"0","symbol":"","file":"","isolation":"isolated","type":"BUILTIN","md5":""}
max_by(BIGINT,DECIMAL32)	BIGINT	Aggregate	VARBINARY	{"fid":"0","symbol":"","file":"","isolation":"isolated","type":"BUILTIN","md5":""}
max_by(BIGINT,DECIMAL64)	BIGINT	Aggregate	VARBINARY	{"fid":"0","symbol":"","file":"","isolation":"isolated","type":"BUILTIN","md5":""}
max_by(BIGINT,DECIMALV2)	BIGINT	Aggregate	VARBINARY	{"fid":"0","symbol":"","file":"","isolation":"isolated","type":"BUILTIN","md5":""}
max_by(BIGINT,DOUBLE)	BIGINT	Aggregate	VARBINARY	{"fid":"0","symbol":"","file":"","isolation":"isolated","type":"BUILTIN","md5":""}
max_by(BIGINT,FLOAT)	BIGINT	Aggregate	VARBINARY	{"fid":"0","symbol":"","file":"","isolation":"isolated","type":"BUILTIN","md5":""}
max_by(BIGINT,HLL)	BIGINT	Aggregate	VARBINARY	{"fid":"0","symbol":"","file":"","isolation":"isolated","type":"BUILTIN","md5":""}
max_by(BIGINT,INT)	BIGINT	Aggregate	VARBINARY	{"fid":"0","symbol":"","file":"","isolation":"isolated","type":"BUILTIN","md5":""}
max_by(BIGINT,JSON)	BIGINT	Aggregate	VARBINARY	{"fid":"0","symbol":"","file":"","isolation":"isolated","type":"BUILTIN","md5":""}
max_by(BIGINT,LARGEINT)	BIGINT	Aggregate	VARBINARY	{"fid":"0","symbol":"","file":"","isolation":"isolated","type":"BUILTIN","md5":""}
max_by(BIGINT,PERCENTILE)	BIGINT	Aggregate	VARBINARY	{"fid":"0","symbol":"","file":"","isolation":"isolated","type":"BUILTIN","md5":""}
max_by(BIGINT,SMALLINT)	BIGINT	Aggregate	VARBINARY	{"fid":"0","symbol":"","file":"","isolation":"isolated","type":"BUILTIN","md5":""}
max_by(BIGINT,TIME)	BIGINT	Aggregate	VARBINARY	{"fid":"0","symbol":"","file":"","isolation":"isolated","type":"BUILTIN","md5":""}
max_by(BIGINT,TINYINT)	BIGINT	Aggregate	VARBINARY	{"fid":"0","symbol":"","file":"","isolation":"isolated","type":"BUILTIN","md5":""}
max_by(BIGINT,UNKNOWN_TYPE)	BIGINT	Aggregate	VARBINARY	{"fid":"0","symbol":"","file":"","isolation":"isolated","type":"BUILTIN","md5":""}
max_by(BIGINT,VARBINARY)	BIGINT	Aggregate	VARBINARY	{"fid":"0","symbol":"","file":"","isolation":"isolated","type":"BUILTIN","md5":""}
max_by(BIGINT,VARCHAR)	BIGINT	Aggregate	VARBINARY	{"fid":"0","symbol":"","file":"","isolation":"isolated","type":"BUILTIN","md5":""}
max_by(BITMAP,BIGINT)	BITMAP	Aggregate	VARBINARY	{"fid":"0","symbol":"","file":"","isolation":"isolated","type":"BUILTIN","md5":""}
max_by(BITMAP,BITMAP)	BITMAP	Aggregate	VARBINARY	{"fid":"0","symbol":"","file":"","isolation":"isolated","type":"BUILTIN","md5":""}
max_by(BITMAP,BOOLEAN)	BITMAP	Aggregate	VARBINARY	{"fid":"0","symbol":"","file":"","isolation":"isolated","type":"BUILTIN","md5":""}
max_by(BITMAP,DATE)	BITMAP	Aggregate	VARBINARY	{"fid":"0","symbol":"","file":"","isolation":"isolated","type":"BUILTIN","md5":""}
max_by(BITMAP,DATETIME)	BITMAP	Aggregate	VARBINARY	{"fid":"0","symbol":"","file":"","isolation":"isolated","type":"BUILTIN","md5":""}
max_by(BITMAP,DECIMAL128)	BITMAP	Aggregate	VARBINARY	{"fid":"0","symbol":"","file":"","isolation":"isolated","type":"BUILTIN","md5":""}
max_by(BITMAP,DECIMAL256)	BITMAP	Aggregate	VARBINARY	{"fid":"0","symbol":"","file":"","isolation":"isolated","type":"BUILTIN","md5":""}
max_by(BITMAP,DECIMAL32)	BITMAP	Aggregate	VARBINARY	{"fid":"0","symbol":"","file":"","isolation":"isolated","type":"BUILTIN","md5":""}
max_by(BITMAP,DECIMAL64)	BITMAP	Aggregate	VARBINARY	{"fid":"0","symbol":"","file":"","isolation":"isolated","type":"BUILTIN","md5":""}
max_by(BITMAP,DECIMALV2)	BITMAP	Aggregate	VARBINARY	{"fid":"0","symbol":"","file":"","isolation":"isolated","type":"BUILTIN","md5":""}
max_by(BITMAP,DOUBLE)	BITMAP	Aggregate	VARBINARY	{"fid":"0","symbol":"","file":"","isolation":"isolated","type":"BUILTIN","md5":""}
max_by(BITMAP,FLOAT)	BITMAP	Aggregate	VARBINARY	{"fid":"0","symbol":"","file":"","isolation":"isolated","type":"BUILTIN","md5":""}
max_by(BITMAP,HLL)	BITMAP	Aggregate	VARBINARY	{"fid":"0","symbol":"","file":"","isolation":"isolated","type":"BUILTIN","md5":""}
max_by(BITMAP,INT)	BITMAP	Aggregate	VARBINARY	{"fid":"0","symbol":"","file":"","isolation":"isolated","type":"BUILTIN","md5":""}
max_by(BITMAP,JSON)	BITMAP	Aggregate	VARBINARY	{"fid":"0","symbol":"","file":"","isolation":"isolated","type":"BUILTIN","md5":""}
max_by(BITMAP,LARGEINT)	BITMAP	Aggregate	VARBINARY	{"fid":"0","symbol":"","file":"","isolation":"isolated","type":"BUILTIN","md5":""}
max_by(BITMAP,PERCENTILE)	BITMAP	Aggregate	VARBINARY	{"fid":"0","symbol":"","file":"","isolation":"isolated","type":"BUILTIN","md5":""}
max_by(BITMAP,SMALLINT)	BITMAP	Aggregate	VARBINARY	{"fid":"0","symbol":"","file":"","isolation":"isolated","type":"BUILTIN","md5":""}
max_by(BITMAP,TIME)	BITMAP	Aggregate	VARBINARY	{"fid":"0","symbol":"","file":"","isolation":"isolated","type":"BUILTIN","md5":""}
max_by(BITMAP,TINYINT)	BITMAP	Aggregate	VARBINARY	{"fid":"0","symbol":"","file":"","isolation":"isolated","type":"BUILTIN","md5":""}
max_by(BITMAP,UNKNOWN_TYPE)	BITMAP	Aggregate	VARBINARY	{"fid":"0","symbol":"","file":"","isolation":"isolated","type":"BUILTIN","md5":""}
max_by(BITMAP,VARBINARY)	BITMAP	Aggregate	VARBINARY	{"fid":"0","symbol":"","file":"","isolation":"isolated","type":"BUILTIN","md5":""}
max_by(BITMAP,VARCHAR)	BITMAP	Aggregate	VARBINARY	{"fid":"0","symbol":"","file":"","isolation":"isolated","type":"BUILTIN","md5":""}
max_by(BOOLEAN,BIGINT)	BOOLEAN	Aggregate	VARBINARY	{"fid":"0","symbol":"","file":"","isolation":"isolated","type":"BUILTIN","md5":""}
max_by(BOOLEAN,BITMAP)	BOOLEAN	Aggregate	VARBINARY	{"fid":"0","symbol":"","file":"","isolation":"isolated","type":"BUILTIN","md5":""}
max_by(BOOLEAN,BOOLEAN)	BOOLEAN	Aggregate	VARBINARY	{"fid":"0","symbol":"","file":"","isolation":"isolated","type":"BUILTIN","md5":""}
max_by(BOOLEAN,DATE)	BOOLEAN	Aggregate	VARBINARY	{"fid":"0","symbol":"","file":"","isolation":"isolated","type":"BUILTIN","md5":""}
max_by(BOOLEAN,DATETIME)	BOOLEAN	Aggregate	VARBINARY	{"fid":"0","symbol":"","file":"","isolation":"isolated","type":"BUILTIN","md5":""}
max_by(BOOLEAN,DECIMAL128)	BOOLEAN	Aggregate	VARBINARY	{"fid":"0","symbol":"","file":"","isolation":"isolated","type":"BUILTIN","md5":""}
max_by(BOOLEAN,DECIMAL256)	BOOLEAN	Aggregate	VARBINARY	{"fid":"0","symbol":"","file":"","isolation":"isolated","type":"BUILTIN","md5":""}
max_by(BOOLEAN,DECIMAL32)	BOOLEAN	Aggregate	VARBINARY	{"fid":"0","symbol":"","file":"","isolation":"isolated","type":"BUILTIN","md5":""}
max_by(BOOLEAN,DECIMAL64)	BOOLEAN	Aggregate	VARBINARY	{"fid":"0","symbol":"","file":"","isolation":"isolated","type":"BUILTIN","md5":""}
max_by(BOOLEAN,DECIMALV2)	BOOLEAN	Aggregate	VARBINARY	{"fid":"0","symbol":"","file":"","isolation":"isolated","type":"BUILTIN","md5":""}
max_by(BOOLEAN,DOUBLE)	BOOLEAN	Aggregate	VARBINARY	{"fid":"0","symbol":"","file":"","isolation":"isolated","type":"BUILTIN","md5":""}
max_by(BOOLEAN,FLOAT)	BOOLEAN	Aggregate	VARBINARY	{"fid":"0","symbol":"","file":"","isolation":"isolated","type":"BUILTIN","md5":""}
max_by(BOOLEAN,HLL)	BOOLEAN	Aggregate	VARBINARY	{"fid":"0","symbol":"","file":"","isolation":"isolated","type":"BUILTIN","md5":""}
max_by(BOOLEAN,INT)	BOOLEAN	Aggregate	VARBINARY	{"fid":"0","symbol":"","file":"","isolation":"isolated","type":"BUILTIN","md5":""}
max_by(BOOLEAN,JSON)	BOOLEAN	Aggregate	VARBINARY	{"fid":"0","symbol":"","file":"","isolation":"isolated","type":"BUILTIN","md5":""}
max_by(BOOLEAN,LARGEINT)	BOOLEAN	Aggregate	VARBINARY	{"fid":"0","symbol":"","file":"","isolation":"isolated","type":"BUILTIN","md5":""}
max_by(BOOLEAN,PERCENTILE)	BOOLEAN	Aggregate	VARBINARY	{"fid":"0","symbol":"","file":"","isolation":"isolated","type":"BUILTIN","md5":""}
max_by(BOOLEAN,SMALLINT)	BOOLEAN	Aggregate	VARBINARY	{"fid":"0","symbol":"","file":"","isolation":"isolated","type":"BUILTIN","md5":""}
max_by(BOOLEAN,TIME)	BOOLEAN	Aggregate	VARBINARY	{"fid":"0","symbol":"","file":"","isolation":"isolated","type":"BUILTIN","md5":""}
max_by(BOOLEAN,TINYINT)	BOOLEAN	Aggregate	VARBINARY	{"fid":"0","symbol":"","file":"","isolation":"isolated","type":"BUILTIN","md5":""}
max_by(BOOLEAN,UNKNOWN_TYPE)	BOOLEAN	Aggregate	VARBINARY	{"fid":"0","symbol":"","file":"","isolation":"isolated","type":"BUILTIN","md5":""}
max_by(BOOLEAN,VARBINARY)	BOOLEAN	Aggregate	VARBINARY	{"fid":"0","symbol":"","file":"","isolation":"isolated","type":"BUILTIN","md5":""}
max_by(BOOLEAN,VARCHAR)	BOOLEAN	Aggregate	VARBINARY	{"fid":"0","symbol":"","file":"","isolation":"isolated","type":"BUILTIN","md5":""}
max_by(DATE,BIGINT)	DATE	Aggregate	VARBINARY	{"fid":"0","symbol":"","file":"","isolation":"isolated","type":"BUILTIN","md5":""}
max_by(DATE,BITMAP)	DATE	Aggregate	VARBINARY	{"fid":"0","symbol":"","file":"","isolation":"isolated","type":"BUILTIN","md5":""}
max_by(DATE,BOOLEAN)	DATE	Aggregate	VARBINARY	{"fid":"0","symbol":"","file":"","isolation":"isolated","type":"BUILTIN","md5":""}
max_by(DATE,DATE)	DATE	Aggregate	VARBINARY	{"fid":"0","symbol":"","file":"","isolation":"isolated","type":"BUILTIN","md5":""}
max_by(DATE,DATETIME)	DATE	Aggregate	VARBINARY	{"fid":"0","symbol":"","file":"","isolation":"isolated","type":"BUILTIN","md5":""}
max_by(DATE,DECIMAL128)	DATE	Aggregate	VARBINARY	{"fid":"0","symbol":"","file":"","isolation":"isolated","type":"BUILTIN","md5":""}
max_by(DATE,DECIMAL256)	DATE	Aggregate	VARBINARY	{"fid":"0","symbol":"","file":"","isolation":"isolated","type":"BUILTIN","md5":""}
max_by(DATE,DECIMAL32)	DATE	Aggregate	VARBINARY	{"fid":"0","symbol":"","file":"","isolation":"isolated","type":"BUILTIN","md5":""}
max_by(DATE,DECIMAL64)	DATE	Aggregate	VARBINARY	{"fid":"0","symbol":"","file":"","isolation":"isolated","type":"BUILTIN","md5":""}
max_by(DATE,DECIMALV2)	DATE	Aggregate	VARBINARY	{"fid":"0","symbol":"","file":"","isolation":"isolated","type":"BUILTIN","md5":""}
max_by(DATE,DOUBLE)	DATE	Aggregate	VARBINARY	{"fid":"0","symbol":"","file":"","isolation":"isolated","type":"BUILTIN","md5":""}
max_by(DATE,FLOAT)	DATE	Aggregate	VARBINARY	{"fid":"0","symbol":"","file":"","isolation":"isolated","type":"BUILTIN","md5":""}
max_by(DATE,HLL)	DATE	Aggregate	VARBINARY	{"fid":"0","symbol":"","file":"","isolation":"isolated","type":"BUILTIN","md5":""}
max_by(DATE,INT)	DATE	Aggregate	VARBINARY	{"fid":"0","symbol":"","file":"","isolation":"isolated","type":"BUILTIN","md5":""}
max_by(DATE,JSON)	DATE	Aggregate	VARBINARY	{"fid":"0","symbol":"","file":"","isolation":"isolated","type":"BUILTIN","md5":""}
max_by(DATE,LARGEINT)	DATE	Aggregate	VARBINARY	{"fid":"0","symbol":"","file":"","isolation":"isolated","type":"BUILTIN","md5":""}
max_by(DATE,PERCENTILE)	DATE	Aggregate	VARBINARY	{"fid":"0","symbol":"","file":"","isolation":"isolated","type":"BUILTIN","md5":""}
max_by(DATE,SMALLINT)	DATE	Aggregate	VARBINARY	{"fid":"0","symbol":"","file":"","isolation":"isolated","type":"BUILTIN","md5":""}
max_by(DATE,TIME)	DATE	Aggregate	VARBINARY	{"fid":"0","symbol":"","file":"","isolation":"isolated","type":"BUILTIN","md5":""}
max_by(DATE,TINYINT)	DATE	Aggregate	VARBINARY	{"fid":"0","symbol":"","file":"","isolation":"isolated","type":"BUILTIN","md5":""}
max_by(DATE,UNKNOWN_TYPE)	DATE	Aggregate	VARBINARY	{"fid":"0","symbol":"","file":"","isolation":"isolated","type":"BUILTIN","md5":""}
max_by(DATE,VARBINARY)	DATE	Aggregate	VARBINARY	{"fid":"0","symbol":"","file":"","isolation":"isolated","type":"BUILTIN","md5":""}
max_by(DATE,VARCHAR)	DATE	Aggregate	VARBINARY	{"fid":"0","symbol":"","file":"","isolation":"isolated","type":"BUILTIN","md5":""}
max_by(DATETIME,BIGINT)	DATETIME	Aggregate	VARBINARY	{"fid":"0","symbol":"","file":"","isolation":"isolated","type":"BUILTIN","md5":""}
max_by(DATETIME,BITMAP)	DATETIME	Aggregate	VARBINARY	{"fid":"0","symbol":"","file":"","isolation":"isolated","type":"BUILTIN","md5":""}
max_by(DATETIME,BOOLEAN)	DATETIME	Aggregate	VARBINARY	{"fid":"0","symbol":"","file":"","isolation":"isolated","type":"BUILTIN","md5":""}
max_by(DATETIME,DATE)	DATETIME	Aggregate	VARBINARY	{"fid":"0","symbol":"","file":"","isolation":"isolated","type":"BUILTIN","md5":""}
max_by(DATETIME,DATETIME)	DATETIME	Aggregate	VARBINARY	{"fid":"0","symbol":"","file":"","isolation":"isolated","type":"BUILTIN","md5":""}
max_by(DATETIME,DECIMAL128)	DATETIME	Aggregate	VARBINARY	{"fid":"0","symbol":"","file":"","isolation":"isolated","type":"BUILTIN","md5":""}
max_by(DATETIME,DECIMAL256)	DATETIME	Aggregate	VARBINARY	{"fid":"0","symbol":"","file":"","isolation":"isolated","type":"BUILTIN","md5":""}
max_by(DATETIME,DECIMAL32)	DATETIME	Aggregate	VARBINARY	{"fid":"0","symbol":"","file":"","isolation":"isolated","type":"BUILTIN","md5":""}
max_by(DATETIME,DECIMAL64)	DATETIME	Aggregate	VARBINARY	{"fid":"0","symbol":"","file":"","isolation":"isolated","type":"BUILTIN","md5":""}
max_by(DATETIME,DECIMALV2)	DATETIME	Aggregate	VARBINARY	{"fid":"0","symbol":"","file":"","isolation":"isolated","type":"BUILTIN","md5":""}
max_by(DATETIME,DOUBLE)	DATETIME	Aggregate	VARBINARY	{"fid":"0","symbol":"","file":"","isolation":"isolated","type":"BUILTIN","md5":""}
max_by(DATETIME,FLOAT)	DATETIME	Aggregate	VARBINARY	{"fid":"0","symbol":"","file":"","isolation":"isolated","type":"BUILTIN","md5":""}
max_by(DATETIME,HLL)	DATETIME	Aggregate	VARBINARY	{"fid":"0","symbol":"","file":"","isolation":"isolated","type":"BUILTIN","md5":""}
max_by(DATETIME,INT)	DATETIME	Aggregate	VARBINARY	{"fid":"0","symbol":"","file":"","isolation":"isolated","type":"BUILTIN","md5":""}
max_by(DATETIME,JSON)	DATETIME	Aggregate	VARBINARY	{"fid":"0","symbol":"","file":"","isolation":"isolated","type":"BUILTIN","md5":""}
max_by(DATETIME,LARGEINT)	DATETIME	Aggregate	VARBINARY	{"fid":"0","symbol":"","file":"","isolation":"isolated","type":"BUILTIN","md5":""}
max_by(DATETIME,PERCENTILE)	DATETIME	Aggregate	VARBINARY	{"fid":"0","symbol":"","file":"","isolation":"isolated","type":"BUILTIN","md5":""}
max_by(DATETIME,SMALLINT)	DATETIME	Aggregate	VARBINARY	{"fid":"0","symbol":"","file":"","isolation":"isolated","type":"BUILTIN","md5":""}
max_by(DATETIME,TIME)	DATETIME	Aggregate	VARBINARY	{"fid":"0","symbol":"","file":"","isolation":"isolated","type":"BUILTIN","md5":""}
max_by(DATETIME,TINYINT)	DATETIME	Aggregate	VARBINARY	{"fid":"0","symbol":"","file":"","isolation":"isolated","type":"BUILTIN","md5":""}
max_by(DATETIME,UNKNOWN_TYPE)	DATETIME	Aggregate	VARBINARY	{"fid":"0","symbol":"","file":"","isolation":"isolated","type":"BUILTIN","md5":""}
max_by(DATETIME,VARBINARY)	DATETIME	Aggregate	VARBINARY	{"fid":"0","symbol":"","file":"","isolation":"isolated","type":"BUILTIN","md5":""}
max_by(DATETIME,VARCHAR)	DATETIME	Aggregate	VARBINARY	{"fid":"0","symbol":"","file":"","isolation":"isolated","type":"BUILTIN","md5":""}
max_by(DECIMAL128,BIGINT)	DECIMAL128	Aggregate	VARBINARY	{"fid":"0","symbol":"","file":"","isolation":"isolated","type":"BUILTIN","md5":""}
max_by(DECIMAL128,BITMAP)	DECIMAL128	Aggregate	VARBINARY	{"fid":"0","symbol":"","file":"","isolation":"isolated","type":"BUILTIN","md5":""}
max_by(DECIMAL128,BOOLEAN)	DECIMAL128	Aggregate	VARBINARY	{"fid":"0","symbol":"","file":"","isolation":"isolated","type":"BUILTIN","md5":""}
max_by(DECIMAL128,DATE)	DECIMAL128	Aggregate	VARBINARY	{"fid":"0","symbol":"","file":"","isolation":"isolated","type":"BUILTIN","md5":""}
max_by(DECIMAL128,DATETIME)	DECIMAL128	Aggregate	VARBINARY	{"fid":"0","symbol":"","file":"","isolation":"isolated","type":"BUILTIN","md5":""}
max_by(DECIMAL128,DECIMAL128)	DECIMAL128	Aggregate	VARBINARY	{"fid":"0","symbol":"","file":"","isolation":"isolated","type":"BUILTIN","md5":""}
max_by(DECIMAL128,DECIMAL256)	DECIMAL128	Aggregate	VARBINARY	{"fid":"0","symbol":"","file":"","isolation":"isolated","type":"BUILTIN","md5":""}
max_by(DECIMAL128,DECIMAL32)	DECIMAL128	Aggregate	VARBINARY	{"fid":"0","symbol":"","file":"","isolation":"isolated","type":"BUILTIN","md5":""}
max_by(DECIMAL128,DECIMAL64)	DECIMAL128	Aggregate	VARBINARY	{"fid":"0","symbol":"","file":"","isolation":"isolated","type":"BUILTIN","md5":""}
max_by(DECIMAL128,DECIMALV2)	DECIMAL128	Aggregate	VARBINARY	{"fid":"0","symbol":"","file":"","isolation":"isolated","type":"BUILTIN","md5":""}
max_by(DECIMAL128,DOUBLE)	DECIMAL128	Aggregate	VARBINARY	{"fid":"0","symbol":"","file":"","isolation":"isolated","type":"BUILTIN","md5":""}
max_by(DECIMAL128,FLOAT)	DECIMAL128	Aggregate	VARBINARY	{"fid":"0","symbol":"","file":"","isolation":"isolated","type":"BUILTIN","md5":""}
max_by(DECIMAL128,HLL)	DECIMAL128	Aggregate	VARBINARY	{"fid":"0","symbol":"","file":"","isolation":"isolated","type":"BUILTIN","md5":""}
max_by(DECIMAL128,INT)	DECIMAL128	Aggregate	VARBINARY	{"fid":"0","symbol":"","file":"","isolation":"isolated","type":"BUILTIN","md5":""}
max_by(DECIMAL128,JSON)	DECIMAL128	Aggregate	VARBINARY	{"fid":"0","symbol":"","file":"","isolation":"isolated","type":"BUILTIN","md5":""}
max_by(DECIMAL128,LARGEINT)	DECIMAL128	Aggregate	VARBINARY	{"fid":"0","symbol":"","file":"","isolation":"isolated","type":"BUILTIN","md5":""}
max_by(DECIMAL128,PERCENTILE)	DECIMAL128	Aggregate	VARBINARY	{"fid":"0","symbol":"","file":"","isolation":"isolated","type":"BUILTIN","md5":""}
max_by(DECIMAL128,SMALLINT)	DECIMAL128	Aggregate	VARBINARY	{"fid":"0","symbol":"","file":"","isolation":"isolated","type":"BUILTIN","md5":""}
max_by(DECIMAL128,TIME)	DECIMAL128	Aggregate	VARBINARY	{"fid":"0","symbol":"","file":"","isolation":"isolated","type":"BUILTIN","md5":""}
max_by(DECIMAL128,TINYINT)	DECIMAL128	Aggregate	VARBINARY	{"fid":"0","symbol":"","file":"","isolation":"isolated","type":"BUILTIN","md5":""}
max_by(DECIMAL128,UNKNOWN_TYPE)	DECIMAL128	Aggregate	VARBINARY	{"fid":"0","symbol":"","file":"","isolation":"isolated","type":"BUILTIN","md5":""}
max_by(DECIMAL128,VARBINARY)	DECIMAL128	Aggregate	VARBINARY	{"fid":"0","symbol":"","file":"","isolation":"isolated","type":"BUILTIN","md5":""}
max_by(DECIMAL128,VARCHAR)	DECIMAL128	Aggregate	VARBINARY	{"fid":"0","symbol":"","file":"","isolation":"isolated","type":"BUILTIN","md5":""}
max_by(DECIMAL256,BIGINT)	DECIMAL256	Aggregate	VARBINARY	{"fid":"0","symbol":"","file":"","isolation":"isolated","type":"BUILTIN","md5":""}
max_by(DECIMAL256,BITMAP)	DECIMAL256	Aggregate	VARBINARY	{"fid":"0","symbol":"","file":"","isolation":"isolated","type":"BUILTIN","md5":""}
max_by(DECIMAL256,BOOLEAN)	DECIMAL256	Aggregate	VARBINARY	{"fid":"0","symbol":"","file":"","isolation":"isolated","type":"BUILTIN","md5":""}
max_by(DECIMAL256,DATE)	DECIMAL256	Aggregate	VARBINARY	{"fid":"0","symbol":"","file":"","isolation":"isolated","type":"BUILTIN","md5":""}
max_by(DECIMAL256,DATETIME)	DECIMAL256	Aggregate	VARBINARY	{"fid":"0","symbol":"","file":"","isolation":"isolated","type":"BUILTIN","md5":""}
max_by(DECIMAL256,DECIMAL128)	DECIMAL256	Aggregate	VARBINARY	{"fid":"0","symbol":"","file":"","isolation":"isolated","type":"BUILTIN","md5":""}
max_by(DECIMAL256,DECIMAL256)	DECIMAL256	Aggregate	VARBINARY	{"fid":"0","symbol":"","file":"","isolation":"isolated","type":"BUILTIN","md5":""}
max_by(DECIMAL256,DECIMAL32)	DECIMAL256	Aggregate	VARBINARY	{"fid":"0","symbol":"","file":"","isolation":"isolated","type":"BUILTIN","md5":""}
max_by(DECIMAL256,DECIMAL64)	DECIMAL256	Aggregate	VARBINARY	{"fid":"0","symbol":"","file":"","isolation":"isolated","type":"BUILTIN","md5":""}
max_by(DECIMAL256,DECIMALV2)	DECIMAL256	Aggregate	VARBINARY	{"fid":"0","symbol":"","file":"","isolation":"isolated","type":"BUILTIN","md5":""}
max_by(DECIMAL256,DOUBLE)	DECIMAL256	Aggregate	VARBINARY	{"fid":"0","symbol":"","file":"","isolation":"isolated","type":"BUILTIN","md5":""}
max_by(DECIMAL256,FLOAT)	DECIMAL256	Aggregate	VARBINARY	{"fid":"0","symbol":"","file":"","isolation":"isolated","type":"BUILTIN","md5":""}
max_by(DECIMAL256,HLL)	DECIMAL256	Aggregate	VARBINARY	{"fid":"0","symbol":"","file":"","isolation":"isolated","type":"BUILTIN","md5":""}
max_by(DECIMAL256,INT)	DECIMAL256	Aggregate	VARBINARY	{"fid":"0","symbol":"","file":"","isolation":"isolated","type":"BUILTIN","md5":""}
max_by(DECIMAL256,JSON)	DECIMAL256	Aggregate	VARBINARY	{"fid":"0","symbol":"","file":"","isolation":"isolated","type":"BUILTIN","md5":""}
max_by(DECIMAL256,LARGEINT)	DECIMAL256	Aggregate	VARBINARY	{"fid":"0","symbol":"","file":"","isolation":"isolated","type":"BUILTIN","md5":""}
max_by(DECIMAL256,PERCENTILE)	DECIMAL256	Aggregate	VARBINARY	{"fid":"0","symbol":"","file":"","isolation":"isolated","type":"BUILTIN","md5":""}
max_by(DECIMAL256,SMALLINT)	DECIMAL256	Aggregate	VARBINARY	{"fid":"0","symbol":"","file":"","isolation":"isolated","type":"BUILTIN","md5":""}
max_by(DECIMAL256,TIME)	DECIMAL256	Aggregate	VARBINARY	{"fid":"0","symbol":"","file":"","isolation":"isolated","type":"BUILTIN","md5":""}
max_by(DECIMAL256,TINYINT)	DECIMAL256	Aggregate	VARBINARY	{"fid":"0","symbol":"","file":"","isolation":"isolated","type":"BUILTIN","md5":""}
max_by(DECIMAL256,UNKNOWN_TYPE)	DECIMAL256	Aggregate	VARBINARY	{"fid":"0","symbol":"","file":"","isolation":"isolated","type":"BUILTIN","md5":""}
max_by(DECIMAL256,VARBINARY)	DECIMAL256	Aggregate	VARBINARY	{"fid":"0","symbol":"","file":"","isolation":"isolated","type":"BUILTIN","md5":""}
max_by(DECIMAL256,VARCHAR)	DECIMAL256	Aggregate	VARBINARY	{"fid":"0","symbol":"","file":"","isolation":"isolated","type":"BUILTIN","md5":""}
max_by(DECIMAL32,BIGINT)	DECIMAL32	Aggregate	VARBINARY	{"fid":"0","symbol":"","file":"","isolation":"isolated","type":"BUILTIN","md5":""}
max_by(DECIMAL32,BITMAP)	DECIMAL32	Aggregate	VARBINARY	{"fid":"0","symbol":"","file":"","isolation":"isolated","type":"BUILTIN","md5":""}
max_by(DECIMAL32,BOOLEAN)	DECIMAL32	Aggregate	VARBINARY	{"fid":"0","symbol":"","file":"","isolation":"isolated","type":"BUILTIN","md5":""}
max_by(DECIMAL32,DATE)	DECIMAL32	Aggregate	VARBINARY	{"fid":"0","symbol":"","file":"","isolation":"isolated","type":"BUILTIN","md5":""}
max_by(DECIMAL32,DATETIME)	DECIMAL32	Aggregate	VARBINARY	{"fid":"0","symbol":"","file":"","isolation":"isolated","type":"BUILTIN","md5":""}
max_by(DECIMAL32,DECIMAL128)	DECIMAL32	Aggregate	VARBINARY	{"fid":"0","symbol":"","file":"","isolation":"isolated","type":"BUILTIN","md5":""}
max_by(DECIMAL32,DECIMAL256)	DECIMAL32	Aggregate	VARBINARY	{"fid":"0","symbol":"","file":"","isolation":"isolated","type":"BUILTIN","md5":""}
max_by(DECIMAL32,DECIMAL32)	DECIMAL32	Aggregate	VARBINARY	{"fid":"0","symbol":"","file":"","isolation":"isolated","type":"BUILTIN","md5":""}
max_by(DECIMAL32,DECIMAL64)	DECIMAL32	Aggregate	VARBINARY	{"fid":"0","symbol":"","file":"","isolation":"isolated","type":"BUILTIN","md5":""}
max_by(DECIMAL32,DECIMALV2)	DECIMAL32	Aggregate	VARBINARY	{"fid":"0","symbol":"","file":"","isolation":"isolated","type":"BUILTIN","md5":""}
max_by(DECIMAL32,DOUBLE)	DECIMAL32	Aggregate	VARBINARY	{"fid":"0","symbol":"","file":"","isolation":"isolated","type":"BUILTIN","md5":""}
max_by(DECIMAL32,FLOAT)	DECIMAL32	Aggregate	VARBINARY	{"fid":"0","symbol":"","file":"","isolation":"isolated","type":"BUILTIN","md5":""}
max_by(DECIMAL32,HLL)	DECIMAL32	Aggregate	VARBINARY	{"fid":"0","symbol":"","file":"","isolation":"isolated","type":"BUILTIN","md5":""}
max_by(DECIMAL32,INT)	DECIMAL32	Aggregate	VARBINARY	{"fid":"0","symbol":"","file":"","isolation":"isolated","type":"BUILTIN","md5":""}
max_by(DECIMAL32,JSON)	DECIMAL32	Aggregate	VARBINARY	{"fid":"0","symbol":"","file":"","isolation":"isolated","type":"BUILTIN","md5":""}
max_by(DECIMAL32,LARGEINT)	DECIMAL32	Aggregate	VARBINARY	{"fid":"0","symbol":"","file":"","isolation":"isolated","type":"BUILTIN","md5":""}
max_by(DECIMAL32,PERCENTILE)	DECIMAL32	Aggregate	VARBINARY	{"fid":"0","symbol":"","file":"","isolation":"isolated","type":"BUILTIN","md5":""}
max_by(DECIMAL32,SMALLINT)	DECIMAL32	Aggregate	VARBINARY	{"fid":"0","symbol":"","file":"","isolation":"isolated","type":"BUILTIN","md5":""}
max_by(DECIMAL32,TIME)	DECIMAL32	Aggregate	VARBINARY	{"fid":"0","symbol":"","file":"","isolation":"isolated","type":"BUILTIN","md5":""}
max_by(DECIMAL32,TINYINT)	DECIMAL32	Aggregate	VARBINARY	{"fid":"0","symbol":"","file":"","isolation":"isolated","type":"BUILTIN","md5":""}
max_by(DECIMAL32,UNKNOWN_TYPE)	DECIMAL32	Aggregate	VARBINARY	{"fid":"0","symbol":"","file":"","isolation":"isolated","type":"BUILTIN","md5":""}
max_by(DECIMAL32,VARBINARY)	DECIMAL32	Aggregate	VARBINARY	{"fid":"0","symbol":"","file":"","isolation":"isolated","type":"BUILTIN","md5":""}
max_by(DECIMAL32,VARCHAR)	DECIMAL32	Aggregate	VARBINARY	{"fid":"0","symbol":"","file":"","isolation":"isolated","type":"BUILTIN","md5":""}
max_by(DECIMAL64,BIGINT)	DECIMAL64	Aggregate	VARBINARY	{"fid":"0","symbol":"","file":"","isolation":"isolated","type":"BUILTIN","md5":""}
max_by(DECIMAL64,BITMAP)	DECIMAL64	Aggregate	VARBINARY	{"fid":"0","symbol":"","file":"","isolation":"isolated","type":"BUILTIN","md5":""}
max_by(DECIMAL64,BOOLEAN)	DECIMAL64	Aggregate	VARBINARY	{"fid":"0","symbol":"","file":"","isolation":"isolated","type":"BUILTIN","md5":""}
max_by(DECIMAL64,DATE)	DECIMAL64	Aggregate	VARBINARY	{"fid":"0","symbol":"","file":"","isolation":"isolated","type":"BUILTIN","md5":""}
max_by(DECIMAL64,DATETIME)	DECIMAL64	Aggregate	VARBINARY	{"fid":"0","symbol":"","file":"","isolation":"isolated","type":"BUILTIN","md5":""}
max_by(DECIMAL64,DECIMAL128)	DECIMAL64	Aggregate	VARBINARY	{"fid":"0","symbol":"","file":"","isolation":"isolated","type":"BUILTIN","md5":""}
max_by(DECIMAL64,DECIMAL256)	DECIMAL64	Aggregate	VARBINARY	{"fid":"0","symbol":"","file":"","isolation":"isolated","type":"BUILTIN","md5":""}
max_by(DECIMAL64,DECIMAL32)	DECIMAL64	Aggregate	VARBINARY	{"fid":"0","symbol":"","file":"","isolation":"isolated","type":"BUILTIN","md5":""}
max_by(DECIMAL64,DECIMAL64)	DECIMAL64	Aggregate	VARBINARY	{"fid":"0","symbol":"","file":"","isolation":"isolated","type":"BUILTIN","md5":""}
max_by(DECIMAL64,DECIMALV2)	DECIMAL64	Aggregate	VARBINARY	{"fid":"0","symbol":"","file":"","isolation":"isolated","type":"BUILTIN","md5":""}
max_by(DECIMAL64,DOUBLE)	DECIMAL64	Aggregate	VARBINARY	{"fid":"0","symbol":"","file":"","isolation":"isolated","type":"BUILTIN","md5":""}
max_by(DECIMAL64,FLOAT)	DECIMAL64	Aggregate	VARBINARY	{"fid":"0","symbol":"","file":"","isolation":"isolated","type":"BUILTIN","md5":""}
max_by(DECIMAL64,HLL)	DECIMAL64	Aggregate	VARBINARY	{"fid":"0","symbol":"","file":"","isolation":"isolated","type":"BUILTIN","md5":""}
max_by(DECIMAL64,INT)	DECIMAL64	Aggregate	VARBINARY	{"fid":"0","symbol":"","file":"","isolation":"isolated","type":"BUILTIN","md5":""}
max_by(DECIMAL64,JSON)	DECIMAL64	Aggregate	VARBINARY	{"fid":"0","symbol":"","file":"","isolation":"isolated","type":"BUILTIN","md5":""}
max_by(DECIMAL64,LARGEINT)	DECIMAL64	Aggregate	VARBINARY	{"fid":"0","symbol":"","file":"","isolation":"isolated","type":"BUILTIN","md5":""}
max_by(DECIMAL64,PERCENTILE)	DECIMAL64	Aggregate	VARBINARY	{"fid":"0","symbol":"","file":"","isolation":"isolated","type":"BUILTIN","md5":""}
max_by(DECIMAL64,SMALLINT)	DECIMAL64	Aggregate	VARBINARY	{"fid":"0","symbol":"","file":"","isolation":"isolated","type":"BUILTIN","md5":""}
max_by(DECIMAL64,TIME)	DECIMAL64	Aggregate	VARBINARY	{"fid":"0","symbol":"","file":"","isolation":"isolated","type":"BUILTIN","md5":""}
max_by(DECIMAL64,TINYINT)	DECIMAL64	Aggregate	VARBINARY	{"fid":"0","symbol":"","file":"","isolation":"isolated","type":"BUILTIN","md5":""}
max_by(DECIMAL64,UNKNOWN_TYPE)	DECIMAL64	Aggregate	VARBINARY	{"fid":"0","symbol":"","file":"","isolation":"isolated","type":"BUILTIN","md5":""}
max_by(DECIMAL64,VARBINARY)	DECIMAL64	Aggregate	VARBINARY	{"fid":"0","symbol":"","file":"","isolation":"isolated","type":"BUILTIN","md5":""}
max_by(DECIMAL64,VARCHAR)	DECIMAL64	Aggregate	VARBINARY	{"fid":"0","symbol":"","file":"","isolation":"isolated","type":"BUILTIN","md5":""}
max_by(DECIMALV2,BIGINT)	DECIMALV2	Aggregate	VARBINARY	{"fid":"0","symbol":"","file":"","isolation":"isolated","type":"BUILTIN","md5":""}
max_by(DECIMALV2,BITMAP)	DECIMALV2	Aggregate	VARBINARY	{"fid":"0","symbol":"","file":"","isolation":"isolated","type":"BUILTIN","md5":""}
max_by(DECIMALV2,BOOLEAN)	DECIMALV2	Aggregate	VARBINARY	{"fid":"0","symbol":"","file":"","isolation":"isolated","type":"BUILTIN","md5":""}
max_by(DECIMALV2,DATE)	DECIMALV2	Aggregate	VARBINARY	{"fid":"0","symbol":"","file":"","isolation":"isolated","type":"BUILTIN","md5":""}
max_by(DECIMALV2,DATETIME)	DECIMALV2	Aggregate	VARBINARY	{"fid":"0","symbol":"","file":"","isolation":"isolated","type":"BUILTIN","md5":""}
max_by(DECIMALV2,DECIMAL128)	DECIMALV2	Aggregate	VARBINARY	{"fid":"0","symbol":"","file":"","isolation":"isolated","type":"BUILTIN","md5":""}
max_by(DECIMALV2,DECIMAL256)	DECIMALV2	Aggregate	VARBINARY	{"fid":"0","symbol":"","file":"","isolation":"isolated","type":"BUILTIN","md5":""}
max_by(DECIMALV2,DECIMAL32)	DECIMALV2	Aggregate	VARBINARY	{"fid":"0","symbol":"","file":"","isolation":"isolated","type":"BUILTIN","md5":""}
max_by(DECIMALV2,DECIMAL64)	DECIMALV2	Aggregate	VARBINARY	{"fid":"0","symbol":"","file":"","isolation":"isolated","type":"BUILTIN","md5":""}
max_by(DECIMALV2,DECIMALV2)	DECIMALV2	Aggregate	VARBINARY	{"fid":"0","symbol":"","file":"","isolation":"isolated","type":"BUILTIN","md5":""}
max_by(DECIMALV2,DOUBLE)	DECIMALV2	Aggregate	VARBINARY	{"fid":"0","symbol":"","file":"","isolation":"isolated","type":"BUILTIN","md5":""}
max_by(DECIMALV2,FLOAT)	DECIMALV2	Aggregate	VARBINARY	{"fid":"0","symbol":"","file":"","isolation":"isolated","type":"BUILTIN","md5":""}
max_by(DECIMALV2,HLL)	DECIMALV2	Aggregate	VARBINARY	{"fid":"0","symbol":"","file":"","isolation":"isolated","type":"BUILTIN","md5":""}
max_by(DECIMALV2,INT)	DECIMALV2	Aggregate	VARBINARY	{"fid":"0","symbol":"","file":"","isolation":"isolated","type":"BUILTIN","md5":""}
max_by(DECIMALV2,JSON)	DECIMALV2	Aggregate	VARBINARY	{"fid":"0","symbol":"","file":"","isolation":"isolated","type":"BUILTIN","md5":""}
max_by(DECIMALV2,LARGEINT)	DECIMALV2	Aggregate	VARBINARY	{"fid":"0","symbol":"","file":"","isolation":"isolated","type":"BUILTIN","md5":""}
max_by(DECIMALV2,PERCENTILE)	DECIMALV2	Aggregate	VARBINARY	{"fid":"0","symbol":"","file":"","isolation":"isolated","type":"BUILTIN","md5":""}
max_by(DECIMALV2,SMALLINT)	DECIMALV2	Aggregate	VARBINARY	{"fid":"0","symbol":"","file":"","isolation":"isolated","type":"BUILTIN","md5":""}
max_by(DECIMALV2,TIME)	DECIMALV2	Aggregate	VARBINARY	{"fid":"0","symbol":"","file":"","isolation":"isolated","type":"BUILTIN","md5":""}
max_by(DECIMALV2,TINYINT)	DECIMALV2	Aggregate	VARBINARY	{"fid":"0","symbol":"","file":"","isolation":"isolated","type":"BUILTIN","md5":""}
max_by(DECIMALV2,UNKNOWN_TYPE)	DECIMALV2	Aggregate	VARBINARY	{"fid":"0","symbol":"","file":"","isolation":"isolated","type":"BUILTIN","md5":""}
max_by(DECIMALV2,VARBINARY)	DECIMALV2	Aggregate	VARBINARY	{"fid":"0","symbol":"","file":"","isolation":"isolated","type":"BUILTIN","md5":""}
max_by(DECIMALV2,VARCHAR)	DECIMALV2	Aggregate	VARBINARY	{"fid":"0","symbol":"","file":"","isolation":"isolated","type":"BUILTIN","md5":""}
max_by(DOUBLE,BIGINT)	DOUBLE	Aggregate	VARBINARY	{"fid":"0","symbol":"","file":"","isolation":"isolated","type":"BUILTIN","md5":""}
max_by(DOUBLE,BITMAP)	DOUBLE	Aggregate	VARBINARY	{"fid":"0","symbol":"","file":"","isolation":"isolated","type":"BUILTIN","md5":""}
max_by(DOUBLE,BOOLEAN)	DOUBLE	Aggregate	VARBINARY	{"fid":"0","symbol":"","file":"","isolation":"isolated","type":"BUILTIN","md5":""}
max_by(DOUBLE,DATE)	DOUBLE	Aggregate	VARBINARY	{"fid":"0","symbol":"","file":"","isolation":"isolated","type":"BUILTIN","md5":""}
max_by(DOUBLE,DATETIME)	DOUBLE	Aggregate	VARBINARY	{"fid":"0","symbol":"","file":"","isolation":"isolated","type":"BUILTIN","md5":""}
max_by(DOUBLE,DECIMAL128)	DOUBLE	Aggregate	VARBINARY	{"fid":"0","symbol":"","file":"","isolation":"isolated","type":"BUILTIN","md5":""}
max_by(DOUBLE,DECIMAL256)	DOUBLE	Aggregate	VARBINARY	{"fid":"0","symbol":"","file":"","isolation":"isolated","type":"BUILTIN","md5":""}
max_by(DOUBLE,DECIMAL32)	DOUBLE	Aggregate	VARBINARY	{"fid":"0","symbol":"","file":"","isolation":"isolated","type":"BUILTIN","md5":""}
max_by(DOUBLE,DECIMAL64)	DOUBLE	Aggregate	VARBINARY	{"fid":"0","symbol":"","file":"","isolation":"isolated","type":"BUILTIN","md5":""}
max_by(DOUBLE,DECIMALV2)	DOUBLE	Aggregate	VARBINARY	{"fid":"0","symbol":"","file":"","isolation":"isolated","type":"BUILTIN","md5":""}
max_by(DOUBLE,DOUBLE)	DOUBLE	Aggregate	VARBINARY	{"fid":"0","symbol":"","file":"","isolation":"isolated","type":"BUILTIN","md5":""}
max_by(DOUBLE,FLOAT)	DOUBLE	Aggregate	VARBINARY	{"fid":"0","symbol":"","file":"","isolation":"isolated","type":"BUILTIN","md5":""}
max_by(DOUBLE,HLL)	DOUBLE	Aggregate	VARBINARY	{"fid":"0","symbol":"","file":"","isolation":"isolated","type":"BUILTIN","md5":""}
max_by(DOUBLE,INT)	DOUBLE	Aggregate	VARBINARY	{"fid":"0","symbol":"","file":"","isolation":"isolated","type":"BUILTIN","md5":""}
max_by(DOUBLE,JSON)	DOUBLE	Aggregate	VARBINARY	{"fid":"0","symbol":"","file":"","isolation":"isolated","type":"BUILTIN","md5":""}
max_by(DOUBLE,LARGEINT)	DOUBLE	Aggregate	VARBINARY	{"fid":"0","symbol":"","file":"","isolation":"isolated","type":"BUILTIN","md5":""}
max_by(DOUBLE,PERCENTILE)	DOUBLE	Aggregate	VARBINARY	{"fid":"0","symbol":"","file":"","isolation":"isolated","type":"BUILTIN","md5":""}
max_by(DOUBLE,SMALLINT)	DOUBLE	Aggregate	VARBINARY	{"fid":"0","symbol":"","file":"","isolation":"isolated","type":"BUILTIN","md5":""}
max_by(DOUBLE,TIME)	DOUBLE	Aggregate	VARBINARY	{"fid":"0","symbol":"","file":"","isolation":"isolated","type":"BUILTIN","md5":""}
max_by(DOUBLE,TINYINT)	DOUBLE	Aggregate	VARBINARY	{"fid":"0","symbol":"","file":"","isolation":"isolated","type":"BUILTIN","md5":""}
max_by(DOUBLE,UNKNOWN_TYPE)	DOUBLE	Aggregate	VARBINARY	{"fid":"0","symbol":"","file":"","isolation":"isolated","type":"BUILTIN","md5":""}
max_by(DOUBLE,VARBINARY)	DOUBLE	Aggregate	VARBINARY	{"fid":"0","symbol":"","file":"","isolation":"isolated","type":"BUILTIN","md5":""}
max_by(DOUBLE,VARCHAR)	DOUBLE	Aggregate	VARBINARY	{"fid":"0","symbol":"","file":"","isolation":"isolated","type":"BUILTIN","md5":""}
max_by(FLOAT,BIGINT)	FLOAT	Aggregate	VARBINARY	{"fid":"0","symbol":"","file":"","isolation":"isolated","type":"BUILTIN","md5":""}
max_by(FLOAT,BITMAP)	FLOAT	Aggregate	VARBINARY	{"fid":"0","symbol":"","file":"","isolation":"isolated","type":"BUILTIN","md5":""}
max_by(FLOAT,BOOLEAN)	FLOAT	Aggregate	VARBINARY	{"fid":"0","symbol":"","file":"","isolation":"isolated","type":"BUILTIN","md5":""}
max_by(FLOAT,DATE)	FLOAT	Aggregate	VARBINARY	{"fid":"0","symbol":"","file":"","isolation":"isolated","type":"BUILTIN","md5":""}
max_by(FLOAT,DATETIME)	FLOAT	Aggregate	VARBINARY	{"fid":"0","symbol":"","file":"","isolation":"isolated","type":"BUILTIN","md5":""}
max_by(FLOAT,DECIMAL128)	FLOAT	Aggregate	VARBINARY	{"fid":"0","symbol":"","file":"","isolation":"isolated","type":"BUILTIN","md5":""}
max_by(FLOAT,DECIMAL256)	FLOAT	Aggregate	VARBINARY	{"fid":"0","symbol":"","file":"","isolation":"isolated","type":"BUILTIN","md5":""}
max_by(FLOAT,DECIMAL32)	FLOAT	Aggregate	VARBINARY	{"fid":"0","symbol":"","file":"","isolation":"isolated","type":"BUILTIN","md5":""}
max_by(FLOAT,DECIMAL64)	FLOAT	Aggregate	VARBINARY	{"fid":"0","symbol":"","file":"","isolation":"isolated","type":"BUILTIN","md5":""}
max_by(FLOAT,DECIMALV2)	FLOAT	Aggregate	VARBINARY	{"fid":"0","symbol":"","file":"","isolation":"isolated","type":"BUILTIN","md5":""}
max_by(FLOAT,DOUBLE)	FLOAT	Aggregate	VARBINARY	{"fid":"0","symbol":"","file":"","isolation":"isolated","type":"BUILTIN","md5":""}
max_by(FLOAT,FLOAT)	FLOAT	Aggregate	VARBINARY	{"fid":"0","symbol":"","file":"","isolation":"isolated","type":"BUILTIN","md5":""}
max_by(FLOAT,HLL)	FLOAT	Aggregate	VARBINARY	{"fid":"0","symbol":"","file":"","isolation":"isolated","type":"BUILTIN","md5":""}
max_by(FLOAT,INT)	FLOAT	Aggregate	VARBINARY	{"fid":"0","symbol":"","file":"","isolation":"isolated","type":"BUILTIN","md5":""}
max_by(FLOAT,JSON)	FLOAT	Aggregate	VARBINARY	{"fid":"0","symbol":"","file":"","isolation":"isolated","type":"BUILTIN","md5":""}
max_by(FLOAT,LARGEINT)	FLOAT	Aggregate	VARBINARY	{"fid":"0","symbol":"","file":"","isolation":"isolated","type":"BUILTIN","md5":""}
max_by(FLOAT,PERCENTILE)	FLOAT	Aggregate	VARBINARY	{"fid":"0","symbol":"","file":"","isolation":"isolated","type":"BUILTIN","md5":""}
max_by(FLOAT,SMALLINT)	FLOAT	Aggregate	VARBINARY	{"fid":"0","symbol":"","file":"","isolation":"isolated","type":"BUILTIN","md5":""}
max_by(FLOAT,TIME)	FLOAT	Aggregate	VARBINARY	{"fid":"0","symbol":"","file":"","isolation":"isolated","type":"BUILTIN","md5":""}
max_by(FLOAT,TINYINT)	FLOAT	Aggregate	VARBINARY	{"fid":"0","symbol":"","file":"","isolation":"isolated","type":"BUILTIN","md5":""}
max_by(FLOAT,UNKNOWN_TYPE)	FLOAT	Aggregate	VARBINARY	{"fid":"0","symbol":"","file":"","isolation":"isolated","type":"BUILTIN","md5":""}
max_by(FLOAT,VARBINARY)	FLOAT	Aggregate	VARBINARY	{"fid":"0","symbol":"","file":"","isolation":"isolated","type":"BUILTIN","md5":""}
max_by(FLOAT,VARCHAR)	FLOAT	Aggregate	VARBINARY	{"fid":"0","symbol":"","file":"","isolation":"isolated","type":"BUILTIN","md5":""}
max_by(HLL,BIGINT)	HLL	Aggregate	VARBINARY	{"fid":"0","symbol":"","file":"","isolation":"isolated","type":"BUILTIN","md5":""}
max_by(HLL,BITMAP)	HLL	Aggregate	VARBINARY	{"fid":"0","symbol":"","file":"","isolation":"isolated","type":"BUILTIN","md5":""}
max_by(HLL,BOOLEAN)	HLL	Aggregate	VARBINARY	{"fid":"0","symbol":"","file":"","isolation":"isolated","type":"BUILTIN","md5":""}
max_by(HLL,DATE)	HLL	Aggregate	VARBINARY	{"fid":"0","symbol":"","file":"","isolation":"isolated","type":"BUILTIN","md5":""}
max_by(HLL,DATETIME)	HLL	Aggregate	VARBINARY	{"fid":"0","symbol":"","file":"","isolation":"isolated","type":"BUILTIN","md5":""}
max_by(HLL,DECIMAL128)	HLL	Aggregate	VARBINARY	{"fid":"0","symbol":"","file":"","isolation":"isolated","type":"BUILTIN","md5":""}
max_by(HLL,DECIMAL256)	HLL	Aggregate	VARBINARY	{"fid":"0","symbol":"","file":"","isolation":"isolated","type":"BUILTIN","md5":""}
max_by(HLL,DECIMAL32)	HLL	Aggregate	VARBINARY	{"fid":"0","symbol":"","file":"","isolation":"isolated","type":"BUILTIN","md5":""}
max_by(HLL,DECIMAL64)	HLL	Aggregate	VARBINARY	{"fid":"0","symbol":"","file":"","isolation":"isolated","type":"BUILTIN","md5":""}
max_by(HLL,DECIMALV2)	HLL	Aggregate	VARBINARY	{"fid":"0","symbol":"","file":"","isolation":"isolated","type":"BUILTIN","md5":""}
max_by(HLL,DOUBLE)	HLL	Aggregate	VARBINARY	{"fid":"0","symbol":"","file":"","isolation":"isolated","type":"BUILTIN","md5":""}
max_by(HLL,FLOAT)	HLL	Aggregate	VARBINARY	{"fid":"0","symbol":"","file":"","isolation":"isolated","type":"BUILTIN","md5":""}
max_by(HLL,HLL)	HLL	Aggregate	VARBINARY	{"fid":"0","symbol":"","file":"","isolation":"isolated","type":"BUILTIN","md5":""}
max_by(HLL,INT)	HLL	Aggregate	VARBINARY	{"fid":"0","symbol":"","file":"","isolation":"isolated","type":"BUILTIN","md5":""}
max_by(HLL,JSON)	HLL	Aggregate	VARBINARY	{"fid":"0","symbol":"","file":"","isolation":"isolated","type":"BUILTIN","md5":""}
max_by(HLL,LARGEINT)	HLL	Aggregate	VARBINARY	{"fid":"0","symbol":"","file":"","isolation":"isolated","type":"BUILTIN","md5":""}
max_by(HLL,PERCENTILE)	HLL	Aggregate	VARBINARY	{"fid":"0","symbol":"","file":"","isolation":"isolated","type":"BUILTIN","md5":""}
max_by(HLL,SMALLINT)	HLL	Aggregate	VARBINARY	{"fid":"0","symbol":"","file":"","isolation":"isolated","type":"BUILTIN","md5":""}
max_by(HLL,TIME)	HLL	Aggregate	VARBINARY	{"fid":"0","symbol":"","file":"","isolation":"isolated","type":"BUILTIN","md5":""}
max_by(HLL,TINYINT)	HLL	Aggregate	VARBINARY	{"fid":"0","symbol":"","file":"","isolation":"isolated","type":"BUILTIN","md5":""}
max_by(HLL,UNKNOWN_TYPE)	HLL	Aggregate	VARBINARY	{"fid":"0","symbol":"","file":"","isolation":"isolated","type":"BUILTIN","md5":""}
max_by(HLL,VARBINARY)	HLL	Aggregate	VARBINARY	{"fid":"0","symbol":"","file":"","isolation":"isolated","type":"BUILTIN","md5":""}
max_by(HLL,VARCHAR)	HLL	Aggregate	VARBINARY	{"fid":"0","symbol":"","file":"","isolation":"isolated","type":"BUILTIN","md5":""}
max_by(INT,BIGINT)	INT	Aggregate	VARBINARY	{"fid":"0","symbol":"","file":"","isolation":"isolated","type":"BUILTIN","md5":""}
max_by(INT,BITMAP)	INT	Aggregate	VARBINARY	{"fid":"0","symbol":"","file":"","isolation":"isolated","type":"BUILTIN","md5":""}
max_by(INT,BOOLEAN)	INT	Aggregate	VARBINARY	{"fid":"0","symbol":"","file":"","isolation":"isolated","type":"BUILTIN","md5":""}
max_by(INT,DATE)	INT	Aggregate	VARBINARY	{"fid":"0","symbol":"","file":"","isolation":"isolated","type":"BUILTIN","md5":""}
max_by(INT,DATETIME)	INT	Aggregate	VARBINARY	{"fid":"0","symbol":"","file":"","isolation":"isolated","type":"BUILTIN","md5":""}
max_by(INT,DECIMAL128)	INT	Aggregate	VARBINARY	{"fid":"0","symbol":"","file":"","isolation":"isolated","type":"BUILTIN","md5":""}
max_by(INT,DECIMAL256)	INT	Aggregate	VARBINARY	{"fid":"0","symbol":"","file":"","isolation":"isolated","type":"BUILTIN","md5":""}
max_by(INT,DECIMAL32)	INT	Aggregate	VARBINARY	{"fid":"0","symbol":"","file":"","isolation":"isolated","type":"BUILTIN","md5":""}
max_by(INT,DECIMAL64)	INT	Aggregate	VARBINARY	{"fid":"0","symbol":"","file":"","isolation":"isolated","type":"BUILTIN","md5":""}
max_by(INT,DECIMALV2)	INT	Aggregate	VARBINARY	{"fid":"0","symbol":"","file":"","isolation":"isolated","type":"BUILTIN","md5":""}
max_by(INT,DOUBLE)	INT	Aggregate	VARBINARY	{"fid":"0","symbol":"","file":"","isolation":"isolated","type":"BUILTIN","md5":""}
max_by(INT,FLOAT)	INT	Aggregate	VARBINARY	{"fid":"0","symbol":"","file":"","isolation":"isolated","type":"BUILTIN","md5":""}
max_by(INT,HLL)	INT	Aggregate	VARBINARY	{"fid":"0","symbol":"","file":"","isolation":"isolated","type":"BUILTIN","md5":""}
max_by(INT,INT)	INT	Aggregate	VARBINARY	{"fid":"0","symbol":"","file":"","isolation":"isolated","type":"BUILTIN","md5":""}
max_by(INT,JSON)	INT	Aggregate	VARBINARY	{"fid":"0","symbol":"","file":"","isolation":"isolated","type":"BUILTIN","md5":""}
max_by(INT,LARGEINT)	INT	Aggregate	VARBINARY	{"fid":"0","symbol":"","file":"","isolation":"isolated","type":"BUILTIN","md5":""}
max_by(INT,PERCENTILE)	INT	Aggregate	VARBINARY	{"fid":"0","symbol":"","file":"","isolation":"isolated","type":"BUILTIN","md5":""}
max_by(INT,SMALLINT)	INT	Aggregate	VARBINARY	{"fid":"0","symbol":"","file":"","isolation":"isolated","type":"BUILTIN","md5":""}
max_by(INT,TIME)	INT	Aggregate	VARBINARY	{"fid":"0","symbol":"","file":"","isolation":"isolated","type":"BUILTIN","md5":""}
max_by(INT,TINYINT)	INT	Aggregate	VARBINARY	{"fid":"0","symbol":"","file":"","isolation":"isolated","type":"BUILTIN","md5":""}
max_by(INT,UNKNOWN_TYPE)	INT	Aggregate	VARBINARY	{"fid":"0","symbol":"","file":"","isolation":"isolated","type":"BUILTIN","md5":""}
max_by(INT,VARBINARY)	INT	Aggregate	VARBINARY	{"fid":"0","symbol":"","file":"","isolation":"isolated","type":"BUILTIN","md5":""}
max_by(INT,VARCHAR)	INT	Aggregate	VARBINARY	{"fid":"0","symbol":"","file":"","isolation":"isolated","type":"BUILTIN","md5":""}
max_by(INVALID_TYPE,BIGINT)	INVALID_TYPE	Aggregate	VARBINARY	{"fid":"0","symbol":"","file":"","isolation":"isolated","type":"BUILTIN","md5":""}
max_by(INVALID_TYPE,BITMAP)	INVALID_TYPE	Aggregate	VARBINARY	{"fid":"0","symbol":"","file":"","isolation":"isolated","type":"BUILTIN","md5":""}
max_by(INVALID_TYPE,BOOLEAN)	INVALID_TYPE	Aggregate	VARBINARY	{"fid":"0","symbol":"","file":"","isolation":"isolated","type":"BUILTIN","md5":""}
max_by(INVALID_TYPE,DATE)	INVALID_TYPE	Aggregate	VARBINARY	{"fid":"0","symbol":"","file":"","isolation":"isolated","type":"BUILTIN","md5":""}
max_by(INVALID_TYPE,DATETIME)	INVALID_TYPE	Aggregate	VARBINARY	{"fid":"0","symbol":"","file":"","isolation":"isolated","type":"BUILTIN","md5":""}
max_by(INVALID_TYPE,DECIMAL128)	INVALID_TYPE	Aggregate	VARBINARY	{"fid":"0","symbol":"","file":"","isolation":"isolated","type":"BUILTIN","md5":""}
max_by(INVALID_TYPE,DECIMAL256)	INVALID_TYPE	Aggregate	VARBINARY	{"fid":"0","symbol":"","file":"","isolation":"isolated","type":"BUILTIN","md5":""}
max_by(INVALID_TYPE,DECIMAL32)	INVALID_TYPE	Aggregate	VARBINARY	{"fid":"0","symbol":"","file":"","isolation":"isolated","type":"BUILTIN","md5":""}
max_by(INVALID_TYPE,DECIMAL64)	INVALID_TYPE	Aggregate	VARBINARY	{"fid":"0","symbol":"","file":"","isolation":"isolated","type":"BUILTIN","md5":""}
max_by(INVALID_TYPE,DECIMALV2)	INVALID_TYPE	Aggregate	VARBINARY	{"fid":"0","symbol":"","file":"","isolation":"isolated","type":"BUILTIN","md5":""}
max_by(INVALID_TYPE,DOUBLE)	INVALID_TYPE	Aggregate	VARBINARY	{"fid":"0","symbol":"","file":"","isolation":"isolated","type":"BUILTIN","md5":""}
max_by(INVALID_TYPE,FLOAT)	INVALID_TYPE	Aggregate	VARBINARY	{"fid":"0","symbol":"","file":"","isolation":"isolated","type":"BUILTIN","md5":""}
max_by(INVALID_TYPE,HLL)	INVALID_TYPE	Aggregate	VARBINARY	{"fid":"0","symbol":"","file":"","isolation":"isolated","type":"BUILTIN","md5":""}
max_by(INVALID_TYPE,INT)	INVALID_TYPE	Aggregate	VARBINARY	{"fid":"0","symbol":"","file":"","isolation":"isolated","type":"BUILTIN","md5":""}
max_by(INVALID_TYPE,JSON)	INVALID_TYPE	Aggregate	VARBINARY	{"fid":"0","symbol":"","file":"","isolation":"isolated","type":"BUILTIN","md5":""}
max_by(INVALID_TYPE,LARGEINT)	INVALID_TYPE	Aggregate	VARBINARY	{"fid":"0","symbol":"","file":"","isolation":"isolated","type":"BUILTIN","md5":""}
max_by(INVALID_TYPE,PERCENTILE)	INVALID_TYPE	Aggregate	VARBINARY	{"fid":"0","symbol":"","file":"","isolation":"isolated","type":"BUILTIN","md5":""}
max_by(INVALID_TYPE,SMALLINT)	INVALID_TYPE	Aggregate	VARBINARY	{"fid":"0","symbol":"","file":"","isolation":"isolated","type":"BUILTIN","md5":""}
max_by(INVALID_TYPE,TIME)	INVALID_TYPE	Aggregate	VARBINARY	{"fid":"0","symbol":"","file":"","isolation":"isolated","type":"BUILTIN","md5":""}
max_by(INVALID_TYPE,TINYINT)	INVALID_TYPE	Aggregate	VARBINARY	{"fid":"0","symbol":"","file":"","isolation":"isolated","type":"BUILTIN","md5":""}
max_by(INVALID_TYPE,UNKNOWN_TYPE)	INVALID_TYPE	Aggregate	VARBINARY	{"fid":"0","symbol":"","file":"","isolation":"isolated","type":"BUILTIN","md5":""}
max_by(INVALID_TYPE,VARBINARY)	INVALID_TYPE	Aggregate	VARBINARY	{"fid":"0","symbol":"","file":"","isolation":"isolated","type":"BUILTIN","md5":""}
max_by(INVALID_TYPE,VARCHAR)	INVALID_TYPE	Aggregate	VARBINARY	{"fid":"0","symbol":"","file":"","isolation":"isolated","type":"BUILTIN","md5":""}
max_by(JSON,BIGINT)	JSON	Aggregate	VARBINARY	{"fid":"0","symbol":"","file":"","isolation":"isolated","type":"BUILTIN","md5":""}
max_by(JSON,BITMAP)	JSON	Aggregate	VARBINARY	{"fid":"0","symbol":"","file":"","isolation":"isolated","type":"BUILTIN","md5":""}
max_by(JSON,BOOLEAN)	JSON	Aggregate	VARBINARY	{"fid":"0","symbol":"","file":"","isolation":"isolated","type":"BUILTIN","md5":""}
max_by(JSON,DATE)	JSON	Aggregate	VARBINARY	{"fid":"0","symbol":"","file":"","isolation":"isolated","type":"BUILTIN","md5":""}
max_by(JSON,DATETIME)	JSON	Aggregate	VARBINARY	{"fid":"0","symbol":"","file":"","isolation":"isolated","type":"BUILTIN","md5":""}
max_by(JSON,DECIMAL128)	JSON	Aggregate	VARBINARY	{"fid":"0","symbol":"","file":"","isolation":"isolated","type":"BUILTIN","md5":""}
max_by(JSON,DECIMAL256)	JSON	Aggregate	VARBINARY	{"fid":"0","symbol":"","file":"","isolation":"isolated","type":"BUILTIN","md5":""}
max_by(JSON,DECIMAL32)	JSON	Aggregate	VARBINARY	{"fid":"0","symbol":"","file":"","isolation":"isolated","type":"BUILTIN","md5":""}
max_by(JSON,DECIMAL64)	JSON	Aggregate	VARBINARY	{"fid":"0","symbol":"","file":"","isolation":"isolated","type":"BUILTIN","md5":""}
max_by(JSON,DECIMALV2)	JSON	Aggregate	VARBINARY	{"fid":"0","symbol":"","file":"","isolation":"isolated","type":"BUILTIN","md5":""}
max_by(JSON,DOUBLE)	JSON	Aggregate	VARBINARY	{"fid":"0","symbol":"","file":"","isolation":"isolated","type":"BUILTIN","md5":""}
max_by(JSON,FLOAT)	JSON	Aggregate	VARBINARY	{"fid":"0","symbol":"","file":"","isolation":"isolated","type":"BUILTIN","md5":""}
max_by(JSON,HLL)	JSON	Aggregate	VARBINARY	{"fid":"0","symbol":"","file":"","isolation":"isolated","type":"BUILTIN","md5":""}
max_by(JSON,INT)	JSON	Aggregate	VARBINARY	{"fid":"0","symbol":"","file":"","isolation":"isolated","type":"BUILTIN","md5":""}
max_by(JSON,JSON)	JSON	Aggregate	VARBINARY	{"fid":"0","symbol":"","file":"","isolation":"isolated","type":"BUILTIN","md5":""}
max_by(JSON,LARGEINT)	JSON	Aggregate	VARBINARY	{"fid":"0","symbol":"","file":"","isolation":"isolated","type":"BUILTIN","md5":""}
max_by(JSON,PERCENTILE)	JSON	Aggregate	VARBINARY	{"fid":"0","symbol":"","file":"","isolation":"isolated","type":"BUILTIN","md5":""}
max_by(JSON,SMALLINT)	JSON	Aggregate	VARBINARY	{"fid":"0","symbol":"","file":"","isolation":"isolated","type":"BUILTIN","md5":""}
max_by(JSON,TIME)	JSON	Aggregate	VARBINARY	{"fid":"0","symbol":"","file":"","isolation":"isolated","type":"BUILTIN","md5":""}
max_by(JSON,TINYINT)	JSON	Aggregate	VARBINARY	{"fid":"0","symbol":"","file":"","isolation":"isolated","type":"BUILTIN","md5":""}
max_by(JSON,UNKNOWN_TYPE)	JSON	Aggregate	VARBINARY	{"fid":"0","symbol":"","file":"","isolation":"isolated","type":"BUILTIN","md5":""}
max_by(JSON,VARBINARY)	JSON	Aggregate	VARBINARY	{"fid":"0","symbol":"","file":"","isolation":"isolated","type":"BUILTIN","md5":""}
max_by(JSON,VARCHAR)	JSON	Aggregate	VARBINARY	{"fid":"0","symbol":"","file":"","isolation":"isolated","type":"BUILTIN","md5":""}
max_by(LARGEINT,BIGINT)	LARGEINT	Aggregate	VARBINARY	{"fid":"0","symbol":"","file":"","isolation":"isolated","type":"BUILTIN","md5":""}
max_by(LARGEINT,BITMAP)	LARGEINT	Aggregate	VARBINARY	{"fid":"0","symbol":"","file":"","isolation":"isolated","type":"BUILTIN","md5":""}
max_by(LARGEINT,BOOLEAN)	LARGEINT	Aggregate	VARBINARY	{"fid":"0","symbol":"","file":"","isolation":"isolated","type":"BUILTIN","md5":""}
max_by(LARGEINT,DATE)	LARGEINT	Aggregate	VARBINARY	{"fid":"0","symbol":"","file":"","isolation":"isolated","type":"BUILTIN","md5":""}
max_by(LARGEINT,DATETIME)	LARGEINT	Aggregate	VARBINARY	{"fid":"0","symbol":"","file":"","isolation":"isolated","type":"BUILTIN","md5":""}
max_by(LARGEINT,DECIMAL128)	LARGEINT	Aggregate	VARBINARY	{"fid":"0","symbol":"","file":"","isolation":"isolated","type":"BUILTIN","md5":""}
max_by(LARGEINT,DECIMAL256)	LARGEINT	Aggregate	VARBINARY	{"fid":"0","symbol":"","file":"","isolation":"isolated","type":"BUILTIN","md5":""}
max_by(LARGEINT,DECIMAL32)	LARGEINT	Aggregate	VARBINARY	{"fid":"0","symbol":"","file":"","isolation":"isolated","type":"BUILTIN","md5":""}
max_by(LARGEINT,DECIMAL64)	LARGEINT	Aggregate	VARBINARY	{"fid":"0","symbol":"","file":"","isolation":"isolated","type":"BUILTIN","md5":""}
max_by(LARGEINT,DECIMALV2)	LARGEINT	Aggregate	VARBINARY	{"fid":"0","symbol":"","file":"","isolation":"isolated","type":"BUILTIN","md5":""}
max_by(LARGEINT,DOUBLE)	LARGEINT	Aggregate	VARBINARY	{"fid":"0","symbol":"","file":"","isolation":"isolated","type":"BUILTIN","md5":""}
max_by(LARGEINT,FLOAT)	LARGEINT	Aggregate	VARBINARY	{"fid":"0","symbol":"","file":"","isolation":"isolated","type":"BUILTIN","md5":""}
max_by(LARGEINT,HLL)	LARGEINT	Aggregate	VARBINARY	{"fid":"0","symbol":"","file":"","isolation":"isolated","type":"BUILTIN","md5":""}
max_by(LARGEINT,INT)	LARGEINT	Aggregate	VARBINARY	{"fid":"0","symbol":"","file":"","isolation":"isolated","type":"BUILTIN","md5":""}
max_by(LARGEINT,JSON)	LARGEINT	Aggregate	VARBINARY	{"fid":"0","symbol":"","file":"","isolation":"isolated","type":"BUILTIN","md5":""}
max_by(LARGEINT,LARGEINT)	LARGEINT	Aggregate	VARBINARY	{"fid":"0","symbol":"","file":"","isolation":"isolated","type":"BUILTIN","md5":""}
max_by(LARGEINT,PERCENTILE)	LARGEINT	Aggregate	VARBINARY	{"fid":"0","symbol":"","file":"","isolation":"isolated","type":"BUILTIN","md5":""}
max_by(LARGEINT,SMALLINT)	LARGEINT	Aggregate	VARBINARY	{"fid":"0","symbol":"","file":"","isolation":"isolated","type":"BUILTIN","md5":""}
max_by(LARGEINT,TIME)	LARGEINT	Aggregate	VARBINARY	{"fid":"0","symbol":"","file":"","isolation":"isolated","type":"BUILTIN","md5":""}
max_by(LARGEINT,TINYINT)	LARGEINT	Aggregate	VARBINARY	{"fid":"0","symbol":"","file":"","isolation":"isolated","type":"BUILTIN","md5":""}
max_by(LARGEINT,UNKNOWN_TYPE)	LARGEINT	Aggregate	VARBINARY	{"fid":"0","symbol":"","file":"","isolation":"isolated","type":"BUILTIN","md5":""}
max_by(LARGEINT,VARBINARY)	LARGEINT	Aggregate	VARBINARY	{"fid":"0","symbol":"","file":"","isolation":"isolated","type":"BUILTIN","md5":""}
max_by(LARGEINT,VARCHAR)	LARGEINT	Aggregate	VARBINARY	{"fid":"0","symbol":"","file":"","isolation":"isolated","type":"BUILTIN","md5":""}
max_by(PERCENTILE,BIGINT)	PERCENTILE	Aggregate	VARBINARY	{"fid":"0","symbol":"","file":"","isolation":"isolated","type":"BUILTIN","md5":""}
max_by(PERCENTILE,BITMAP)	PERCENTILE	Aggregate	VARBINARY	{"fid":"0","symbol":"","file":"","isolation":"isolated","type":"BUILTIN","md5":""}
max_by(PERCENTILE,BOOLEAN)	PERCENTILE	Aggregate	VARBINARY	{"fid":"0","symbol":"","file":"","isolation":"isolated","type":"BUILTIN","md5":""}
max_by(PERCENTILE,DATE)	PERCENTILE	Aggregate	VARBINARY	{"fid":"0","symbol":"","file":"","isolation":"isolated","type":"BUILTIN","md5":""}
max_by(PERCENTILE,DATETIME)	PERCENTILE	Aggregate	VARBINARY	{"fid":"0","symbol":"","file":"","isolation":"isolated","type":"BUILTIN","md5":""}
max_by(PERCENTILE,DECIMAL128)	PERCENTILE	Aggregate	VARBINARY	{"fid":"0","symbol":"","file":"","isolation":"isolated","type":"BUILTIN","md5":""}
max_by(PERCENTILE,DECIMAL256)	PERCENTILE	Aggregate	VARBINARY	{"fid":"0","symbol":"","file":"","isolation":"isolated","type":"BUILTIN","md5":""}
max_by(PERCENTILE,DECIMAL32)	PERCENTILE	Aggregate	VARBINARY	{"fid":"0","symbol":"","file":"","isolation":"isolated","type":"BUILTIN","md5":""}
max_by(PERCENTILE,DECIMAL64)	PERCENTILE	Aggregate	VARBINARY	{"fid":"0","symbol":"","file":"","isolation":"isolated","type":"BUILTIN","md5":""}
max_by(PERCENTILE,DECIMALV2)	PERCENTILE	Aggregate	VARBINARY	{"fid":"0","symbol":"","file":"","isolation":"isolated","type":"BUILTIN","md5":""}
max_by(PERCENTILE,DOUBLE)	PERCENTILE	Aggregate	VARBINARY	{"fid":"0","symbol":"","file":"","isolation":"isolated","type":"BUILTIN","md5":""}
max_by(PERCENTILE,FLOAT)	PERCENTILE	Aggregate	VARBINARY	{"fid":"0","symbol":"","file":"","isolation":"isolated","type":"BUILTIN","md5":""}
max_by(PERCENTILE,HLL)	PERCENTILE	Aggregate	VARBINARY	{"fid":"0","symbol":"","file":"","isolation":"isolated","type":"BUILTIN","md5":""}
max_by(PERCENTILE,INT)	PERCENTILE	Aggregate	VARBINARY	{"fid":"0","symbol":"","file":"","isolation":"isolated","type":"BUILTIN","md5":""}
max_by(PERCENTILE,JSON)	PERCENTILE	Aggregate	VARBINARY	{"fid":"0","symbol":"","file":"","isolation":"isolated","type":"BUILTIN","md5":""}
max_by(PERCENTILE,LARGEINT)	PERCENTILE	Aggregate	VARBINARY	{"fid":"0","symbol":"","file":"","isolation":"isolated","type":"BUILTIN","md5":""}
max_by(PERCENTILE,PERCENTILE)	PERCENTILE	Aggregate	VARBINARY	{"fid":"0","symbol":"","file":"","isolation":"isolated","type":"BUILTIN","md5":""}
max_by(PERCENTILE,SMALLINT)	PERCENTILE	Aggregate	VARBINARY	{"fid":"0","symbol":"","file":"","isolation":"isolated","type":"BUILTIN","md5":""}
max_by(PERCENTILE,TIME)	PERCENTILE	Aggregate	VARBINARY	{"fid":"0","symbol":"","file":"","isolation":"isolated","type":"BUILTIN","md5":""}
max_by(PERCENTILE,TINYINT)	PERCENTILE	Aggregate	VARBINARY	{"fid":"0","symbol":"","file":"","isolation":"isolated","type":"BUILTIN","md5":""}
max_by(PERCENTILE,UNKNOWN_TYPE)	PERCENTILE	Aggregate	VARBINARY	{"fid":"0","symbol":"","file":"","isolation":"isolated","type":"BUILTIN","md5":""}
max_by(PERCENTILE,VARBINARY)	PERCENTILE	Aggregate	VARBINARY	{"fid":"0","symbol":"","file":"","isolation":"isolated","type":"BUILTIN","md5":""}
max_by(PERCENTILE,VARCHAR)	PERCENTILE	Aggregate	VARBINARY	{"fid":"0","symbol":"","file":"","isolation":"isolated","type":"BUILTIN","md5":""}
max_by(SMALLINT,BIGINT)	SMALLINT	Aggregate	VARBINARY	{"fid":"0","symbol":"","file":"","isolation":"isolated","type":"BUILTIN","md5":""}
max_by(SMALLINT,BITMAP)	SMALLINT	Aggregate	VARBINARY	{"fid":"0","symbol":"","file":"","isolation":"isolated","type":"BUILTIN","md5":""}
max_by(SMALLINT,BOOLEAN)	SMALLINT	Aggregate	VARBINARY	{"fid":"0","symbol":"","file":"","isolation":"isolated","type":"BUILTIN","md5":""}
max_by(SMALLINT,DATE)	SMALLINT	Aggregate	VARBINARY	{"fid":"0","symbol":"","file":"","isolation":"isolated","type":"BUILTIN","md5":""}
max_by(SMALLINT,DATETIME)	SMALLINT	Aggregate	VARBINARY	{"fid":"0","symbol":"","file":"","isolation":"isolated","type":"BUILTIN","md5":""}
max_by(SMALLINT,DECIMAL128)	SMALLINT	Aggregate	VARBINARY	{"fid":"0","symbol":"","file":"","isolation":"isolated","type":"BUILTIN","md5":""}
max_by(SMALLINT,DECIMAL256)	SMALLINT	Aggregate	VARBINARY	{"fid":"0","symbol":"","file":"","isolation":"isolated","type":"BUILTIN","md5":""}
max_by(SMALLINT,DECIMAL32)	SMALLINT	Aggregate	VARBINARY	{"fid":"0","symbol":"","file":"","isolation":"isolated","type":"BUILTIN","md5":""}
max_by(SMALLINT,DECIMAL64)	SMALLINT	Aggregate	VARBINARY	{"fid":"0","symbol":"","file":"","isolation":"isolated","type":"BUILTIN","md5":""}
max_by(SMALLINT,DECIMALV2)	SMALLINT	Aggregate	VARBINARY	{"fid":"0","symbol":"","file":"","isolation":"isolated","type":"BUILTIN","md5":""}
max_by(SMALLINT,DOUBLE)	SMALLINT	Aggregate	VARBINARY	{"fid":"0","symbol":"","file":"","isolation":"isolated","type":"BUILTIN","md5":""}
max_by(SMALLINT,FLOAT)	SMALLINT	Aggregate	VARBINARY	{"fid":"0","symbol":"","file":"","isolation":"isolated","type":"BUILTIN","md5":""}
max_by(SMALLINT,HLL)	SMALLINT	Aggregate	VARBINARY	{"fid":"0","symbol":"","file":"","isolation":"isolated","type":"BUILTIN","md5":""}
max_by(SMALLINT,INT)	SMALLINT	Aggregate	VARBINARY	{"fid":"0","symbol":"","file":"","isolation":"isolated","type":"BUILTIN","md5":""}
max_by(SMALLINT,JSON)	SMALLINT	Aggregate	VARBINARY	{"fid":"0","symbol":"","file":"","isolation":"isolated","type":"BUILTIN","md5":""}
max_by(SMALLINT,LARGEINT)	SMALLINT	Aggregate	VARBINARY	{"fid":"0","symbol":"","file":"","isolation":"isolated","type":"BUILTIN","md5":""}
max_by(SMALLINT,PERCENTILE)	SMALLINT	Aggregate	VARBINARY	{"fid":"0","symbol":"","file":"","isolation":"isolated","type":"BUILTIN","md5":""}
max_by(SMALLINT,SMALLINT)	SMALLINT	Aggregate	VARBINARY	{"fid":"0","symbol":"","file":"","isolation":"isolated","type":"BUILTIN","md5":""}
max_by(SMALLINT,TIME)	SMALLINT	Aggregate	VARBINARY	{"fid":"0","symbol":"","file":"","isolation":"isolated","type":"BUILTIN","md5":""}
max_by(SMALLINT,TINYINT)	SMALLINT	Aggregate	VARBINARY	{"fid":"0","symbol":"","file":"","isolation":"isolated","type":"BUILTIN","md5":""}
max_by(SMALLINT,UNKNOWN_TYPE)	SMALLINT	Aggregate	VARBINARY	{"fid":"0","symbol":"","file":"","isolation":"isolated","type":"BUILTIN","md5":""}
max_by(SMALLINT,VARBINARY)	SMALLINT	Aggregate	VARBINARY	{"fid":"0","symbol":"","file":"","isolation":"isolated","type":"BUILTIN","md5":""}
max_by(SMALLINT,VARCHAR)	SMALLINT	Aggregate	VARBINARY	{"fid":"0","symbol":"","file":"","isolation":"isolated","type":"BUILTIN","md5":""}
max_by(TIME,BIGINT)	TIME	Aggregate	VARBINARY	{"fid":"0","symbol":"","file":"","isolation":"isolated","type":"BUILTIN","md5":""}
max_by(TIME,BITMAP)	TIME	Aggregate	VARBINARY	{"fid":"0","symbol":"","file":"","isolation":"isolated","type":"BUILTIN","md5":""}
max_by(TIME,BOOLEAN)	TIME	Aggregate	VARBINARY	{"fid":"0","symbol":"","file":"","isolation":"isolated","type":"BUILTIN","md5":""}
max_by(TIME,DATE)	TIME	Aggregate	VARBINARY	{"fid":"0","symbol":"","file":"","isolation":"isolated","type":"BUILTIN","md5":""}
max_by(TIME,DATETIME)	TIME	Aggregate	VARBINARY	{"fid":"0","symbol":"","file":"","isolation":"isolated","type":"BUILTIN","md5":""}
max_by(TIME,DECIMAL128)	TIME	Aggregate	VARBINARY	{"fid":"0","symbol":"","file":"","isolation":"isolated","type":"BUILTIN","md5":""}
max_by(TIME,DECIMAL256)	TIME	Aggregate	VARBINARY	{"fid":"0","symbol":"","file":"","isolation":"isolated","type":"BUILTIN","md5":""}
max_by(TIME,DECIMAL32)	TIME	Aggregate	VARBINARY	{"fid":"0","symbol":"","file":"","isolation":"isolated","type":"BUILTIN","md5":""}
max_by(TIME,DECIMAL64)	TIME	Aggregate	VARBINARY	{"fid":"0","symbol":"","file":"","isolation":"isolated","type":"BUILTIN","md5":""}
max_by(TIME,DECIMALV2)	TIME	Aggregate	VARBINARY	{"fid":"0","symbol":"","file":"","isolation":"isolated","type":"BUILTIN","md5":""}
max_by(TIME,DOUBLE)	TIME	Aggregate	VARBINARY	{"fid":"0","symbol":"","file":"","isolation":"isolated","type":"BUILTIN","md5":""}
max_by(TIME,FLOAT)	TIME	Aggregate	VARBINARY	{"fid":"0","symbol":"","file":"","isolation":"isolated","type":"BUILTIN","md5":""}
max_by(TIME,HLL)	TIME	Aggregate	VARBINARY	{"fid":"0","symbol":"","file":"","isolation":"isolated","type":"BUILTIN","md5":""}
max_by(TIME,INT)	TIME	Aggregate	VARBINARY	{"fid":"0","symbol":"","file":"","isolation":"isolated","type":"BUILTIN","md5":""}
max_by(TIME,JSON)	TIME	Aggregate	VARBINARY	{"fid":"0","symbol":"","file":"","isolation":"isolated","type":"BUILTIN","md5":""}
max_by(TIME,LARGEINT)	TIME	Aggregate	VARBINARY	{"fid":"0","symbol":"","file":"","isolation":"isolated","type":"BUILTIN","md5":""}
max_by(TIME,PERCENTILE)	TIME	Aggregate	VARBINARY	{"fid":"0","symbol":"","file":"","isolation":"isolated","type":"BUILTIN","md5":""}
max_by(TIME,SMALLINT)	TIME	Aggregate	VARBINARY	{"fid":"0","symbol":"","file":"","isolation":"isolated","type":"BUILTIN","md5":""}
max_by(TIME,TIME)	TIME	Aggregate	VARBINARY	{"fid":"0","symbol":"","file":"","isolation":"isolated","type":"BUILTIN","md5":""}
max_by(TIME,TINYINT)	TIME	Aggregate	VARBINARY	{"fid":"0","symbol":"","file":"","isolation":"isolated","type":"BUILTIN","md5":""}
max_by(TIME,UNKNOWN_TYPE)	TIME	Aggregate	VARBINARY	{"fid":"0","symbol":"","file":"","isolation":"isolated","type":"BUILTIN","md5":""}
max_by(TIME,VARBINARY)	TIME	Aggregate	VARBINARY	{"fid":"0","symbol":"","file":"","isolation":"isolated","type":"BUILTIN","md5":""}
max_by(TIME,VARCHAR)	TIME	Aggregate	VARBINARY	{"fid":"0","symbol":"","file":"","isolation":"isolated","type":"BUILTIN","md5":""}
max_by(TINYINT,BIGINT)	TINYINT	Aggregate	VARBINARY	{"fid":"0","symbol":"","file":"","isolation":"isolated","type":"BUILTIN","md5":""}
max_by(TINYINT,BITMAP)	TINYINT	Aggregate	VARBINARY	{"fid":"0","symbol":"","file":"","isolation":"isolated","type":"BUILTIN","md5":""}
max_by(TINYINT,BOOLEAN)	TINYINT	Aggregate	VARBINARY	{"fid":"0","symbol":"","file":"","isolation":"isolated","type":"BUILTIN","md5":""}
max_by(TINYINT,DATE)	TINYINT	Aggregate	VARBINARY	{"fid":"0","symbol":"","file":"","isolation":"isolated","type":"BUILTIN","md5":""}
max_by(TINYINT,DATETIME)	TINYINT	Aggregate	VARBINARY	{"fid":"0","symbol":"","file":"","isolation":"isolated","type":"BUILTIN","md5":""}
max_by(TINYINT,DECIMAL128)	TINYINT	Aggregate	VARBINARY	{"fid":"0","symbol":"","file":"","isolation":"isolated","type":"BUILTIN","md5":""}
max_by(TINYINT,DECIMAL256)	TINYINT	Aggregate	VARBINARY	{"fid":"0","symbol":"","file":"","isolation":"isolated","type":"BUILTIN","md5":""}
max_by(TINYINT,DECIMAL32)	TINYINT	Aggregate	VARBINARY	{"fid":"0","symbol":"","file":"","isolation":"isolated","type":"BUILTIN","md5":""}
max_by(TINYINT,DECIMAL64)	TINYINT	Aggregate	VARBINARY	{"fid":"0","symbol":"","file":"","isolation":"isolated","type":"BUILTIN","md5":""}
max_by(TINYINT,DECIMALV2)	TINYINT	Aggregate	VARBINARY	{"fid":"0","symbol":"","file":"","isolation":"isolated","type":"BUILTIN","md5":""}
max_by(TINYINT,DOUBLE)	TINYINT	Aggregate	VARBINARY	{"fid":"0","symbol":"","file":"","isolation":"isolated","type":"BUILTIN","md5":""}
max_by(TINYINT,FLOAT)	TINYINT	Aggregate	VARBINARY	{"fid":"0","symbol":"","file":"","isolation":"isolated","type":"BUILTIN","md5":""}
max_by(TINYINT,HLL)	TINYINT	Aggregate	VARBINARY	{"fid":"0","symbol":"","file":"","isolation":"isolated","type":"BUILTIN","md5":""}
max_by(TINYINT,INT)	TINYINT	Aggregate	VARBINARY	{"fid":"0","symbol":"","file":"","isolation":"isolated","type":"BUILTIN","md5":""}
max_by(TINYINT,JSON)	TINYINT	Aggregate	VARBINARY	{"fid":"0","symbol":"","file":"","isolation":"isolated","type":"BUILTIN","md5":""}
max_by(TINYINT,LARGEINT)	TINYINT	Aggregate	VARBINARY	{"fid":"0","symbol":"","file":"","isolation":"isolated","type":"BUILTIN","md5":""}
max_by(TINYINT,PERCENTILE)	TINYINT	Aggregate	VARBINARY	{"fid":"0","symbol":"","file":"","isolation":"isolated","type":"BUILTIN","md5":""}
max_by(TINYINT,SMALLINT)	TINYINT	Aggregate	VARBINARY	{"fid":"0","symbol":"","file":"","isolation":"isolated","type":"BUILTIN","md5":""}
max_by(TINYINT,TIME)	TINYINT	Aggregate	VARBINARY	{"fid":"0","symbol":"","file":"","isolation":"isolated","type":"BUILTIN","md5":""}
max_by(TINYINT,TINYINT)	TINYINT	Aggregate	VARBINARY	{"fid":"0","symbol":"","file":"","isolation":"isolated","type":"BUILTIN","md5":""}
max_by(TINYINT,UNKNOWN_TYPE)	TINYINT	Aggregate	VARBINARY	{"fid":"0","symbol":"","file":"","isolation":"isolated","type":"BUILTIN","md5":""}
max_by(TINYINT,VARBINARY)	TINYINT	Aggregate	VARBINARY	{"fid":"0","symbol":"","file":"","isolation":"isolated","type":"BUILTIN","md5":""}
max_by(TINYINT,VARCHAR)	TINYINT	Aggregate	VARBINARY	{"fid":"0","symbol":"","file":"","isolation":"isolated","type":"BUILTIN","md5":""}
max_by(UNKNOWN_TYPE,BIGINT)	UNKNOWN_TYPE	Aggregate	VARBINARY	{"fid":"0","symbol":"","file":"","isolation":"isolated","type":"BUILTIN","md5":""}
max_by(UNKNOWN_TYPE,BITMAP)	UNKNOWN_TYPE	Aggregate	VARBINARY	{"fid":"0","symbol":"","file":"","isolation":"isolated","type":"BUILTIN","md5":""}
max_by(UNKNOWN_TYPE,BOOLEAN)	UNKNOWN_TYPE	Aggregate	VARBINARY	{"fid":"0","symbol":"","file":"","isolation":"isolated","type":"BUILTIN","md5":""}
max_by(UNKNOWN_TYPE,DATE)	UNKNOWN_TYPE	Aggregate	VARBINARY	{"fid":"0","symbol":"","file":"","isolation":"isolated","type":"BUILTIN","md5":""}
max_by(UNKNOWN_TYPE,DATETIME)	UNKNOWN_TYPE	Aggregate	VARBINARY	{"fid":"0","symbol":"","file":"","isolation":"isolated","type":"BUILTIN","md5":""}
max_by(UNKNOWN_TYPE,DECIMAL128)	UNKNOWN_TYPE	Aggregate	VARBINARY	{"fid":"0","symbol":"","file":"","isolation":"isolated","type":"BUILTIN","md5":""}
max_by(UNKNOWN_TYPE,DECIMAL256)	UNKNOWN_TYPE	Aggregate	VARBINARY	{"fid":"0","symbol":"","file":"","isolation":"isolated","type":"BUILTIN","md5":""}
max_by(UNKNOWN_TYPE,DECIMAL32)	UNKNOWN_TYPE	Aggregate	VARBINARY	{"fid":"0","symbol":"","file":"","isolation":"isolated","type":"BUILTIN","md5":""}
max_by(UNKNOWN_TYPE,DECIMAL64)	UNKNOWN_TYPE	Aggregate	VARBINARY	{"fid":"0","symbol":"","file":"","isolation":"isolated","type":"BUILTIN","md5":""}
max_by(UNKNOWN_TYPE,DECIMALV2)	UNKNOWN_TYPE	Aggregate	VARBINARY	{"fid":"0","symbol":"","file":"","isolation":"isolated","type":"BUILTIN","md5":""}
max_by(UNKNOWN_TYPE,DOUBLE)	UNKNOWN_TYPE	Aggregate	VARBINARY	{"fid":"0","symbol":"","file":"","isolation":"isolated","type":"BUILTIN","md5":""}
max_by(UNKNOWN_TYPE,FLOAT)	UNKNOWN_TYPE	Aggregate	VARBINARY	{"fid":"0","symbol":"","file":"","isolation":"isolated","type":"BUILTIN","md5":""}
max_by(UNKNOWN_TYPE,HLL)	UNKNOWN_TYPE	Aggregate	VARBINARY	{"fid":"0","symbol":"","file":"","isolation":"isolated","type":"BUILTIN","md5":""}
max_by(UNKNOWN_TYPE,INT)	UNKNOWN_TYPE	Aggregate	VARBINARY	{"fid":"0","symbol":"","file":"","isolation":"isolated","type":"BUILTIN","md5":""}
max_by(UNKNOWN_TYPE,JSON)	UNKNOWN_TYPE	Aggregate	VARBINARY	{"fid":"0","symbol":"","file":"","isolation":"isolated","type":"BUILTIN","md5":""}
max_by(UNKNOWN_TYPE,LARGEINT)	UNKNOWN_TYPE	Aggregate	VARBINARY	{"fid":"0","symbol":"","file":"","isolation":"isolated","type":"BUILTIN","md5":""}
max_by(UNKNOWN_TYPE,PERCENTILE)	UNKNOWN_TYPE	Aggregate	VARBINARY	{"fid":"0","symbol":"","file":"","isolation":"isolated","type":"BUILTIN","md5":""}
max_by(UNKNOWN_TYPE,SMALLINT)	UNKNOWN_TYPE	Aggregate	VARBINARY	{"fid":"0","symbol":"","file":"","isolation":"isolated","type":"BUILTIN","md5":""}
max_by(UNKNOWN_TYPE,TIME)	UNKNOWN_TYPE	Aggregate	VARBINARY	{"fid":"0","symbol":"","file":"","isolation":"isolated","type":"BUILTIN","md5":""}
max_by(UNKNOWN_TYPE,TINYINT)	UNKNOWN_TYPE	Aggregate	VARBINARY	{"fid":"0","symbol":"","file":"","isolation":"isolated","type":"BUILTIN","md5":""}
max_by(UNKNOWN_TYPE,UNKNOWN_TYPE)	UNKNOWN_TYPE	Aggregate	VARBINARY	{"fid":"0","symbol":"","file":"","isolation":"isolated","type":"BUILTIN","md5":""}
max_by(UNKNOWN_TYPE,VARBINARY)	UNKNOWN_TYPE	Aggregate	VARBINARY	{"fid":"0","symbol":"","file":"","isolation":"isolated","type":"BUILTIN","md5":""}
max_by(UNKNOWN_TYPE,VARCHAR)	UNKNOWN_TYPE	Aggregate	VARBINARY	{"fid":"0","symbol":"","file":"","isolation":"isolated","type":"BUILTIN","md5":""}
max_by(VARBINARY,BIGINT)	VARBINARY	Aggregate	NULL	{"fid":"0","symbol":"","file":"","isolation":"isolated","type":"BUILTIN","md5":""}
max_by(VARBINARY,BITMAP)	VARBINARY	Aggregate	NULL	{"fid":"0","symbol":"","file":"","isolation":"isolated","type":"BUILTIN","md5":""}
max_by(VARBINARY,BOOLEAN)	VARBINARY	Aggregate	NULL	{"fid":"0","symbol":"","file":"","isolation":"isolated","type":"BUILTIN","md5":""}
max_by(VARBINARY,DATE)	VARBINARY	Aggregate	NULL	{"fid":"0","symbol":"","file":"","isolation":"isolated","type":"BUILTIN","md5":""}
max_by(VARBINARY,DATETIME)	VARBINARY	Aggregate	NULL	{"fid":"0","symbol":"","file":"","isolation":"isolated","type":"BUILTIN","md5":""}
max_by(VARBINARY,DECIMAL128)	VARBINARY	Aggregate	NULL	{"fid":"0","symbol":"","file":"","isolation":"isolated","type":"BUILTIN","md5":""}
max_by(VARBINARY,DECIMAL256)	VARBINARY	Aggregate	NULL	{"fid":"0","symbol":"","file":"","isolation":"isolated","type":"BUILTIN","md5":""}
max_by(VARBINARY,DECIMAL32)	VARBINARY	Aggregate	NULL	{"fid":"0","symbol":"","file":"","isolation":"isolated","type":"BUILTIN","md5":""}
max_by(VARBINARY,DECIMAL64)	VARBINARY	Aggregate	NULL	{"fid":"0","symbol":"","file":"","isolation":"isolated","type":"BUILTIN","md5":""}
max_by(VARBINARY,DECIMALV2)	VARBINARY	Aggregate	NULL	{"fid":"0","symbol":"","file":"","isolation":"isolated","type":"BUILTIN","md5":""}
max_by(VARBINARY,DOUBLE)	VARBINARY	Aggregate	NULL	{"fid":"0","symbol":"","file":"","isolation":"isolated","type":"BUILTIN","md5":""}
max_by(VARBINARY,FLOAT)	VARBINARY	Aggregate	NULL	{"fid":"0","symbol":"","file":"","isolation":"isolated","type":"BUILTIN","md5":""}
max_by(VARBINARY,HLL)	VARBINARY	Aggregate	NULL	{"fid":"0","symbol":"","file":"","isolation":"isolated","type":"BUILTIN","md5":""}
max_by(VARBINARY,INT)	VARBINARY	Aggregate	NULL	{"fid":"0","symbol":"","file":"","isolation":"isolated","type":"BUILTIN","md5":""}
max_by(VARBINARY,JSON)	VARBINARY	Aggregate	NULL	{"fid":"0","symbol":"","file":"","isolation":"isolated","type":"BUILTIN","md5":""}
max_by(VARBINARY,LARGEINT)	VARBINARY	Aggregate	NULL	{"fid":"0","symbol":"","file":"","isolation":"isolated","type":"BUILTIN","md5":""}
max_by(VARBINARY,PERCENTILE)	VARBINARY	Aggregate	NULL	{"fid":"0","symbol":"","file":"","isolation":"isolated","type":"BUILTIN","md5":""}
max_by(VARBINARY,SMALLINT)	VARBINARY	Aggregate	NULL	{"fid":"0","symbol":"","file":"","isolation":"isolated","type":"BUILTIN","md5":""}
max_by(VARBINARY,TIME)	VARBINARY	Aggregate	NULL	{"fid":"0","symbol":"","file":"","isolation":"isolated","type":"BUILTIN","md5":""}
max_by(VARBINARY,TINYINT)	VARBINARY	Aggregate	NULL	{"fid":"0","symbol":"","file":"","isolation":"isolated","type":"BUILTIN","md5":""}
max_by(VARBINARY,UNKNOWN_TYPE)	VARBINARY	Aggregate	NULL	{"fid":"0","symbol":"","file":"","isolation":"isolated","type":"BUILTIN","md5":""}
max_by(VARBINARY,VARBINARY)	VARBINARY	Aggregate	NULL	{"fid":"0","symbol":"","file":"","isolation":"isolated","type":"BUILTIN","md5":""}
max_by(VARBINARY,VARCHAR)	VARBINARY	Aggregate	NULL	{"fid":"0","symbol":"","file":"","isolation":"isolated","type":"BUILTIN","md5":""}
max_by(VARCHAR,BIGINT)	VARCHAR	Aggregate	VARBINARY	{"fid":"0","symbol":"","file":"","isolation":"isolated","type":"BUILTIN","md5":""}
max_by(VARCHAR,BITMAP)	VARCHAR	Aggregate	VARBINARY	{"fid":"0","symbol":"","file":"","isolation":"isolated","type":"BUILTIN","md5":""}
max_by(VARCHAR,BOOLEAN)	VARCHAR	Aggregate	VARBINARY	{"fid":"0","symbol":"","file":"","isolation":"isolated","type":"BUILTIN","md5":""}
max_by(VARCHAR,DATE)	VARCHAR	Aggregate	VARBINARY	{"fid":"0","symbol":"","file":"","isolation":"isolated","type":"BUILTIN","md5":""}
max_by(VARCHAR,DATETIME)	VARCHAR	Aggregate	VARBINARY	{"fid":"0","symbol":"","file":"","isolation":"isolated","type":"BUILTIN","md5":""}
max_by(VARCHAR,DECIMAL128)	VARCHAR	Aggregate	VARBINARY	{"fid":"0","symbol":"","file":"","isolation":"isolated","type":"BUILTIN","md5":""}
max_by(VARCHAR,DECIMAL256)	VARCHAR	Aggregate	VARBINARY	{"fid":"0","symbol":"","file":"","isolation":"isolated","type":"BUILTIN","md5":""}
max_by(VARCHAR,DECIMAL32)	VARCHAR	Aggregate	VARBINARY	{"fid":"0","symbol":"","file":"","isolation":"isolated","type":"BUILTIN","md5":""}
max_by(VARCHAR,DECIMAL64)	VARCHAR	Aggregate	VARBINARY	{"fid":"0","symbol":"","file":"","isolation":"isolated","type":"BUILTIN","md5":""}
max_by(VARCHAR,DECIMALV2)	VARCHAR	Aggregate	VARBINARY	{"fid":"0","symbol":"","file":"","isolation":"isolated","type":"BUILTIN","md5":""}
max_by(VARCHAR,DOUBLE)	VARCHAR	Aggregate	VARBINARY	{"fid":"0","symbol":"","file":"","isolation":"isolated","type":"BUILTIN","md5":""}
max_by(VARCHAR,FLOAT)	VARCHAR	Aggregate	VARBINARY	{"fid":"0","symbol":"","file":"","isolation":"isolated","type":"BUILTIN","md5":""}
max_by(VARCHAR,HLL)	VARCHAR	Aggregate	VARBINARY	{"fid":"0","symbol":"","file":"","isolation":"isolated","type":"BUILTIN","md5":""}
max_by(VARCHAR,INT)	VARCHAR	Aggregate	VARBINARY	{"fid":"0","symbol":"","file":"","isolation":"isolated","type":"BUILTIN","md5":""}
max_by(VARCHAR,JSON)	VARCHAR	Aggregate	VARBINARY	{"fid":"0","symbol":"","file":"","isolation":"isolated","type":"BUILTIN","md5":""}
max_by(VARCHAR,LARGEINT)	VARCHAR	Aggregate	VARBINARY	{"fid":"0","symbol":"","file":"","isolation":"isolated","type":"BUILTIN","md5":""}
max_by(VARCHAR,PERCENTILE)	VARCHAR	Aggregate	VARBINARY	{"fid":"0","symbol":"","file":"","isolation":"isolated","type":"BUILTIN","md5":""}
max_by(VARCHAR,SMALLINT)	VARCHAR	Aggregate	VARBINARY	{"fid":"0","symbol":"","file":"","isolation":"isolated","type":"BUILTIN","md5":""}
max_by(VARCHAR,TIME)	VARCHAR	Aggregate	VARBINARY	{"fid":"0","symbol":"","file":"","isolation":"isolated","type":"BUILTIN","md5":""}
max_by(VARCHAR,TINYINT)	VARCHAR	Aggregate	VARBINARY	{"fid":"0","symbol":"","file":"","isolation":"isolated","type":"BUILTIN","md5":""}
max_by(VARCHAR,UNKNOWN_TYPE)	VARCHAR	Aggregate	VARBINARY	{"fid":"0","symbol":"","file":"","isolation":"isolated","type":"BUILTIN","md5":""}
max_by(VARCHAR,VARBINARY)	VARCHAR	Aggregate	VARBINARY	{"fid":"0","symbol":"","file":"","isolation":"isolated","type":"BUILTIN","md5":""}
max_by(VARCHAR,VARCHAR)	VARCHAR	Aggregate	VARBINARY	{"fid":"0","symbol":"","file":"","isolation":"isolated","type":"BUILTIN","md5":""}
max_by(VARIANT,BIGINT)	VARIANT	Aggregate	VARBINARY	{"fid":"0","symbol":"","file":"","isolation":"isolated","type":"BUILTIN","md5":""}
max_by(VARIANT,BITMAP)	VARIANT	Aggregate	VARBINARY	{"fid":"0","symbol":"","file":"","isolation":"isolated","type":"BUILTIN","md5":""}
max_by(VARIANT,BOOLEAN)	VARIANT	Aggregate	VARBINARY	{"fid":"0","symbol":"","file":"","isolation":"isolated","type":"BUILTIN","md5":""}
max_by(VARIANT,DATE)	VARIANT	Aggregate	VARBINARY	{"fid":"0","symbol":"","file":"","isolation":"isolated","type":"BUILTIN","md5":""}
max_by(VARIANT,DATETIME)	VARIANT	Aggregate	VARBINARY	{"fid":"0","symbol":"","file":"","isolation":"isolated","type":"BUILTIN","md5":""}
max_by(VARIANT,DECIMAL128)	VARIANT	Aggregate	VARBINARY	{"fid":"0","symbol":"","file":"","isolation":"isolated","type":"BUILTIN","md5":""}
max_by(VARIANT,DECIMAL256)	VARIANT	Aggregate	VARBINARY	{"fid":"0","symbol":"","file":"","isolation":"isolated","type":"BUILTIN","md5":""}
max_by(VARIANT,DECIMAL32)	VARIANT	Aggregate	VARBINARY	{"fid":"0","symbol":"","file":"","isolation":"isolated","type":"BUILTIN","md5":""}
max_by(VARIANT,DECIMAL64)	VARIANT	Aggregate	VARBINARY	{"fid":"0","symbol":"","file":"","isolation":"isolated","type":"BUILTIN","md5":""}
max_by(VARIANT,DECIMALV2)	VARIANT	Aggregate	VARBINARY	{"fid":"0","symbol":"","file":"","isolation":"isolated","type":"BUILTIN","md5":""}
max_by(VARIANT,DOUBLE)	VARIANT	Aggregate	VARBINARY	{"fid":"0","symbol":"","file":"","isolation":"isolated","type":"BUILTIN","md5":""}
max_by(VARIANT,FLOAT)	VARIANT	Aggregate	VARBINARY	{"fid":"0","symbol":"","file":"","isolation":"isolated","type":"BUILTIN","md5":""}
max_by(VARIANT,HLL)	VARIANT	Aggregate	VARBINARY	{"fid":"0","symbol":"","file":"","isolation":"isolated","type":"BUILTIN","md5":""}
max_by(VARIANT,INT)	VARIANT	Aggregate	VARBINARY	{"fid":"0","symbol":"","file":"","isolation":"isolated","type":"BUILTIN","md5":""}
max_by(VARIANT,JSON)	VARIANT	Aggregate	VARBINARY	{"fid":"0","symbol":"","file":"","isolation":"isolated","type":"BUILTIN","md5":""}
max_by(VARIANT,LARGEINT)	VARIANT	Aggregate	VARBINARY	{"fid":"0","symbol":"","file":"","isolation":"isolated","type":"BUILTIN","md5":""}
max_by(VARIANT,PERCENTILE)	VARIANT	Aggregate	VARBINARY	{"fid":"0","symbol":"","file":"","isolation":"isolated","type":"BUILTIN","md5":""}
max_by(VARIANT,SMALLINT)	VARIANT	Aggregate	VARBINARY	{"fid":"0","symbol":"","file":"","isolation":"isolated","type":"BUILTIN","md5":""}
max_by(VARIANT,TIME)	VARIANT	Aggregate	VARBINARY	{"fid":"0","symbol":"","file":"","isolation":"isolated","type":"BUILTIN","md5":""}
max_by(VARIANT,TINYINT)	VARIANT	Aggregate	VARBINARY	{"fid":"0","symbol":"","file":"","isolation":"isolated","type":"BUILTIN","md5":""}
max_by(VARIANT,UNKNOWN_TYPE)	VARIANT	Aggregate	VARBINARY	{"fid":"0","symbol":"","file":"","isolation":"isolated","type":"BUILTIN","md5":""}
max_by(VARIANT,VARBINARY)	VARIANT	Aggregate	VARBINARY	{"fid":"0","symbol":"","file":"","isolation":"isolated","type":"BUILTIN","md5":""}
max_by(VARIANT,VARCHAR)	VARIANT	Aggregate	VARBINARY	{"fid":"0","symbol":"","file":"","isolation":"isolated","type":"BUILTIN","md5":""}
max_by_combine(BIGINT,BIGINT)	VARBINARY	Aggregate	NULL	{"fid":"0","symbol":"","file":"","isolation":"isolated","type":"BUILTIN","md5":""}
max_by_combine(BIGINT,BOOLEAN)	VARBINARY	Aggregate	NULL	{"fid":"0","symbol":"","file":"","isolation":"isolated","type":"BUILTIN","md5":""}
max_by_combine(BIGINT,DATE)	VARBINARY	Aggregate	NULL	{"fid":"0","symbol":"","file":"","isolation":"isolated","type":"BUILTIN","md5":""}
max_by_combine(BIGINT,DATETIME)	VARBINARY	Aggregate	NULL	{"fid":"0","symbol":"","file":"","isolation":"isolated","type":"BUILTIN","md5":""}
max_by_combine(BIGINT,DECIMAL128)	VARBINARY	Aggregate	NULL	{"fid":"0","symbol":"","file":"","isolation":"isolated","type":"BUILTIN","md5":""}
max_by_combine(BIGINT,DECIMAL256)	VARBINARY	Aggregate	NULL	{"fid":"0","symbol":"","file":"","isolation":"isolated","type":"BUILTIN","md5":""}
max_by_combine(BIGINT,DECIMAL32)	VARBINARY	Aggregate	NULL	{"fid":"0","symbol":"","file":"","isolation":"isolated","type":"BUILTIN","md5":""}
max_by_combine(BIGINT,DECIMAL64)	VARBINARY	Aggregate	NULL	{"fid":"0","symbol":"","file":"","isolation":"isolated","type":"BUILTIN","md5":""}
max_by_combine(BIGINT,DOUBLE)	VARBINARY	Aggregate	NULL	{"fid":"0","symbol":"","file":"","isolation":"isolated","type":"BUILTIN","md5":""}
max_by_combine(BIGINT,FLOAT)	VARBINARY	Aggregate	NULL	{"fid":"0","symbol":"","file":"","isolation":"isolated","type":"BUILTIN","md5":""}
max_by_combine(BIGINT,INT)	VARBINARY	Aggregate	NULL	{"fid":"0","symbol":"","file":"","isolation":"isolated","type":"BUILTIN","md5":""}
max_by_combine(BIGINT,LARGEINT)	VARBINARY	Aggregate	NULL	{"fid":"0","symbol":"","file":"","isolation":"isolated","type":"BUILTIN","md5":""}
max_by_combine(BIGINT,SMALLINT)	VARBINARY	Aggregate	NULL	{"fid":"0","symbol":"","file":"","isolation":"isolated","type":"BUILTIN","md5":""}
max_by_combine(BIGINT,TINYINT)	VARBINARY	Aggregate	NULL	{"fid":"0","symbol":"","file":"","isolation":"isolated","type":"BUILTIN","md5":""}
max_by_combine(BIGINT,VARCHAR)	VARBINARY	Aggregate	NULL	{"fid":"0","symbol":"","file":"","isolation":"isolated","type":"BUILTIN","md5":""}
max_by_combine(BOOLEAN,BIGINT)	VARBINARY	Aggregate	NULL	{"fid":"0","symbol":"","file":"","isolation":"isolated","type":"BUILTIN","md5":""}
max_by_combine(BOOLEAN,BOOLEAN)	VARBINARY	Aggregate	NULL	{"fid":"0","symbol":"","file":"","isolation":"isolated","type":"BUILTIN","md5":""}
max_by_combine(BOOLEAN,DATE)	VARBINARY	Aggregate	NULL	{"fid":"0","symbol":"","file":"","isolation":"isolated","type":"BUILTIN","md5":""}
max_by_combine(BOOLEAN,DATETIME)	VARBINARY	Aggregate	NULL	{"fid":"0","symbol":"","file":"","isolation":"isolated","type":"BUILTIN","md5":""}
max_by_combine(BOOLEAN,DECIMAL128)	VARBINARY	Aggregate	NULL	{"fid":"0","symbol":"","file":"","isolation":"isolated","type":"BUILTIN","md5":""}
max_by_combine(BOOLEAN,DECIMAL256)	VARBINARY	Aggregate	NULL	{"fid":"0","symbol":"","file":"","isolation":"isolated","type":"BUILTIN","md5":""}
max_by_combine(BOOLEAN,DECIMAL32)	VARBINARY	Aggregate	NULL	{"fid":"0","symbol":"","file":"","isolation":"isolated","type":"BUILTIN","md5":""}
max_by_combine(BOOLEAN,DECIMAL64)	VARBINARY	Aggregate	NULL	{"fid":"0","symbol":"","file":"","isolation":"isolated","type":"BUILTIN","md5":""}
max_by_combine(BOOLEAN,DOUBLE)	VARBINARY	Aggregate	NULL	{"fid":"0","symbol":"","file":"","isolation":"isolated","type":"BUILTIN","md5":""}
max_by_combine(BOOLEAN,FLOAT)	VARBINARY	Aggregate	NULL	{"fid":"0","symbol":"","file":"","isolation":"isolated","type":"BUILTIN","md5":""}
max_by_combine(BOOLEAN,INT)	VARBINARY	Aggregate	NULL	{"fid":"0","symbol":"","file":"","isolation":"isolated","type":"BUILTIN","md5":""}
max_by_combine(BOOLEAN,LARGEINT)	VARBINARY	Aggregate	NULL	{"fid":"0","symbol":"","file":"","isolation":"isolated","type":"BUILTIN","md5":""}
max_by_combine(BOOLEAN,SMALLINT)	VARBINARY	Aggregate	NULL	{"fid":"0","symbol":"","file":"","isolation":"isolated","type":"BUILTIN","md5":""}
max_by_combine(BOOLEAN,TINYINT)	VARBINARY	Aggregate	NULL	{"fid":"0","symbol":"","file":"","isolation":"isolated","type":"BUILTIN","md5":""}
max_by_combine(BOOLEAN,VARCHAR)	VARBINARY	Aggregate	NULL	{"fid":"0","symbol":"","file":"","isolation":"isolated","type":"BUILTIN","md5":""}
max_by_combine(DATE,BIGINT)	VARBINARY	Aggregate	NULL	{"fid":"0","symbol":"","file":"","isolation":"isolated","type":"BUILTIN","md5":""}
max_by_combine(DATE,BOOLEAN)	VARBINARY	Aggregate	NULL	{"fid":"0","symbol":"","file":"","isolation":"isolated","type":"BUILTIN","md5":""}
max_by_combine(DATE,DATE)	VARBINARY	Aggregate	NULL	{"fid":"0","symbol":"","file":"","isolation":"isolated","type":"BUILTIN","md5":""}
max_by_combine(DATE,DATETIME)	VARBINARY	Aggregate	NULL	{"fid":"0","symbol":"","file":"","isolation":"isolated","type":"BUILTIN","md5":""}
max_by_combine(DATE,DECIMAL128)	VARBINARY	Aggregate	NULL	{"fid":"0","symbol":"","file":"","isolation":"isolated","type":"BUILTIN","md5":""}
max_by_combine(DATE,DECIMAL256)	VARBINARY	Aggregate	NULL	{"fid":"0","symbol":"","file":"","isolation":"isolated","type":"BUILTIN","md5":""}
max_by_combine(DATE,DECIMAL32)	VARBINARY	Aggregate	NULL	{"fid":"0","symbol":"","file":"","isolation":"isolated","type":"BUILTIN","md5":""}
max_by_combine(DATE,DECIMAL64)	VARBINARY	Aggregate	NULL	{"fid":"0","symbol":"","file":"","isolation":"isolated","type":"BUILTIN","md5":""}
max_by_combine(DATE,DOUBLE)	VARBINARY	Aggregate	NULL	{"fid":"0","symbol":"","file":"","isolation":"isolated","type":"BUILTIN","md5":""}
max_by_combine(DATE,FLOAT)	VARBINARY	Aggregate	NULL	{"fid":"0","symbol":"","file":"","isolation":"isolated","type":"BUILTIN","md5":""}
max_by_combine(DATE,INT)	VARBINARY	Aggregate	NULL	{"fid":"0","symbol":"","file":"","isolation":"isolated","type":"BUILTIN","md5":""}
max_by_combine(DATE,LARGEINT)	VARBINARY	Aggregate	NULL	{"fid":"0","symbol":"","file":"","isolation":"isolated","type":"BUILTIN","md5":""}
max_by_combine(DATE,SMALLINT)	VARBINARY	Aggregate	NULL	{"fid":"0","symbol":"","file":"","isolation":"isolated","type":"BUILTIN","md5":""}
max_by_combine(DATE,TINYINT)	VARBINARY	Aggregate	NULL	{"fid":"0","symbol":"","file":"","isolation":"isolated","type":"BUILTIN","md5":""}
max_by_combine(DATE,VARCHAR)	VARBINARY	Aggregate	NULL	{"fid":"0","symbol":"","file":"","isolation":"isolated","type":"BUILTIN","md5":""}
max_by_combine(DATETIME,BIGINT)	VARBINARY	Aggregate	NULL	{"fid":"0","symbol":"","file":"","isolation":"isolated","type":"BUILTIN","md5":""}
max_by_combine(DATETIME,BOOLEAN)	VARBINARY	Aggregate	NULL	{"fid":"0","symbol":"","file":"","isolation":"isolated","type":"BUILTIN","md5":""}
max_by_combine(DATETIME,DATE)	VARBINARY	Aggregate	NULL	{"fid":"0","symbol":"","file":"","isolation":"isolated","type":"BUILTIN","md5":""}
max_by_combine(DATETIME,DATETIME)	VARBINARY	Aggregate	NULL	{"fid":"0","symbol":"","file":"","isolation":"isolated","type":"BUILTIN","md5":""}
max_by_combine(DATETIME,DECIMAL128)	VARBINARY	Aggregate	NULL	{"fid":"0","symbol":"","file":"","isolation":"isolated","type":"BUILTIN","md5":""}
max_by_combine(DATETIME,DECIMAL256)	VARBINARY	Aggregate	NULL	{"fid":"0","symbol":"","file":"","isolation":"isolated","type":"BUILTIN","md5":""}
max_by_combine(DATETIME,DECIMAL32)	VARBINARY	Aggregate	NULL	{"fid":"0","symbol":"","file":"","isolation":"isolated","type":"BUILTIN","md5":""}
max_by_combine(DATETIME,DECIMAL64)	VARBINARY	Aggregate	NULL	{"fid":"0","symbol":"","file":"","isolation":"isolated","type":"BUILTIN","md5":""}
max_by_combine(DATETIME,DOUBLE)	VARBINARY	Aggregate	NULL	{"fid":"0","symbol":"","file":"","isolation":"isolated","type":"BUILTIN","md5":""}
max_by_combine(DATETIME,FLOAT)	VARBINARY	Aggregate	NULL	{"fid":"0","symbol":"","file":"","isolation":"isolated","type":"BUILTIN","md5":""}
max_by_combine(DATETIME,INT)	VARBINARY	Aggregate	NULL	{"fid":"0","symbol":"","file":"","isolation":"isolated","type":"BUILTIN","md5":""}
max_by_combine(DATETIME,LARGEINT)	VARBINARY	Aggregate	NULL	{"fid":"0","symbol":"","file":"","isolation":"isolated","type":"BUILTIN","md5":""}
max_by_combine(DATETIME,SMALLINT)	VARBINARY	Aggregate	NULL	{"fid":"0","symbol":"","file":"","isolation":"isolated","type":"BUILTIN","md5":""}
max_by_combine(DATETIME,TINYINT)	VARBINARY	Aggregate	NULL	{"fid":"0","symbol":"","file":"","isolation":"isolated","type":"BUILTIN","md5":""}
max_by_combine(DATETIME,VARCHAR)	VARBINARY	Aggregate	NULL	{"fid":"0","symbol":"","file":"","isolation":"isolated","type":"BUILTIN","md5":""}
max_by_combine(DECIMAL128,BIGINT)	VARBINARY	Aggregate	NULL	{"fid":"0","symbol":"","file":"","isolation":"isolated","type":"BUILTIN","md5":""}
max_by_combine(DECIMAL128,BOOLEAN)	VARBINARY	Aggregate	NULL	{"fid":"0","symbol":"","file":"","isolation":"isolated","type":"BUILTIN","md5":""}
max_by_combine(DECIMAL128,DATE)	VARBINARY	Aggregate	NULL	{"fid":"0","symbol":"","file":"","isolation":"isolated","type":"BUILTIN","md5":""}
max_by_combine(DECIMAL128,DATETIME)	VARBINARY	Aggregate	NULL	{"fid":"0","symbol":"","file":"","isolation":"isolated","type":"BUILTIN","md5":""}
max_by_combine(DECIMAL128,DECIMAL128)	VARBINARY	Aggregate	NULL	{"fid":"0","symbol":"","file":"","isolation":"isolated","type":"BUILTIN","md5":""}
max_by_combine(DECIMAL128,DECIMAL256)	VARBINARY	Aggregate	NULL	{"fid":"0","symbol":"","file":"","isolation":"isolated","type":"BUILTIN","md5":""}
max_by_combine(DECIMAL128,DECIMAL32)	VARBINARY	Aggregate	NULL	{"fid":"0","symbol":"","file":"","isolation":"isolated","type":"BUILTIN","md5":""}
max_by_combine(DECIMAL128,DECIMAL64)	VARBINARY	Aggregate	NULL	{"fid":"0","symbol":"","file":"","isolation":"isolated","type":"BUILTIN","md5":""}
max_by_combine(DECIMAL128,DOUBLE)	VARBINARY	Aggregate	NULL	{"fid":"0","symbol":"","file":"","isolation":"isolated","type":"BUILTIN","md5":""}
max_by_combine(DECIMAL128,FLOAT)	VARBINARY	Aggregate	NULL	{"fid":"0","symbol":"","file":"","isolation":"isolated","type":"BUILTIN","md5":""}
max_by_combine(DECIMAL128,INT)	VARBINARY	Aggregate	NULL	{"fid":"0","symbol":"","file":"","isolation":"isolated","type":"BUILTIN","md5":""}
max_by_combine(DECIMAL128,LARGEINT)	VARBINARY	Aggregate	NULL	{"fid":"0","symbol":"","file":"","isolation":"isolated","type":"BUILTIN","md5":""}
max_by_combine(DECIMAL128,SMALLINT)	VARBINARY	Aggregate	NULL	{"fid":"0","symbol":"","file":"","isolation":"isolated","type":"BUILTIN","md5":""}
max_by_combine(DECIMAL128,TINYINT)	VARBINARY	Aggregate	NULL	{"fid":"0","symbol":"","file":"","isolation":"isolated","type":"BUILTIN","md5":""}
max_by_combine(DECIMAL128,VARCHAR)	VARBINARY	Aggregate	NULL	{"fid":"0","symbol":"","file":"","isolation":"isolated","type":"BUILTIN","md5":""}
max_by_combine(DECIMAL256,BIGINT)	VARBINARY	Aggregate	NULL	{"fid":"0","symbol":"","file":"","isolation":"isolated","type":"BUILTIN","md5":""}
max_by_combine(DECIMAL256,BOOLEAN)	VARBINARY	Aggregate	NULL	{"fid":"0","symbol":"","file":"","isolation":"isolated","type":"BUILTIN","md5":""}
max_by_combine(DECIMAL256,DATE)	VARBINARY	Aggregate	NULL	{"fid":"0","symbol":"","file":"","isolation":"isolated","type":"BUILTIN","md5":""}
max_by_combine(DECIMAL256,DATETIME)	VARBINARY	Aggregate	NULL	{"fid":"0","symbol":"","file":"","isolation":"isolated","type":"BUILTIN","md5":""}
max_by_combine(DECIMAL256,DECIMAL128)	VARBINARY	Aggregate	NULL	{"fid":"0","symbol":"","file":"","isolation":"isolated","type":"BUILTIN","md5":""}
max_by_combine(DECIMAL256,DECIMAL256)	VARBINARY	Aggregate	NULL	{"fid":"0","symbol":"","file":"","isolation":"isolated","type":"BUILTIN","md5":""}
max_by_combine(DECIMAL256,DECIMAL32)	VARBINARY	Aggregate	NULL	{"fid":"0","symbol":"","file":"","isolation":"isolated","type":"BUILTIN","md5":""}
max_by_combine(DECIMAL256,DECIMAL64)	VARBINARY	Aggregate	NULL	{"fid":"0","symbol":"","file":"","isolation":"isolated","type":"BUILTIN","md5":""}
max_by_combine(DECIMAL256,DOUBLE)	VARBINARY	Aggregate	NULL	{"fid":"0","symbol":"","file":"","isolation":"isolated","type":"BUILTIN","md5":""}
max_by_combine(DECIMAL256,FLOAT)	VARBINARY	Aggregate	NULL	{"fid":"0","symbol":"","file":"","isolation":"isolated","type":"BUILTIN","md5":""}
max_by_combine(DECIMAL256,INT)	VARBINARY	Aggregate	NULL	{"fid":"0","symbol":"","file":"","isolation":"isolated","type":"BUILTIN","md5":""}
max_by_combine(DECIMAL256,LARGEINT)	VARBINARY	Aggregate	NULL	{"fid":"0","symbol":"","file":"","isolation":"isolated","type":"BUILTIN","md5":""}
max_by_combine(DECIMAL256,SMALLINT)	VARBINARY	Aggregate	NULL	{"fid":"0","symbol":"","file":"","isolation":"isolated","type":"BUILTIN","md5":""}
max_by_combine(DECIMAL256,TINYINT)	VARBINARY	Aggregate	NULL	{"fid":"0","symbol":"","file":"","isolation":"isolated","type":"BUILTIN","md5":""}
max_by_combine(DECIMAL256,VARCHAR)	VARBINARY	Aggregate	NULL	{"fid":"0","symbol":"","file":"","isolation":"isolated","type":"BUILTIN","md5":""}
max_by_combine(DECIMAL32,BIGINT)	VARBINARY	Aggregate	NULL	{"fid":"0","symbol":"","file":"","isolation":"isolated","type":"BUILTIN","md5":""}
max_by_combine(DECIMAL32,BOOLEAN)	VARBINARY	Aggregate	NULL	{"fid":"0","symbol":"","file":"","isolation":"isolated","type":"BUILTIN","md5":""}
max_by_combine(DECIMAL32,DATE)	VARBINARY	Aggregate	NULL	{"fid":"0","symbol":"","file":"","isolation":"isolated","type":"BUILTIN","md5":""}
max_by_combine(DECIMAL32,DATETIME)	VARBINARY	Aggregate	NULL	{"fid":"0","symbol":"","file":"","isolation":"isolated","type":"BUILTIN","md5":""}
max_by_combine(DECIMAL32,DECIMAL128)	VARBINARY	Aggregate	NULL	{"fid":"0","symbol":"","file":"","isolation":"isolated","type":"BUILTIN","md5":""}
max_by_combine(DECIMAL32,DECIMAL256)	VARBINARY	Aggregate	NULL	{"fid":"0","symbol":"","file":"","isolation":"isolated","type":"BUILTIN","md5":""}
max_by_combine(DECIMAL32,DECIMAL32)	VARBINARY	Aggregate	NULL	{"fid":"0","symbol":"","file":"","isolation":"isolated","type":"BUILTIN","md5":""}
max_by_combine(DECIMAL32,DECIMAL64)	VARBINARY	Aggregate	NULL	{"fid":"0","symbol":"","file":"","isolation":"isolated","type":"BUILTIN","md5":""}
max_by_combine(DECIMAL32,DOUBLE)	VARBINARY	Aggregate	NULL	{"fid":"0","symbol":"","file":"","isolation":"isolated","type":"BUILTIN","md5":""}
max_by_combine(DECIMAL32,FLOAT)	VARBINARY	Aggregate	NULL	{"fid":"0","symbol":"","file":"","isolation":"isolated","type":"BUILTIN","md5":""}
max_by_combine(DECIMAL32,INT)	VARBINARY	Aggregate	NULL	{"fid":"0","symbol":"","file":"","isolation":"isolated","type":"BUILTIN","md5":""}
max_by_combine(DECIMAL32,LARGEINT)	VARBINARY	Aggregate	NULL	{"fid":"0","symbol":"","file":"","isolation":"isolated","type":"BUILTIN","md5":""}
max_by_combine(DECIMAL32,SMALLINT)	VARBINARY	Aggregate	NULL	{"fid":"0","symbol":"","file":"","isolation":"isolated","type":"BUILTIN","md5":""}
max_by_combine(DECIMAL32,TINYINT)	VARBINARY	Aggregate	NULL	{"fid":"0","symbol":"","file":"","isolation":"isolated","type":"BUILTIN","md5":""}
max_by_combine(DECIMAL32,VARCHAR)	VARBINARY	Aggregate	NULL	{"fid":"0","symbol":"","file":"","isolation":"isolated","type":"BUILTIN","md5":""}
max_by_combine(DECIMAL64,BIGINT)	VARBINARY	Aggregate	NULL	{"fid":"0","symbol":"","file":"","isolation":"isolated","type":"BUILTIN","md5":""}
max_by_combine(DECIMAL64,BOOLEAN)	VARBINARY	Aggregate	NULL	{"fid":"0","symbol":"","file":"","isolation":"isolated","type":"BUILTIN","md5":""}
max_by_combine(DECIMAL64,DATE)	VARBINARY	Aggregate	NULL	{"fid":"0","symbol":"","file":"","isolation":"isolated","type":"BUILTIN","md5":""}
max_by_combine(DECIMAL64,DATETIME)	VARBINARY	Aggregate	NULL	{"fid":"0","symbol":"","file":"","isolation":"isolated","type":"BUILTIN","md5":""}
max_by_combine(DECIMAL64,DECIMAL128)	VARBINARY	Aggregate	NULL	{"fid":"0","symbol":"","file":"","isolation":"isolated","type":"BUILTIN","md5":""}
max_by_combine(DECIMAL64,DECIMAL256)	VARBINARY	Aggregate	NULL	{"fid":"0","symbol":"","file":"","isolation":"isolated","type":"BUILTIN","md5":""}
max_by_combine(DECIMAL64,DECIMAL32)	VARBINARY	Aggregate	NULL	{"fid":"0","symbol":"","file":"","isolation":"isolated","type":"BUILTIN","md5":""}
max_by_combine(DECIMAL64,DECIMAL64)	VARBINARY	Aggregate	NULL	{"fid":"0","symbol":"","file":"","isolation":"isolated","type":"BUILTIN","md5":""}
max_by_combine(DECIMAL64,DOUBLE)	VARBINARY	Aggregate	NULL	{"fid":"0","symbol":"","file":"","isolation":"isolated","type":"BUILTIN","md5":""}
max_by_combine(DECIMAL64,FLOAT)	VARBINARY	Aggregate	NULL	{"fid":"0","symbol":"","file":"","isolation":"isolated","type":"BUILTIN","md5":""}
max_by_combine(DECIMAL64,INT)	VARBINARY	Aggregate	NULL	{"fid":"0","symbol":"","file":"","isolation":"isolated","type":"BUILTIN","md5":""}
max_by_combine(DECIMAL64,LARGEINT)	VARBINARY	Aggregate	NULL	{"fid":"0","symbol":"","file":"","isolation":"isolated","type":"BUILTIN","md5":""}
max_by_combine(DECIMAL64,SMALLINT)	VARBINARY	Aggregate	NULL	{"fid":"0","symbol":"","file":"","isolation":"isolated","type":"BUILTIN","md5":""}
max_by_combine(DECIMAL64,TINYINT)	VARBINARY	Aggregate	NULL	{"fid":"0","symbol":"","file":"","isolation":"isolated","type":"BUILTIN","md5":""}
max_by_combine(DECIMAL64,VARCHAR)	VARBINARY	Aggregate	NULL	{"fid":"0","symbol":"","file":"","isolation":"isolated","type":"BUILTIN","md5":""}
max_by_combine(DOUBLE,BIGINT)	VARBINARY	Aggregate	NULL	{"fid":"0","symbol":"","file":"","isolation":"isolated","type":"BUILTIN","md5":""}
max_by_combine(DOUBLE,BOOLEAN)	VARBINARY	Aggregate	NULL	{"fid":"0","symbol":"","file":"","isolation":"isolated","type":"BUILTIN","md5":""}
max_by_combine(DOUBLE,DATE)	VARBINARY	Aggregate	NULL	{"fid":"0","symbol":"","file":"","isolation":"isolated","type":"BUILTIN","md5":""}
max_by_combine(DOUBLE,DATETIME)	VARBINARY	Aggregate	NULL	{"fid":"0","symbol":"","file":"","isolation":"isolated","type":"BUILTIN","md5":""}
max_by_combine(DOUBLE,DECIMAL128)	VARBINARY	Aggregate	NULL	{"fid":"0","symbol":"","file":"","isolation":"isolated","type":"BUILTIN","md5":""}
max_by_combine(DOUBLE,DECIMAL256)	VARBINARY	Aggregate	NULL	{"fid":"0","symbol":"","file":"","isolation":"isolated","type":"BUILTIN","md5":""}
max_by_combine(DOUBLE,DECIMAL32)	VARBINARY	Aggregate	NULL	{"fid":"0","symbol":"","file":"","isolation":"isolated","type":"BUILTIN","md5":""}
max_by_combine(DOUBLE,DECIMAL64)	VARBINARY	Aggregate	NULL	{"fid":"0","symbol":"","file":"","isolation":"isolated","type":"BUILTIN","md5":""}
max_by_combine(DOUBLE,DOUBLE)	VARBINARY	Aggregate	NULL	{"fid":"0","symbol":"","file":"","isolation":"isolated","type":"BUILTIN","md5":""}
max_by_combine(DOUBLE,FLOAT)	VARBINARY	Aggregate	NULL	{"fid":"0","symbol":"","file":"","isolation":"isolated","type":"BUILTIN","md5":""}
max_by_combine(DOUBLE,INT)	VARBINARY	Aggregate	NULL	{"fid":"0","symbol":"","file":"","isolation":"isolated","type":"BUILTIN","md5":""}
max_by_combine(DOUBLE,LARGEINT)	VARBINARY	Aggregate	NULL	{"fid":"0","symbol":"","file":"","isolation":"isolated","type":"BUILTIN","md5":""}
max_by_combine(DOUBLE,SMALLINT)	VARBINARY	Aggregate	NULL	{"fid":"0","symbol":"","file":"","isolation":"isolated","type":"BUILTIN","md5":""}
max_by_combine(DOUBLE,TINYINT)	VARBINARY	Aggregate	NULL	{"fid":"0","symbol":"","file":"","isolation":"isolated","type":"BUILTIN","md5":""}
max_by_combine(DOUBLE,VARCHAR)	VARBINARY	Aggregate	NULL	{"fid":"0","symbol":"","file":"","isolation":"isolated","type":"BUILTIN","md5":""}
max_by_combine(FLOAT,BIGINT)	VARBINARY	Aggregate	NULL	{"fid":"0","symbol":"","file":"","isolation":"isolated","type":"BUILTIN","md5":""}
max_by_combine(FLOAT,BOOLEAN)	VARBINARY	Aggregate	NULL	{"fid":"0","symbol":"","file":"","isolation":"isolated","type":"BUILTIN","md5":""}
max_by_combine(FLOAT,DATE)	VARBINARY	Aggregate	NULL	{"fid":"0","symbol":"","file":"","isolation":"isolated","type":"BUILTIN","md5":""}
max_by_combine(FLOAT,DATETIME)	VARBINARY	Aggregate	NULL	{"fid":"0","symbol":"","file":"","isolation":"isolated","type":"BUILTIN","md5":""}
max_by_combine(FLOAT,DECIMAL128)	VARBINARY	Aggregate	NULL	{"fid":"0","symbol":"","file":"","isolation":"isolated","type":"BUILTIN","md5":""}
max_by_combine(FLOAT,DECIMAL256)	VARBINARY	Aggregate	NULL	{"fid":"0","symbol":"","file":"","isolation":"isolated","type":"BUILTIN","md5":""}
max_by_combine(FLOAT,DECIMAL32)	VARBINARY	Aggregate	NULL	{"fid":"0","symbol":"","file":"","isolation":"isolated","type":"BUILTIN","md5":""}
max_by_combine(FLOAT,DECIMAL64)	VARBINARY	Aggregate	NULL	{"fid":"0","symbol":"","file":"","isolation":"isolated","type":"BUILTIN","md5":""}
max_by_combine(FLOAT,DOUBLE)	VARBINARY	Aggregate	NULL	{"fid":"0","symbol":"","file":"","isolation":"isolated","type":"BUILTIN","md5":""}
max_by_combine(FLOAT,FLOAT)	VARBINARY	Aggregate	NULL	{"fid":"0","symbol":"","file":"","isolation":"isolated","type":"BUILTIN","md5":""}
max_by_combine(FLOAT,INT)	VARBINARY	Aggregate	NULL	{"fid":"0","symbol":"","file":"","isolation":"isolated","type":"BUILTIN","md5":""}
max_by_combine(FLOAT,LARGEINT)	VARBINARY	Aggregate	NULL	{"fid":"0","symbol":"","file":"","isolation":"isolated","type":"BUILTIN","md5":""}
max_by_combine(FLOAT,SMALLINT)	VARBINARY	Aggregate	NULL	{"fid":"0","symbol":"","file":"","isolation":"isolated","type":"BUILTIN","md5":""}
max_by_combine(FLOAT,TINYINT)	VARBINARY	Aggregate	NULL	{"fid":"0","symbol":"","file":"","isolation":"isolated","type":"BUILTIN","md5":""}
max_by_combine(FLOAT,VARCHAR)	VARBINARY	Aggregate	NULL	{"fid":"0","symbol":"","file":"","isolation":"isolated","type":"BUILTIN","md5":""}
max_by_combine(INT,BIGINT)	VARBINARY	Aggregate	NULL	{"fid":"0","symbol":"","file":"","isolation":"isolated","type":"BUILTIN","md5":""}
max_by_combine(INT,BOOLEAN)	VARBINARY	Aggregate	NULL	{"fid":"0","symbol":"","file":"","isolation":"isolated","type":"BUILTIN","md5":""}
max_by_combine(INT,DATE)	VARBINARY	Aggregate	NULL	{"fid":"0","symbol":"","file":"","isolation":"isolated","type":"BUILTIN","md5":""}
max_by_combine(INT,DATETIME)	VARBINARY	Aggregate	NULL	{"fid":"0","symbol":"","file":"","isolation":"isolated","type":"BUILTIN","md5":""}
max_by_combine(INT,DECIMAL128)	VARBINARY	Aggregate	NULL	{"fid":"0","symbol":"","file":"","isolation":"isolated","type":"BUILTIN","md5":""}
max_by_combine(INT,DECIMAL256)	VARBINARY	Aggregate	NULL	{"fid":"0","symbol":"","file":"","isolation":"isolated","type":"BUILTIN","md5":""}
max_by_combine(INT,DECIMAL32)	VARBINARY	Aggregate	NULL	{"fid":"0","symbol":"","file":"","isolation":"isolated","type":"BUILTIN","md5":""}
max_by_combine(INT,DECIMAL64)	VARBINARY	Aggregate	NULL	{"fid":"0","symbol":"","file":"","isolation":"isolated","type":"BUILTIN","md5":""}
max_by_combine(INT,DOUBLE)	VARBINARY	Aggregate	NULL	{"fid":"0","symbol":"","file":"","isolation":"isolated","type":"BUILTIN","md5":""}
max_by_combine(INT,FLOAT)	VARBINARY	Aggregate	NULL	{"fid":"0","symbol":"","file":"","isolation":"isolated","type":"BUILTIN","md5":""}
max_by_combine(INT,INT)	VARBINARY	Aggregate	NULL	{"fid":"0","symbol":"","file":"","isolation":"isolated","type":"BUILTIN","md5":""}
max_by_combine(INT,LARGEINT)	VARBINARY	Aggregate	NULL	{"fid":"0","symbol":"","file":"","isolation":"isolated","type":"BUILTIN","md5":""}
max_by_combine(INT,SMALLINT)	VARBINARY	Aggregate	NULL	{"fid":"0","symbol":"","file":"","isolation":"isolated","type":"BUILTIN","md5":""}
max_by_combine(INT,TINYINT)	VARBINARY	Aggregate	NULL	{"fid":"0","symbol":"","file":"","isolation":"isolated","type":"BUILTIN","md5":""}
max_by_combine(INT,VARCHAR)	VARBINARY	Aggregate	NULL	{"fid":"0","symbol":"","file":"","isolation":"isolated","type":"BUILTIN","md5":""}
max_by_combine(INVALID_TYPE,BIGINT)	VARBINARY	Aggregate	NULL	{"fid":"0","symbol":"","file":"","isolation":"isolated","type":"BUILTIN","md5":""}
max_by_combine(INVALID_TYPE,BOOLEAN)	VARBINARY	Aggregate	NULL	{"fid":"0","symbol":"","file":"","isolation":"isolated","type":"BUILTIN","md5":""}
max_by_combine(INVALID_TYPE,DATE)	VARBINARY	Aggregate	NULL	{"fid":"0","symbol":"","file":"","isolation":"isolated","type":"BUILTIN","md5":""}
max_by_combine(INVALID_TYPE,DATETIME)	VARBINARY	Aggregate	NULL	{"fid":"0","symbol":"","file":"","isolation":"isolated","type":"BUILTIN","md5":""}
max_by_combine(INVALID_TYPE,DECIMAL128)	VARBINARY	Aggregate	NULL	{"fid":"0","symbol":"","file":"","isolation":"isolated","type":"BUILTIN","md5":""}
max_by_combine(INVALID_TYPE,DECIMAL256)	VARBINARY	Aggregate	NULL	{"fid":"0","symbol":"","file":"","isolation":"isolated","type":"BUILTIN","md5":""}
max_by_combine(INVALID_TYPE,DECIMAL32)	VARBINARY	Aggregate	NULL	{"fid":"0","symbol":"","file":"","isolation":"isolated","type":"BUILTIN","md5":""}
max_by_combine(INVALID_TYPE,DECIMAL64)	VARBINARY	Aggregate	NULL	{"fid":"0","symbol":"","file":"","isolation":"isolated","type":"BUILTIN","md5":""}
max_by_combine(INVALID_TYPE,DOUBLE)	VARBINARY	Aggregate	NULL	{"fid":"0","symbol":"","file":"","isolation":"isolated","type":"BUILTIN","md5":""}
max_by_combine(INVALID_TYPE,FLOAT)	VARBINARY	Aggregate	NULL	{"fid":"0","symbol":"","file":"","isolation":"isolated","type":"BUILTIN","md5":""}
max_by_combine(INVALID_TYPE,INT)	VARBINARY	Aggregate	NULL	{"fid":"0","symbol":"","file":"","isolation":"isolated","type":"BUILTIN","md5":""}
max_by_combine(INVALID_TYPE,LARGEINT)	VARBINARY	Aggregate	NULL	{"fid":"0","symbol":"","file":"","isolation":"isolated","type":"BUILTIN","md5":""}
max_by_combine(INVALID_TYPE,SMALLINT)	VARBINARY	Aggregate	NULL	{"fid":"0","symbol":"","file":"","isolation":"isolated","type":"BUILTIN","md5":""}
max_by_combine(INVALID_TYPE,TINYINT)	VARBINARY	Aggregate	NULL	{"fid":"0","symbol":"","file":"","isolation":"isolated","type":"BUILTIN","md5":""}
max_by_combine(INVALID_TYPE,VARCHAR)	VARBINARY	Aggregate	NULL	{"fid":"0","symbol":"","file":"","isolation":"isolated","type":"BUILTIN","md5":""}
max_by_combine(JSON,BIGINT)	VARBINARY	Aggregate	NULL	{"fid":"0","symbol":"","file":"","isolation":"isolated","type":"BUILTIN","md5":""}
max_by_combine(JSON,BOOLEAN)	VARBINARY	Aggregate	NULL	{"fid":"0","symbol":"","file":"","isolation":"isolated","type":"BUILTIN","md5":""}
max_by_combine(JSON,DATE)	VARBINARY	Aggregate	NULL	{"fid":"0","symbol":"","file":"","isolation":"isolated","type":"BUILTIN","md5":""}
max_by_combine(JSON,DATETIME)	VARBINARY	Aggregate	NULL	{"fid":"0","symbol":"","file":"","isolation":"isolated","type":"BUILTIN","md5":""}
max_by_combine(JSON,DECIMAL128)	VARBINARY	Aggregate	NULL	{"fid":"0","symbol":"","file":"","isolation":"isolated","type":"BUILTIN","md5":""}
max_by_combine(JSON,DECIMAL256)	VARBINARY	Aggregate	NULL	{"fid":"0","symbol":"","file":"","isolation":"isolated","type":"BUILTIN","md5":""}
max_by_combine(JSON,DECIMAL32)	VARBINARY	Aggregate	NULL	{"fid":"0","symbol":"","file":"","isolation":"isolated","type":"BUILTIN","md5":""}
max_by_combine(JSON,DECIMAL64)	VARBINARY	Aggregate	NULL	{"fid":"0","symbol":"","file":"","isolation":"isolated","type":"BUILTIN","md5":""}
max_by_combine(JSON,DOUBLE)	VARBINARY	Aggregate	NULL	{"fid":"0","symbol":"","file":"","isolation":"isolated","type":"BUILTIN","md5":""}
max_by_combine(JSON,FLOAT)	VARBINARY	Aggregate	NULL	{"fid":"0","symbol":"","file":"","isolation":"isolated","type":"BUILTIN","md5":""}
max_by_combine(JSON,INT)	VARBINARY	Aggregate	NULL	{"fid":"0","symbol":"","file":"","isolation":"isolated","type":"BUILTIN","md5":""}
max_by_combine(JSON,LARGEINT)	VARBINARY	Aggregate	NULL	{"fid":"0","symbol":"","file":"","isolation":"isolated","type":"BUILTIN","md5":""}
max_by_combine(JSON,SMALLINT)	VARBINARY	Aggregate	NULL	{"fid":"0","symbol":"","file":"","isolation":"isolated","type":"BUILTIN","md5":""}
max_by_combine(JSON,TINYINT)	VARBINARY	Aggregate	NULL	{"fid":"0","symbol":"","file":"","isolation":"isolated","type":"BUILTIN","md5":""}
max_by_combine(JSON,VARCHAR)	VARBINARY	Aggregate	NULL	{"fid":"0","symbol":"","file":"","isolation":"isolated","type":"BUILTIN","md5":""}
max_by_combine(LARGEINT,BIGINT)	VARBINARY	Aggregate	NULL	{"fid":"0","symbol":"","file":"","isolation":"isolated","type":"BUILTIN","md5":""}
max_by_combine(LARGEINT,BOOLEAN)	VARBINARY	Aggregate	NULL	{"fid":"0","symbol":"","file":"","isolation":"isolated","type":"BUILTIN","md5":""}
max_by_combine(LARGEINT,DATE)	VARBINARY	Aggregate	NULL	{"fid":"0","symbol":"","file":"","isolation":"isolated","type":"BUILTIN","md5":""}
max_by_combine(LARGEINT,DATETIME)	VARBINARY	Aggregate	NULL	{"fid":"0","symbol":"","file":"","isolation":"isolated","type":"BUILTIN","md5":""}
max_by_combine(LARGEINT,DECIMAL128)	VARBINARY	Aggregate	NULL	{"fid":"0","symbol":"","file":"","isolation":"isolated","type":"BUILTIN","md5":""}
max_by_combine(LARGEINT,DECIMAL256)	VARBINARY	Aggregate	NULL	{"fid":"0","symbol":"","file":"","isolation":"isolated","type":"BUILTIN","md5":""}
max_by_combine(LARGEINT,DECIMAL32)	VARBINARY	Aggregate	NULL	{"fid":"0","symbol":"","file":"","isolation":"isolated","type":"BUILTIN","md5":""}
max_by_combine(LARGEINT,DECIMAL64)	VARBINARY	Aggregate	NULL	{"fid":"0","symbol":"","file":"","isolation":"isolated","type":"BUILTIN","md5":""}
max_by_combine(LARGEINT,DOUBLE)	VARBINARY	Aggregate	NULL	{"fid":"0","symbol":"","file":"","isolation":"isolated","type":"BUILTIN","md5":""}
max_by_combine(LARGEINT,FLOAT)	VARBINARY	Aggregate	NULL	{"fid":"0","symbol":"","file":"","isolation":"isolated","type":"BUILTIN","md5":""}
max_by_combine(LARGEINT,INT)	VARBINARY	Aggregate	NULL	{"fid":"0","symbol":"","file":"","isolation":"isolated","type":"BUILTIN","md5":""}
max_by_combine(LARGEINT,LARGEINT)	VARBINARY	Aggregate	NULL	{"fid":"0","symbol":"","file":"","isolation":"isolated","type":"BUILTIN","md5":""}
max_by_combine(LARGEINT,SMALLINT)	VARBINARY	Aggregate	NULL	{"fid":"0","symbol":"","file":"","isolation":"isolated","type":"BUILTIN","md5":""}
max_by_combine(LARGEINT,TINYINT)	VARBINARY	Aggregate	NULL	{"fid":"0","symbol":"","file":"","isolation":"isolated","type":"BUILTIN","md5":""}
max_by_combine(LARGEINT,VARCHAR)	VARBINARY	Aggregate	NULL	{"fid":"0","symbol":"","file":"","isolation":"isolated","type":"BUILTIN","md5":""}
max_by_combine(SMALLINT,BIGINT)	VARBINARY	Aggregate	NULL	{"fid":"0","symbol":"","file":"","isolation":"isolated","type":"BUILTIN","md5":""}
max_by_combine(SMALLINT,BOOLEAN)	VARBINARY	Aggregate	NULL	{"fid":"0","symbol":"","file":"","isolation":"isolated","type":"BUILTIN","md5":""}
max_by_combine(SMALLINT,DATE)	VARBINARY	Aggregate	NULL	{"fid":"0","symbol":"","file":"","isolation":"isolated","type":"BUILTIN","md5":""}
max_by_combine(SMALLINT,DATETIME)	VARBINARY	Aggregate	NULL	{"fid":"0","symbol":"","file":"","isolation":"isolated","type":"BUILTIN","md5":""}
max_by_combine(SMALLINT,DECIMAL128)	VARBINARY	Aggregate	NULL	{"fid":"0","symbol":"","file":"","isolation":"isolated","type":"BUILTIN","md5":""}
max_by_combine(SMALLINT,DECIMAL256)	VARBINARY	Aggregate	NULL	{"fid":"0","symbol":"","file":"","isolation":"isolated","type":"BUILTIN","md5":""}
max_by_combine(SMALLINT,DECIMAL32)	VARBINARY	Aggregate	NULL	{"fid":"0","symbol":"","file":"","isolation":"isolated","type":"BUILTIN","md5":""}
max_by_combine(SMALLINT,DECIMAL64)	VARBINARY	Aggregate	NULL	{"fid":"0","symbol":"","file":"","isolation":"isolated","type":"BUILTIN","md5":""}
max_by_combine(SMALLINT,DOUBLE)	VARBINARY	Aggregate	NULL	{"fid":"0","symbol":"","file":"","isolation":"isolated","type":"BUILTIN","md5":""}
max_by_combine(SMALLINT,FLOAT)	VARBINARY	Aggregate	NULL	{"fid":"0","symbol":"","file":"","isolation":"isolated","type":"BUILTIN","md5":""}
max_by_combine(SMALLINT,INT)	VARBINARY	Aggregate	NULL	{"fid":"0","symbol":"","file":"","isolation":"isolated","type":"BUILTIN","md5":""}
max_by_combine(SMALLINT,LARGEINT)	VARBINARY	Aggregate	NULL	{"fid":"0","symbol":"","file":"","isolation":"isolated","type":"BUILTIN","md5":""}
max_by_combine(SMALLINT,SMALLINT)	VARBINARY	Aggregate	NULL	{"fid":"0","symbol":"","file":"","isolation":"isolated","type":"BUILTIN","md5":""}
max_by_combine(SMALLINT,TINYINT)	VARBINARY	Aggregate	NULL	{"fid":"0","symbol":"","file":"","isolation":"isolated","type":"BUILTIN","md5":""}
max_by_combine(SMALLINT,VARCHAR)	VARBINARY	Aggregate	NULL	{"fid":"0","symbol":"","file":"","isolation":"isolated","type":"BUILTIN","md5":""}
max_by_combine(TINYINT,BIGINT)	VARBINARY	Aggregate	NULL	{"fid":"0","symbol":"","file":"","isolation":"isolated","type":"BUILTIN","md5":""}
max_by_combine(TINYINT,BOOLEAN)	VARBINARY	Aggregate	NULL	{"fid":"0","symbol":"","file":"","isolation":"isolated","type":"BUILTIN","md5":""}
max_by_combine(TINYINT,DATE)	VARBINARY	Aggregate	NULL	{"fid":"0","symbol":"","file":"","isolation":"isolated","type":"BUILTIN","md5":""}
max_by_combine(TINYINT,DATETIME)	VARBINARY	Aggregate	NULL	{"fid":"0","symbol":"","file":"","isolation":"isolated","type":"BUILTIN","md5":""}
max_by_combine(TINYINT,DECIMAL128)	VARBINARY	Aggregate	NULL	{"fid":"0","symbol":"","file":"","isolation":"isolated","type":"BUILTIN","md5":""}
max_by_combine(TINYINT,DECIMAL256)	VARBINARY	Aggregate	NULL	{"fid":"0","symbol":"","file":"","isolation":"isolated","type":"BUILTIN","md5":""}
max_by_combine(TINYINT,DECIMAL32)	VARBINARY	Aggregate	NULL	{"fid":"0","symbol":"","file":"","isolation":"isolated","type":"BUILTIN","md5":""}
max_by_combine(TINYINT,DECIMAL64)	VARBINARY	Aggregate	NULL	{"fid":"0","symbol":"","file":"","isolation":"isolated","type":"BUILTIN","md5":""}
max_by_combine(TINYINT,DOUBLE)	VARBINARY	Aggregate	NULL	{"fid":"0","symbol":"","file":"","isolation":"isolated","type":"BUILTIN","md5":""}
max_by_combine(TINYINT,FLOAT)	VARBINARY	Aggregate	NULL	{"fid":"0","symbol":"","file":"","isolation":"isolated","type":"BUILTIN","md5":""}
max_by_combine(TINYINT,INT)	VARBINARY	Aggregate	NULL	{"fid":"0","symbol":"","file":"","isolation":"isolated","type":"BUILTIN","md5":""}
max_by_combine(TINYINT,LARGEINT)	VARBINARY	Aggregate	NULL	{"fid":"0","symbol":"","file":"","isolation":"isolated","type":"BUILTIN","md5":""}
max_by_combine(TINYINT,SMALLINT)	VARBINARY	Aggregate	NULL	{"fid":"0","symbol":"","file":"","isolation":"isolated","type":"BUILTIN","md5":""}
max_by_combine(TINYINT,TINYINT)	VARBINARY	Aggregate	NULL	{"fid":"0","symbol":"","file":"","isolation":"isolated","type":"BUILTIN","md5":""}
max_by_combine(TINYINT,VARCHAR)	VARBINARY	Aggregate	NULL	{"fid":"0","symbol":"","file":"","isolation":"isolated","type":"BUILTIN","md5":""}
max_by_combine(VARCHAR,BIGINT)	VARBINARY	Aggregate	NULL	{"fid":"0","symbol":"","file":"","isolation":"isolated","type":"BUILTIN","md5":""}
max_by_combine(VARCHAR,BOOLEAN)	VARBINARY	Aggregate	NULL	{"fid":"0","symbol":"","file":"","isolation":"isolated","type":"BUILTIN","md5":""}
max_by_combine(VARCHAR,DATE)	VARBINARY	Aggregate	NULL	{"fid":"0","symbol":"","file":"","isolation":"isolated","type":"BUILTIN","md5":""}
max_by_combine(VARCHAR,DATETIME)	VARBINARY	Aggregate	NULL	{"fid":"0","symbol":"","file":"","isolation":"isolated","type":"BUILTIN","md5":""}
max_by_combine(VARCHAR,DECIMAL128)	VARBINARY	Aggregate	NULL	{"fid":"0","symbol":"","file":"","isolation":"isolated","type":"BUILTIN","md5":""}
max_by_combine(VARCHAR,DECIMAL256)	VARBINARY	Aggregate	NULL	{"fid":"0","symbol":"","file":"","isolation":"isolated","type":"BUILTIN","md5":""}
max_by_combine(VARCHAR,DECIMAL32)	VARBINARY	Aggregate	NULL	{"fid":"0","symbol":"","file":"","isolation":"isolated","type":"BUILTIN","md5":""}
max_by_combine(VARCHAR,DECIMAL64)	VARBINARY	Aggregate	NULL	{"fid":"0","symbol":"","file":"","isolation":"isolated","type":"BUILTIN","md5":""}
max_by_combine(VARCHAR,DOUBLE)	VARBINARY	Aggregate	NULL	{"fid":"0","symbol":"","file":"","isolation":"isolated","type":"BUILTIN","md5":""}
max_by_combine(VARCHAR,FLOAT)	VARBINARY	Aggregate	NULL	{"fid":"0","symbol":"","file":"","isolation":"isolated","type":"BUILTIN","md5":""}
max_by_combine(VARCHAR,INT)	VARBINARY	Aggregate	NULL	{"fid":"0","symbol":"","file":"","isolation":"isolated","type":"BUILTIN","md5":""}
max_by_combine(VARCHAR,LARGEINT)	VARBINARY	Aggregate	NULL	{"fid":"0","symbol":"","file":"","isolation":"isolated","type":"BUILTIN","md5":""}
max_by_combine(VARCHAR,SMALLINT)	VARBINARY	Aggregate	NULL	{"fid":"0","symbol":"","file":"","isolation":"isolated","type":"BUILTIN","md5":""}
max_by_combine(VARCHAR,TINYINT)	VARBINARY	Aggregate	NULL	{"fid":"0","symbol":"","file":"","isolation":"isolated","type":"BUILTIN","md5":""}
max_by_combine(VARCHAR,VARCHAR)	VARBINARY	Aggregate	NULL	{"fid":"0","symbol":"","file":"","isolation":"isolated","type":"BUILTIN","md5":""}
max_by_combine(VARIANT,BIGINT)	VARBINARY	Aggregate	NULL	{"fid":"0","symbol":"","file":"","isolation":"isolated","type":"BUILTIN","md5":""}
max_by_combine(VARIANT,BOOLEAN)	VARBINARY	Aggregate	NULL	{"fid":"0","symbol":"","file":"","isolation":"isolated","type":"BUILTIN","md5":""}
max_by_combine(VARIANT,DATE)	VARBINARY	Aggregate	NULL	{"fid":"0","symbol":"","file":"","isolation":"isolated","type":"BUILTIN","md5":""}
max_by_combine(VARIANT,DATETIME)	VARBINARY	Aggregate	NULL	{"fid":"0","symbol":"","file":"","isolation":"isolated","type":"BUILTIN","md5":""}
max_by_combine(VARIANT,DECIMAL128)	VARBINARY	Aggregate	NULL	{"fid":"0","symbol":"","file":"","isolation":"isolated","type":"BUILTIN","md5":""}
max_by_combine(VARIANT,DECIMAL256)	VARBINARY	Aggregate	NULL	{"fid":"0","symbol":"","file":"","isolation":"isolated","type":"BUILTIN","md5":""}
max_by_combine(VARIANT,DECIMAL32)	VARBINARY	Aggregate	NULL	{"fid":"0","symbol":"","file":"","isolation":"isolated","type":"BUILTIN","md5":""}
max_by_combine(VARIANT,DECIMAL64)	VARBINARY	Aggregate	NULL	{"fid":"0","symbol":"","file":"","isolation":"isolated","type":"BUILTIN","md5":""}
max_by_combine(VARIANT,DOUBLE)	VARBINARY	Aggregate	NULL	{"fid":"0","symbol":"","file":"","isolation":"isolated","type":"BUILTIN","md5":""}
max_by_combine(VARIANT,FLOAT)	VARBINARY	Aggregate	NULL	{"fid":"0","symbol":"","file":"","isolation":"isolated","type":"BUILTIN","md5":""}
max_by_combine(VARIANT,INT)	VARBINARY	Aggregate	NULL	{"fid":"0","symbol":"","file":"","isolation":"isolated","type":"BUILTIN","md5":""}
max_by_combine(VARIANT,LARGEINT)	VARBINARY	Aggregate	NULL	{"fid":"0","symbol":"","file":"","isolation":"isolated","type":"BUILTIN","md5":""}
max_by_combine(VARIANT,SMALLINT)	VARBINARY	Aggregate	NULL	{"fid":"0","symbol":"","file":"","isolation":"isolated","type":"BUILTIN","md5":""}
max_by_combine(VARIANT,TINYINT)	VARBINARY	Aggregate	NULL	{"fid":"0","symbol":"","file":"","isolation":"isolated","type":"BUILTIN","md5":""}
max_by_combine(VARIANT,VARCHAR)	VARBINARY	Aggregate	NULL	{"fid":"0","symbol":"","file":"","isolation":"isolated","type":"BUILTIN","md5":""}
max_by_if(BIGINT,BIGINT,BOOLEAN)	BIGINT	Aggregate	VARBINARY	{"fid":"0","symbol":"","file":"","isolation":"isolated","type":"BUILTIN","md5":""}
max_by_if(BIGINT,BOOLEAN,BOOLEAN)	BIGINT	Aggregate	VARBINARY	{"fid":"0","symbol":"","file":"","isolation":"isolated","type":"BUILTIN","md5":""}
max_by_if(BIGINT,DATE,BOOLEAN)	BIGINT	Aggregate	VARBINARY	{"fid":"0","symbol":"","file":"","isolation":"isolated","type":"BUILTIN","md5":""}
max_by_if(BIGINT,DATETIME,BOOLEAN)	BIGINT	Aggregate	VARBINARY	{"fid":"0","symbol":"","file":"","isolation":"isolated","type":"BUILTIN","md5":""}
max_by_if(BIGINT,DECIMAL128,BOOLEAN)	BIGINT	Aggregate	VARBINARY	{"fid":"0","symbol":"","file":"","isolation":"isolated","type":"BUILTIN","md5":""}
max_by_if(BIGINT,DECIMAL256,BOOLEAN)	BIGINT	Aggregate	VARBINARY	{"fid":"0","symbol":"","file":"","isolation":"isolated","type":"BUILTIN","md5":""}
max_by_if(BIGINT,DECIMAL32,BOOLEAN)	BIGINT	Aggregate	VARBINARY	{"fid":"0","symbol":"","file":"","isolation":"isolated","type":"BUILTIN","md5":""}
max_by_if(BIGINT,DECIMAL64,BOOLEAN)	BIGINT	Aggregate	VARBINARY	{"fid":"0","symbol":"","file":"","isolation":"isolated","type":"BUILTIN","md5":""}
max_by_if(BIGINT,DOUBLE,BOOLEAN)	BIGINT	Aggregate	VARBINARY	{"fid":"0","symbol":"","file":"","isolation":"isolated","type":"BUILTIN","md5":""}
max_by_if(BIGINT,FLOAT,BOOLEAN)	BIGINT	Aggregate	VARBINARY	{"fid":"0","symbol":"","file":"","isolation":"isolated","type":"BUILTIN","md5":""}
max_by_if(BIGINT,INT,BOOLEAN)	BIGINT	Aggregate	VARBINARY	{"fid":"0","symbol":"","file":"","isolation":"isolated","type":"BUILTIN","md5":""}
max_by_if(BIGINT,LARGEINT,BOOLEAN)	BIGINT	Aggregate	VARBINARY	{"fid":"0","symbol":"","file":"","isolation":"isolated","type":"BUILTIN","md5":""}
max_by_if(BIGINT,SMALLINT,BOOLEAN)	BIGINT	Aggregate	VARBINARY	{"fid":"0","symbol":"","file":"","isolation":"isolated","type":"BUILTIN","md5":""}
max_by_if(BIGINT,TINYINT,BOOLEAN)	BIGINT	Aggregate	VARBINARY	{"fid":"0","symbol":"","file":"","isolation":"isolated","type":"BUILTIN","md5":""}
max_by_if(BIGINT,VARCHAR,BOOLEAN)	BIGINT	Aggregate	VARBINARY	{"fid":"0","symbol":"","file":"","isolation":"isolated","type":"BUILTIN","md5":""}
max_by_if(BOOLEAN,BIGINT,BOOLEAN)	BOOLEAN	Aggregate	VARBINARY	{"fid":"0","symbol":"","file":"","isolation":"isolated","type":"BUILTIN","md5":""}
max_by_if(BOOLEAN,BOOLEAN,BOOLEAN)	BOOLEAN	Aggregate	VARBINARY	{"fid":"0","symbol":"","file":"","isolation":"isolated","type":"BUILTIN","md5":""}
max_by_if(BOOLEAN,DATE,BOOLEAN)	BOOLEAN	Aggregate	VARBINARY	{"fid":"0","symbol":"","file":"","isolation":"isolated","type":"BUILTIN","md5":""}
max_by_if(BOOLEAN,DATETIME,BOOLEAN)	BOOLEAN	Aggregate	VARBINARY	{"fid":"0","symbol":"","file":"","isolation":"isolated","type":"BUILTIN","md5":""}
max_by_if(BOOLEAN,DECIMAL128,BOOLEAN)	BOOLEAN	Aggregate	VARBINARY	{"fid":"0","symbol":"","file":"","isolation":"isolated","type":"BUILTIN","md5":""}
max_by_if(BOOLEAN,DECIMAL256,BOOLEAN)	BOOLEAN	Aggregate	VARBINARY	{"fid":"0","symbol":"","file":"","isolation":"isolated","type":"BUILTIN","md5":""}
max_by_if(BOOLEAN,DECIMAL32,BOOLEAN)	BOOLEAN	Aggregate	VARBINARY	{"fid":"0","symbol":"","file":"","isolation":"isolated","type":"BUILTIN","md5":""}
max_by_if(BOOLEAN,DECIMAL64,BOOLEAN)	BOOLEAN	Aggregate	VARBINARY	{"fid":"0","symbol":"","file":"","isolation":"isolated","type":"BUILTIN","md5":""}
max_by_if(BOOLEAN,DOUBLE,BOOLEAN)	BOOLEAN	Aggregate	VARBINARY	{"fid":"0","symbol":"","file":"","isolation":"isolated","type":"BUILTIN","md5":""}
max_by_if(BOOLEAN,FLOAT,BOOLEAN)	BOOLEAN	Aggregate	VARBINARY	{"fid":"0","symbol":"","file":"","isolation":"isolated","type":"BUILTIN","md5":""}
max_by_if(BOOLEAN,INT,BOOLEAN)	BOOLEAN	Aggregate	VARBINARY	{"fid":"0","symbol":"","file":"","isolation":"isolated","type":"BUILTIN","md5":""}
max_by_if(BOOLEAN,LARGEINT,BOOLEAN)	BOOLEAN	Aggregate	VARBINARY	{"fid":"0","symbol":"","file":"","isolation":"isolated","type":"BUILTIN","md5":""}
max_by_if(BOOLEAN,SMALLINT,BOOLEAN)	BOOLEAN	Aggregate	VARBINARY	{"fid":"0","symbol":"","file":"","isolation":"isolated","type":"BUILTIN","md5":""}
max_by_if(BOOLEAN,TINYINT,BOOLEAN)	BOOLEAN	Aggregate	VARBINARY	{"fid":"0","symbol":"","file":"","isolation":"isolated","type":"BUILTIN","md5":""}
max_by_if(BOOLEAN,VARCHAR,BOOLEAN)	BOOLEAN	Aggregate	VARBINARY	{"fid":"0","symbol":"","file":"","isolation":"isolated","type":"BUILTIN","md5":""}
max_by_if(DATE,BIGINT,BOOLEAN)	DATE	Aggregate	VARBINARY	{"fid":"0","symbol":"","file":"","isolation":"isolated","type":"BUILTIN","md5":""}
max_by_if(DATE,BOOLEAN,BOOLEAN)	DATE	Aggregate	VARBINARY	{"fid":"0","symbol":"","file":"","isolation":"isolated","type":"BUILTIN","md5":""}
max_by_if(DATE,DATE,BOOLEAN)	DATE	Aggregate	VARBINARY	{"fid":"0","symbol":"","file":"","isolation":"isolated","type":"BUILTIN","md5":""}
max_by_if(DATE,DATETIME,BOOLEAN)	DATE	Aggregate	VARBINARY	{"fid":"0","symbol":"","file":"","isolation":"isolated","type":"BUILTIN","md5":""}
max_by_if(DATE,DECIMAL128,BOOLEAN)	DATE	Aggregate	VARBINARY	{"fid":"0","symbol":"","file":"","isolation":"isolated","type":"BUILTIN","md5":""}
max_by_if(DATE,DECIMAL256,BOOLEAN)	DATE	Aggregate	VARBINARY	{"fid":"0","symbol":"","file":"","isolation":"isolated","type":"BUILTIN","md5":""}
max_by_if(DATE,DECIMAL32,BOOLEAN)	DATE	Aggregate	VARBINARY	{"fid":"0","symbol":"","file":"","isolation":"isolated","type":"BUILTIN","md5":""}
max_by_if(DATE,DECIMAL64,BOOLEAN)	DATE	Aggregate	VARBINARY	{"fid":"0","symbol":"","file":"","isolation":"isolated","type":"BUILTIN","md5":""}
max_by_if(DATE,DOUBLE,BOOLEAN)	DATE	Aggregate	VARBINARY	{"fid":"0","symbol":"","file":"","isolation":"isolated","type":"BUILTIN","md5":""}
max_by_if(DATE,FLOAT,BOOLEAN)	DATE	Aggregate	VARBINARY	{"fid":"0","symbol":"","file":"","isolation":"isolated","type":"BUILTIN","md5":""}
max_by_if(DATE,INT,BOOLEAN)	DATE	Aggregate	VARBINARY	{"fid":"0","symbol":"","file":"","isolation":"isolated","type":"BUILTIN","md5":""}
max_by_if(DATE,LARGEINT,BOOLEAN)	DATE	Aggregate	VARBINARY	{"fid":"0","symbol":"","file":"","isolation":"isolated","type":"BUILTIN","md5":""}
max_by_if(DATE,SMALLINT,BOOLEAN)	DATE	Aggregate	VARBINARY	{"fid":"0","symbol":"","file":"","isolation":"isolated","type":"BUILTIN","md5":""}
max_by_if(DATE,TINYINT,BOOLEAN)	DATE	Aggregate	VARBINARY	{"fid":"0","symbol":"","file":"","isolation":"isolated","type":"BUILTIN","md5":""}
max_by_if(DATE,VARCHAR,BOOLEAN)	DATE	Aggregate	VARBINARY	{"fid":"0","symbol":"","file":"","isolation":"isolated","type":"BUILTIN","md5":""}
max_by_if(DATETIME,BIGINT,BOOLEAN)	DATETIME	Aggregate	VARBINARY	{"fid":"0","symbol":"","file":"","isolation":"isolated","type":"BUILTIN","md5":""}
max_by_if(DATETIME,BOOLEAN,BOOLEAN)	DATETIME	Aggregate	VARBINARY	{"fid":"0","symbol":"","file":"","isolation":"isolated","type":"BUILTIN","md5":""}
max_by_if(DATETIME,DATE,BOOLEAN)	DATETIME	Aggregate	VARBINARY	{"fid":"0","symbol":"","file":"","isolation":"isolated","type":"BUILTIN","md5":""}
max_by_if(DATETIME,DATETIME,BOOLEAN)	DATETIME	Aggregate	VARBINARY	{"fid":"0","symbol":"","file":"","isolation":"isolated","type":"BUILTIN","md5":""}
max_by_if(DATETIME,DECIMAL128,BOOLEAN)	DATETIME	Aggregate	VARBINARY	{"fid":"0","symbol":"","file":"","isolation":"isolated","type":"BUILTIN","md5":""}
max_by_if(DATETIME,DECIMAL256,BOOLEAN)	DATETIME	Aggregate	VARBINARY	{"fid":"0","symbol":"","file":"","isolation":"isolated","type":"BUILTIN","md5":""}
max_by_if(DATETIME,DECIMAL32,BOOLEAN)	DATETIME	Aggregate	VARBINARY	{"fid":"0","symbol":"","file":"","isolation":"isolated","type":"BUILTIN","md5":""}
max_by_if(DATETIME,DECIMAL64,BOOLEAN)	DATETIME	Aggregate	VARBINARY	{"fid":"0","symbol":"","file":"","isolation":"isolated","type":"BUILTIN","md5":""}
max_by_if(DATETIME,DOUBLE,BOOLEAN)	DATETIME	Aggregate	VARBINARY	{"fid":"0","symbol":"","file":"","isolation":"isolated","type":"BUILTIN","md5":""}
max_by_if(DATETIME,FLOAT,BOOLEAN)	DATETIME	Aggregate	VARBINARY	{"fid":"0","symbol":"","file":"","isolation":"isolated","type":"BUILTIN","md5":""}
max_by_if(DATETIME,INT,BOOLEAN)	DATETIME	Aggregate	VARBINARY	{"fid":"0","symbol":"","file":"","isolation":"isolated","type":"BUILTIN","md5":""}
max_by_if(DATETIME,LARGEINT,BOOLEAN)	DATETIME	Aggregate	VARBINARY	{"fid":"0","symbol":"","file":"","isolation":"isolated","type":"BUILTIN","md5":""}
max_by_if(DATETIME,SMALLINT,BOOLEAN)	DATETIME	Aggregate	VARBINARY	{"fid":"0","symbol":"","file":"","isolation":"isolated","type":"BUILTIN","md5":""}
max_by_if(DATETIME,TINYINT,BOOLEAN)	DATETIME	Aggregate	VARBINARY	{"fid":"0","symbol":"","file":"","isolation":"isolated","type":"BUILTIN","md5":""}
max_by_if(DATETIME,VARCHAR,BOOLEAN)	DATETIME	Aggregate	VARBINARY	{"fid":"0","symbol":"","file":"","isolation":"isolated","type":"BUILTIN","md5":""}
max_by_if(DECIMAL128,BIGINT,BOOLEAN)	DECIMAL128	Aggregate	VARBINARY	{"fid":"0","symbol":"","file":"","isolation":"isolated","type":"BUILTIN","md5":""}
max_by_if(DECIMAL128,BOOLEAN,BOOLEAN)	DECIMAL128	Aggregate	VARBINARY	{"fid":"0","symbol":"","file":"","isolation":"isolated","type":"BUILTIN","md5":""}
max_by_if(DECIMAL128,DATE,BOOLEAN)	DECIMAL128	Aggregate	VARBINARY	{"fid":"0","symbol":"","file":"","isolation":"isolated","type":"BUILTIN","md5":""}
max_by_if(DECIMAL128,DATETIME,BOOLEAN)	DECIMAL128	Aggregate	VARBINARY	{"fid":"0","symbol":"","file":"","isolation":"isolated","type":"BUILTIN","md5":""}
max_by_if(DECIMAL128,DECIMAL128,BOOLEAN)	DECIMAL128	Aggregate	VARBINARY	{"fid":"0","symbol":"","file":"","isolation":"isolated","type":"BUILTIN","md5":""}
max_by_if(DECIMAL128,DECIMAL256,BOOLEAN)	DECIMAL128	Aggregate	VARBINARY	{"fid":"0","symbol":"","file":"","isolation":"isolated","type":"BUILTIN","md5":""}
max_by_if(DECIMAL128,DECIMAL32,BOOLEAN)	DECIMAL128	Aggregate	VARBINARY	{"fid":"0","symbol":"","file":"","isolation":"isolated","type":"BUILTIN","md5":""}
max_by_if(DECIMAL128,DECIMAL64,BOOLEAN)	DECIMAL128	Aggregate	VARBINARY	{"fid":"0","symbol":"","file":"","isolation":"isolated","type":"BUILTIN","md5":""}
max_by_if(DECIMAL128,DOUBLE,BOOLEAN)	DECIMAL128	Aggregate	VARBINARY	{"fid":"0","symbol":"","file":"","isolation":"isolated","type":"BUILTIN","md5":""}
max_by_if(DECIMAL128,FLOAT,BOOLEAN)	DECIMAL128	Aggregate	VARBINARY	{"fid":"0","symbol":"","file":"","isolation":"isolated","type":"BUILTIN","md5":""}
max_by_if(DECIMAL128,INT,BOOLEAN)	DECIMAL128	Aggregate	VARBINARY	{"fid":"0","symbol":"","file":"","isolation":"isolated","type":"BUILTIN","md5":""}
max_by_if(DECIMAL128,LARGEINT,BOOLEAN)	DECIMAL128	Aggregate	VARBINARY	{"fid":"0","symbol":"","file":"","isolation":"isolated","type":"BUILTIN","md5":""}
max_by_if(DECIMAL128,SMALLINT,BOOLEAN)	DECIMAL128	Aggregate	VARBINARY	{"fid":"0","symbol":"","file":"","isolation":"isolated","type":"BUILTIN","md5":""}
max_by_if(DECIMAL128,TINYINT,BOOLEAN)	DECIMAL128	Aggregate	VARBINARY	{"fid":"0","symbol":"","file":"","isolation":"isolated","type":"BUILTIN","md5":""}
max_by_if(DECIMAL128,VARCHAR,BOOLEAN)	DECIMAL128	Aggregate	VARBINARY	{"fid":"0","symbol":"","file":"","isolation":"isolated","type":"BUILTIN","md5":""}
max_by_if(DECIMAL256,BIGINT,BOOLEAN)	DECIMAL256	Aggregate	VARBINARY	{"fid":"0","symbol":"","file":"","isolation":"isolated","type":"BUILTIN","md5":""}
max_by_if(DECIMAL256,BOOLEAN,BOOLEAN)	DECIMAL256	Aggregate	VARBINARY	{"fid":"0","symbol":"","file":"","isolation":"isolated","type":"BUILTIN","md5":""}
max_by_if(DECIMAL256,DATE,BOOLEAN)	DECIMAL256	Aggregate	VARBINARY	{"fid":"0","symbol":"","file":"","isolation":"isolated","type":"BUILTIN","md5":""}
max_by_if(DECIMAL256,DATETIME,BOOLEAN)	DECIMAL256	Aggregate	VARBINARY	{"fid":"0","symbol":"","file":"","isolation":"isolated","type":"BUILTIN","md5":""}
max_by_if(DECIMAL256,DECIMAL128,BOOLEAN)	DECIMAL256	Aggregate	VARBINARY	{"fid":"0","symbol":"","file":"","isolation":"isolated","type":"BUILTIN","md5":""}
max_by_if(DECIMAL256,DECIMAL256,BOOLEAN)	DECIMAL256	Aggregate	VARBINARY	{"fid":"0","symbol":"","file":"","isolation":"isolated","type":"BUILTIN","md5":""}
max_by_if(DECIMAL256,DECIMAL32,BOOLEAN)	DECIMAL256	Aggregate	VARBINARY	{"fid":"0","symbol":"","file":"","isolation":"isolated","type":"BUILTIN","md5":""}
max_by_if(DECIMAL256,DECIMAL64,BOOLEAN)	DECIMAL256	Aggregate	VARBINARY	{"fid":"0","symbol":"","file":"","isolation":"isolated","type":"BUILTIN","md5":""}
max_by_if(DECIMAL256,DOUBLE,BOOLEAN)	DECIMAL256	Aggregate	VARBINARY	{"fid":"0","symbol":"","file":"","isolation":"isolated","type":"BUILTIN","md5":""}
max_by_if(DECIMAL256,FLOAT,BOOLEAN)	DECIMAL256	Aggregate	VARBINARY	{"fid":"0","symbol":"","file":"","isolation":"isolated","type":"BUILTIN","md5":""}
max_by_if(DECIMAL256,INT,BOOLEAN)	DECIMAL256	Aggregate	VARBINARY	{"fid":"0","symbol":"","file":"","isolation":"isolated","type":"BUILTIN","md5":""}
max_by_if(DECIMAL256,LARGEINT,BOOLEAN)	DECIMAL256	Aggregate	VARBINARY	{"fid":"0","symbol":"","file":"","isolation":"isolated","type":"BUILTIN","md5":""}
max_by_if(DECIMAL256,SMALLINT,BOOLEAN)	DECIMAL256	Aggregate	VARBINARY	{"fid":"0","symbol":"","file":"","isolation":"isolated","type":"BUILTIN","md5":""}
max_by_if(DECIMAL256,TINYINT,BOOLEAN)	DECIMAL256	Aggregate	VARBINARY	{"fid":"0","symbol":"","file":"","isolation":"isolated","type":"BUILTIN","md5":""}
max_by_if(DECIMAL256,VARCHAR,BOOLEAN)	DECIMAL256	Aggregate	VARBINARY	{"fid":"0","symbol":"","file":"","isolation":"isolated","type":"BUILTIN","md5":""}
max_by_if(DECIMAL32,BIGINT,BOOLEAN)	DECIMAL32	Aggregate	VARBINARY	{"fid":"0","symbol":"","file":"","isolation":"isolated","type":"BUILTIN","md5":""}
max_by_if(DECIMAL32,BOOLEAN,BOOLEAN)	DECIMAL32	Aggregate	VARBINARY	{"fid":"0","symbol":"","file":"","isolation":"isolated","type":"BUILTIN","md5":""}
max_by_if(DECIMAL32,DATE,BOOLEAN)	DECIMAL32	Aggregate	VARBINARY	{"fid":"0","symbol":"","file":"","isolation":"isolated","type":"BUILTIN","md5":""}
max_by_if(DECIMAL32,DATETIME,BOOLEAN)	DECIMAL32	Aggregate	VARBINARY	{"fid":"0","symbol":"","file":"","isolation":"isolated","type":"BUILTIN","md5":""}
max_by_if(DECIMAL32,DECIMAL128,BOOLEAN)	DECIMAL32	Aggregate	VARBINARY	{"fid":"0","symbol":"","file":"","isolation":"isolated","type":"BUILTIN","md5":""}
max_by_if(DECIMAL32,DECIMAL256,BOOLEAN)	DECIMAL32	Aggregate	VARBINARY	{"fid":"0","symbol":"","file":"","isolation":"isolated","type":"BUILTIN","md5":""}
max_by_if(DECIMAL32,DECIMAL32,BOOLEAN)	DECIMAL32	Aggregate	VARBINARY	{"fid":"0","symbol":"","file":"","isolation":"isolated","type":"BUILTIN","md5":""}
max_by_if(DECIMAL32,DECIMAL64,BOOLEAN)	DECIMAL32	Aggregate	VARBINARY	{"fid":"0","symbol":"","file":"","isolation":"isolated","type":"BUILTIN","md5":""}
max_by_if(DECIMAL32,DOUBLE,BOOLEAN)	DECIMAL32	Aggregate	VARBINARY	{"fid":"0","symbol":"","file":"","isolation":"isolated","type":"BUILTIN","md5":""}
max_by_if(DECIMAL32,FLOAT,BOOLEAN)	DECIMAL32	Aggregate	VARBINARY	{"fid":"0","symbol":"","file":"","isolation":"isolated","type":"BUILTIN","md5":""}
max_by_if(DECIMAL32,INT,BOOLEAN)	DECIMAL32	Aggregate	VARBINARY	{"fid":"0","symbol":"","file":"","isolation":"isolated","type":"BUILTIN","md5":""}
max_by_if(DECIMAL32,LARGEINT,BOOLEAN)	DECIMAL32	Aggregate	VARBINARY	{"fid":"0","symbol":"","file":"","isolation":"isolated","type":"BUILTIN","md5":""}
max_by_if(DECIMAL32,SMALLINT,BOOLEAN)	DECIMAL32	Aggregate	VARBINARY	{"fid":"0","symbol":"","file":"","isolation":"isolated","type":"BUILTIN","md5":""}
max_by_if(DECIMAL32,TINYINT,BOOLEAN)	DECIMAL32	Aggregate	VARBINARY	{"fid":"0","symbol":"","file":"","isolation":"isolated","type":"BUILTIN","md5":""}
max_by_if(DECIMAL32,VARCHAR,BOOLEAN)	DECIMAL32	Aggregate	VARBINARY	{"fid":"0","symbol":"","file":"","isolation":"isolated","type":"BUILTIN","md5":""}
max_by_if(DECIMAL64,BIGINT,BOOLEAN)	DECIMAL64	Aggregate	VARBINARY	{"fid":"0","symbol":"","file":"","isolation":"isolated","type":"BUILTIN","md5":""}
max_by_if(DECIMAL64,BOOLEAN,BOOLEAN)	DECIMAL64	Aggregate	VARBINARY	{"fid":"0","symbol":"","file":"","isolation":"isolated","type":"BUILTIN","md5":""}
max_by_if(DECIMAL64,DATE,BOOLEAN)	DECIMAL64	Aggregate	VARBINARY	{"fid":"0","symbol":"","file":"","isolation":"isolated","type":"BUILTIN","md5":""}
max_by_if(DECIMAL64,DATETIME,BOOLEAN)	DECIMAL64	Aggregate	VARBINARY	{"fid":"0","symbol":"","file":"","isolation":"isolated","type":"BUILTIN","md5":""}
max_by_if(DECIMAL64,DECIMAL128,BOOLEAN)	DECIMAL64	Aggregate	VARBINARY	{"fid":"0","symbol":"","file":"","isolation":"isolated","type":"BUILTIN","md5":""}
max_by_if(DECIMAL64,DECIMAL256,BOOLEAN)	DECIMAL64	Aggregate	VARBINARY	{"fid":"0","symbol":"","file":"","isolation":"isolated","type":"BUILTIN","md5":""}
max_by_if(DECIMAL64,DECIMAL32,BOOLEAN)	DECIMAL64	Aggregate	VARBINARY	{"fid":"0","symbol":"","file":"","isolation":"isolated","type":"BUILTIN","md5":""}
max_by_if(DECIMAL64,DECIMAL64,BOOLEAN)	DECIMAL64	Aggregate	VARBINARY	{"fid":"0","symbol":"","file":"","isolation":"isolated","type":"BUILTIN","md5":""}
max_by_if(DECIMAL64,DOUBLE,BOOLEAN)	DECIMAL64	Aggregate	VARBINARY	{"fid":"0","symbol":"","file":"","isolation":"isolated","type":"BUILTIN","md5":""}
max_by_if(DECIMAL64,FLOAT,BOOLEAN)	DECIMAL64	Aggregate	VARBINARY	{"fid":"0","symbol":"","file":"","isolation":"isolated","type":"BUILTIN","md5":""}
max_by_if(DECIMAL64,INT,BOOLEAN)	DECIMAL64	Aggregate	VARBINARY	{"fid":"0","symbol":"","file":"","isolation":"isolated","type":"BUILTIN","md5":""}
max_by_if(DECIMAL64,LARGEINT,BOOLEAN)	DECIMAL64	Aggregate	VARBINARY	{"fid":"0","symbol":"","file":"","isolation":"isolated","type":"BUILTIN","md5":""}
max_by_if(DECIMAL64,SMALLINT,BOOLEAN)	DECIMAL64	Aggregate	VARBINARY	{"fid":"0","symbol":"","file":"","isolation":"isolated","type":"BUILTIN","md5":""}
max_by_if(DECIMAL64,TINYINT,BOOLEAN)	DECIMAL64	Aggregate	VARBINARY	{"fid":"0","symbol":"","file":"","isolation":"isolated","type":"BUILTIN","md5":""}
max_by_if(DECIMAL64,VARCHAR,BOOLEAN)	DECIMAL64	Aggregate	VARBINARY	{"fid":"0","symbol":"","file":"","isolation":"isolated","type":"BUILTIN","md5":""}
max_by_if(DOUBLE,BIGINT,BOOLEAN)	DOUBLE	Aggregate	VARBINARY	{"fid":"0","symbol":"","file":"","isolation":"isolated","type":"BUILTIN","md5":""}
max_by_if(DOUBLE,BOOLEAN,BOOLEAN)	DOUBLE	Aggregate	VARBINARY	{"fid":"0","symbol":"","file":"","isolation":"isolated","type":"BUILTIN","md5":""}
max_by_if(DOUBLE,DATE,BOOLEAN)	DOUBLE	Aggregate	VARBINARY	{"fid":"0","symbol":"","file":"","isolation":"isolated","type":"BUILTIN","md5":""}
max_by_if(DOUBLE,DATETIME,BOOLEAN)	DOUBLE	Aggregate	VARBINARY	{"fid":"0","symbol":"","file":"","isolation":"isolated","type":"BUILTIN","md5":""}
max_by_if(DOUBLE,DECIMAL128,BOOLEAN)	DOUBLE	Aggregate	VARBINARY	{"fid":"0","symbol":"","file":"","isolation":"isolated","type":"BUILTIN","md5":""}
max_by_if(DOUBLE,DECIMAL256,BOOLEAN)	DOUBLE	Aggregate	VARBINARY	{"fid":"0","symbol":"","file":"","isolation":"isolated","type":"BUILTIN","md5":""}
max_by_if(DOUBLE,DECIMAL32,BOOLEAN)	DOUBLE	Aggregate	VARBINARY	{"fid":"0","symbol":"","file":"","isolation":"isolated","type":"BUILTIN","md5":""}
max_by_if(DOUBLE,DECIMAL64,BOOLEAN)	DOUBLE	Aggregate	VARBINARY	{"fid":"0","symbol":"","file":"","isolation":"isolated","type":"BUILTIN","md5":""}
max_by_if(DOUBLE,DOUBLE,BOOLEAN)	DOUBLE	Aggregate	VARBINARY	{"fid":"0","symbol":"","file":"","isolation":"isolated","type":"BUILTIN","md5":""}
max_by_if(DOUBLE,FLOAT,BOOLEAN)	DOUBLE	Aggregate	VARBINARY	{"fid":"0","symbol":"","file":"","isolation":"isolated","type":"BUILTIN","md5":""}
max_by_if(DOUBLE,INT,BOOLEAN)	DOUBLE	Aggregate	VARBINARY	{"fid":"0","symbol":"","file":"","isolation":"isolated","type":"BUILTIN","md5":""}
max_by_if(DOUBLE,LARGEINT,BOOLEAN)	DOUBLE	Aggregate	VARBINARY	{"fid":"0","symbol":"","file":"","isolation":"isolated","type":"BUILTIN","md5":""}
max_by_if(DOUBLE,SMALLINT,BOOLEAN)	DOUBLE	Aggregate	VARBINARY	{"fid":"0","symbol":"","file":"","isolation":"isolated","type":"BUILTIN","md5":""}
max_by_if(DOUBLE,TINYINT,BOOLEAN)	DOUBLE	Aggregate	VARBINARY	{"fid":"0","symbol":"","file":"","isolation":"isolated","type":"BUILTIN","md5":""}
max_by_if(DOUBLE,VARCHAR,BOOLEAN)	DOUBLE	Aggregate	VARBINARY	{"fid":"0","symbol":"","file":"","isolation":"isolated","type":"BUILTIN","md5":""}
max_by_if(FLOAT,BIGINT,BOOLEAN)	FLOAT	Aggregate	VARBINARY	{"fid":"0","symbol":"","file":"","isolation":"isolated","type":"BUILTIN","md5":""}
max_by_if(FLOAT,BOOLEAN,BOOLEAN)	FLOAT	Aggregate	VARBINARY	{"fid":"0","symbol":"","file":"","isolation":"isolated","type":"BUILTIN","md5":""}
max_by_if(FLOAT,DATE,BOOLEAN)	FLOAT	Aggregate	VARBINARY	{"fid":"0","symbol":"","file":"","isolation":"isolated","type":"BUILTIN","md5":""}
max_by_if(FLOAT,DATETIME,BOOLEAN)	FLOAT	Aggregate	VARBINARY	{"fid":"0","symbol":"","file":"","isolation":"isolated","type":"BUILTIN","md5":""}
max_by_if(FLOAT,DECIMAL128,BOOLEAN)	FLOAT	Aggregate	VARBINARY	{"fid":"0","symbol":"","file":"","isolation":"isolated","type":"BUILTIN","md5":""}
max_by_if(FLOAT,DECIMAL256,BOOLEAN)	FLOAT	Aggregate	VARBINARY	{"fid":"0","symbol":"","file":"","isolation":"isolated","type":"BUILTIN","md5":""}
max_by_if(FLOAT,DECIMAL32,BOOLEAN)	FLOAT	Aggregate	VARBINARY	{"fid":"0","symbol":"","file":"","isolation":"isolated","type":"BUILTIN","md5":""}
max_by_if(FLOAT,DECIMAL64,BOOLEAN)	FLOAT	Aggregate	VARBINARY	{"fid":"0","symbol":"","file":"","isolation":"isolated","type":"BUILTIN","md5":""}
max_by_if(FLOAT,DOUBLE,BOOLEAN)	FLOAT	Aggregate	VARBINARY	{"fid":"0","symbol":"","file":"","isolation":"isolated","type":"BUILTIN","md5":""}
max_by_if(FLOAT,FLOAT,BOOLEAN)	FLOAT	Aggregate	VARBINARY	{"fid":"0","symbol":"","file":"","isolation":"isolated","type":"BUILTIN","md5":""}
max_by_if(FLOAT,INT,BOOLEAN)	FLOAT	Aggregate	VARBINARY	{"fid":"0","symbol":"","file":"","isolation":"isolated","type":"BUILTIN","md5":""}
max_by_if(FLOAT,LARGEINT,BOOLEAN)	FLOAT	Aggregate	VARBINARY	{"fid":"0","symbol":"","file":"","isolation":"isolated","type":"BUILTIN","md5":""}
max_by_if(FLOAT,SMALLINT,BOOLEAN)	FLOAT	Aggregate	VARBINARY	{"fid":"0","symbol":"","file":"","isolation":"isolated","type":"BUILTIN","md5":""}
max_by_if(FLOAT,TINYINT,BOOLEAN)	FLOAT	Aggregate	VARBINARY	{"fid":"0","symbol":"","file":"","isolation":"isolated","type":"BUILTIN","md5":""}
max_by_if(FLOAT,VARCHAR,BOOLEAN)	FLOAT	Aggregate	VARBINARY	{"fid":"0","symbol":"","file":"","isolation":"isolated","type":"BUILTIN","md5":""}
max_by_if(INT,BIGINT,BOOLEAN)	INT	Aggregate	VARBINARY	{"fid":"0","symbol":"","file":"","isolation":"isolated","type":"BUILTIN","md5":""}
max_by_if(INT,BOOLEAN,BOOLEAN)	INT	Aggregate	VARBINARY	{"fid":"0","symbol":"","file":"","isolation":"isolated","type":"BUILTIN","md5":""}
max_by_if(INT,DATE,BOOLEAN)	INT	Aggregate	VARBINARY	{"fid":"0","symbol":"","file":"","isolation":"isolated","type":"BUILTIN","md5":""}
max_by_if(INT,DATETIME,BOOLEAN)	INT	Aggregate	VARBINARY	{"fid":"0","symbol":"","file":"","isolation":"isolated","type":"BUILTIN","md5":""}
max_by_if(INT,DECIMAL128,BOOLEAN)	INT	Aggregate	VARBINARY	{"fid":"0","symbol":"","file":"","isolation":"isolated","type":"BUILTIN","md5":""}
max_by_if(INT,DECIMAL256,BOOLEAN)	INT	Aggregate	VARBINARY	{"fid":"0","symbol":"","file":"","isolation":"isolated","type":"BUILTIN","md5":""}
max_by_if(INT,DECIMAL32,BOOLEAN)	INT	Aggregate	VARBINARY	{"fid":"0","symbol":"","file":"","isolation":"isolated","type":"BUILTIN","md5":""}
max_by_if(INT,DECIMAL64,BOOLEAN)	INT	Aggregate	VARBINARY	{"fid":"0","symbol":"","file":"","isolation":"isolated","type":"BUILTIN","md5":""}
max_by_if(INT,DOUBLE,BOOLEAN)	INT	Aggregate	VARBINARY	{"fid":"0","symbol":"","file":"","isolation":"isolated","type":"BUILTIN","md5":""}
max_by_if(INT,FLOAT,BOOLEAN)	INT	Aggregate	VARBINARY	{"fid":"0","symbol":"","file":"","isolation":"isolated","type":"BUILTIN","md5":""}
max_by_if(INT,INT,BOOLEAN)	INT	Aggregate	VARBINARY	{"fid":"0","symbol":"","file":"","isolation":"isolated","type":"BUILTIN","md5":""}
max_by_if(INT,LARGEINT,BOOLEAN)	INT	Aggregate	VARBINARY	{"fid":"0","symbol":"","file":"","isolation":"isolated","type":"BUILTIN","md5":""}
max_by_if(INT,SMALLINT,BOOLEAN)	INT	Aggregate	VARBINARY	{"fid":"0","symbol":"","file":"","isolation":"isolated","type":"BUILTIN","md5":""}
max_by_if(INT,TINYINT,BOOLEAN)	INT	Aggregate	VARBINARY	{"fid":"0","symbol":"","file":"","isolation":"isolated","type":"BUILTIN","md5":""}
max_by_if(INT,VARCHAR,BOOLEAN)	INT	Aggregate	VARBINARY	{"fid":"0","symbol":"","file":"","isolation":"isolated","type":"BUILTIN","md5":""}
max_by_if(INVALID_TYPE,BIGINT,BOOLEAN)	INVALID_TYPE	Aggregate	VARBINARY	{"fid":"0","symbol":"","file":"","isolation":"isolated","type":"BUILTIN","md5":""}
max_by_if(INVALID_TYPE,BOOLEAN,BOOLEAN)	INVALID_TYPE	Aggregate	VARBINARY	{"fid":"0","symbol":"","file":"","isolation":"isolated","type":"BUILTIN","md5":""}
max_by_if(INVALID_TYPE,DATE,BOOLEAN)	INVALID_TYPE	Aggregate	VARBINARY	{"fid":"0","symbol":"","file":"","isolation":"isolated","type":"BUILTIN","md5":""}
max_by_if(INVALID_TYPE,DATETIME,BOOLEAN)	INVALID_TYPE	Aggregate	VARBINARY	{"fid":"0","symbol":"","file":"","isolation":"isolated","type":"BUILTIN","md5":""}
max_by_if(INVALID_TYPE,DECIMAL128,BOOLEAN)	INVALID_TYPE	Aggregate	VARBINARY	{"fid":"0","symbol":"","file":"","isolation":"isolated","type":"BUILTIN","md5":""}
max_by_if(INVALID_TYPE,DECIMAL256,BOOLEAN)	INVALID_TYPE	Aggregate	VARBINARY	{"fid":"0","symbol":"","file":"","isolation":"isolated","type":"BUILTIN","md5":""}
max_by_if(INVALID_TYPE,DECIMAL32,BOOLEAN)	INVALID_TYPE	Aggregate	VARBINARY	{"fid":"0","symbol":"","file":"","isolation":"isolated","type":"BUILTIN","md5":""}
max_by_if(INVALID_TYPE,DECIMAL64,BOOLEAN)	INVALID_TYPE	Aggregate	VARBINARY	{"fid":"0","symbol":"","file":"","isolation":"isolated","type":"BUILTIN","md5":""}
max_by_if(INVALID_TYPE,DOUBLE,BOOLEAN)	INVALID_TYPE	Aggregate	VARBINARY	{"fid":"0","symbol":"","file":"","isolation":"isolated","type":"BUILTIN","md5":""}
max_by_if(INVALID_TYPE,FLOAT,BOOLEAN)	INVALID_TYPE	Aggregate	VARBINARY	{"fid":"0","symbol":"","file":"","isolation":"isolated","type":"BUILTIN","md5":""}
max_by_if(INVALID_TYPE,INT,BOOLEAN)	INVALID_TYPE	Aggregate	VARBINARY	{"fid":"0","symbol":"","file":"","isolation":"isolated","type":"BUILTIN","md5":""}
max_by_if(INVALID_TYPE,LARGEINT,BOOLEAN)	INVALID_TYPE	Aggregate	VARBINARY	{"fid":"0","symbol":"","file":"","isolation":"isolated","type":"BUILTIN","md5":""}
max_by_if(INVALID_TYPE,SMALLINT,BOOLEAN)	INVALID_TYPE	Aggregate	VARBINARY	{"fid":"0","symbol":"","file":"","isolation":"isolated","type":"BUILTIN","md5":""}
max_by_if(INVALID_TYPE,TINYINT,BOOLEAN)	INVALID_TYPE	Aggregate	VARBINARY	{"fid":"0","symbol":"","file":"","isolation":"isolated","type":"BUILTIN","md5":""}
max_by_if(INVALID_TYPE,VARCHAR,BOOLEAN)	INVALID_TYPE	Aggregate	VARBINARY	{"fid":"0","symbol":"","file":"","isolation":"isolated","type":"BUILTIN","md5":""}
max_by_if(JSON,BIGINT,BOOLEAN)	JSON	Aggregate	VARBINARY	{"fid":"0","symbol":"","file":"","isolation":"isolated","type":"BUILTIN","md5":""}
max_by_if(JSON,BOOLEAN,BOOLEAN)	JSON	Aggregate	VARBINARY	{"fid":"0","symbol":"","file":"","isolation":"isolated","type":"BUILTIN","md5":""}
max_by_if(JSON,DATE,BOOLEAN)	JSON	Aggregate	VARBINARY	{"fid":"0","symbol":"","file":"","isolation":"isolated","type":"BUILTIN","md5":""}
max_by_if(JSON,DATETIME,BOOLEAN)	JSON	Aggregate	VARBINARY	{"fid":"0","symbol":"","file":"","isolation":"isolated","type":"BUILTIN","md5":""}
max_by_if(JSON,DECIMAL128,BOOLEAN)	JSON	Aggregate	VARBINARY	{"fid":"0","symbol":"","file":"","isolation":"isolated","type":"BUILTIN","md5":""}
max_by_if(JSON,DECIMAL256,BOOLEAN)	JSON	Aggregate	VARBINARY	{"fid":"0","symbol":"","file":"","isolation":"isolated","type":"BUILTIN","md5":""}
max_by_if(JSON,DECIMAL32,BOOLEAN)	JSON	Aggregate	VARBINARY	{"fid":"0","symbol":"","file":"","isolation":"isolated","type":"BUILTIN","md5":""}
max_by_if(JSON,DECIMAL64,BOOLEAN)	JSON	Aggregate	VARBINARY	{"fid":"0","symbol":"","file":"","isolation":"isolated","type":"BUILTIN","md5":""}
max_by_if(JSON,DOUBLE,BOOLEAN)	JSON	Aggregate	VARBINARY	{"fid":"0","symbol":"","file":"","isolation":"isolated","type":"BUILTIN","md5":""}
max_by_if(JSON,FLOAT,BOOLEAN)	JSON	Aggregate	VARBINARY	{"fid":"0","symbol":"","file":"","isolation":"isolated","type":"BUILTIN","md5":""}
max_by_if(JSON,INT,BOOLEAN)	JSON	Aggregate	VARBINARY	{"fid":"0","symbol":"","file":"","isolation":"isolated","type":"BUILTIN","md5":""}
max_by_if(JSON,LARGEINT,BOOLEAN)	JSON	Aggregate	VARBINARY	{"fid":"0","symbol":"","file":"","isolation":"isolated","type":"BUILTIN","md5":""}
max_by_if(JSON,SMALLINT,BOOLEAN)	JSON	Aggregate	VARBINARY	{"fid":"0","symbol":"","file":"","isolation":"isolated","type":"BUILTIN","md5":""}
max_by_if(JSON,TINYINT,BOOLEAN)	JSON	Aggregate	VARBINARY	{"fid":"0","symbol":"","file":"","isolation":"isolated","type":"BUILTIN","md5":""}
max_by_if(JSON,VARCHAR,BOOLEAN)	JSON	Aggregate	VARBINARY	{"fid":"0","symbol":"","file":"","isolation":"isolated","type":"BUILTIN","md5":""}
max_by_if(LARGEINT,BIGINT,BOOLEAN)	LARGEINT	Aggregate	VARBINARY	{"fid":"0","symbol":"","file":"","isolation":"isolated","type":"BUILTIN","md5":""}
max_by_if(LARGEINT,BOOLEAN,BOOLEAN)	LARGEINT	Aggregate	VARBINARY	{"fid":"0","symbol":"","file":"","isolation":"isolated","type":"BUILTIN","md5":""}
max_by_if(LARGEINT,DATE,BOOLEAN)	LARGEINT	Aggregate	VARBINARY	{"fid":"0","symbol":"","file":"","isolation":"isolated","type":"BUILTIN","md5":""}
max_by_if(LARGEINT,DATETIME,BOOLEAN)	LARGEINT	Aggregate	VARBINARY	{"fid":"0","symbol":"","file":"","isolation":"isolated","type":"BUILTIN","md5":""}
max_by_if(LARGEINT,DECIMAL128,BOOLEAN)	LARGEINT	Aggregate	VARBINARY	{"fid":"0","symbol":"","file":"","isolation":"isolated","type":"BUILTIN","md5":""}
max_by_if(LARGEINT,DECIMAL256,BOOLEAN)	LARGEINT	Aggregate	VARBINARY	{"fid":"0","symbol":"","file":"","isolation":"isolated","type":"BUILTIN","md5":""}
max_by_if(LARGEINT,DECIMAL32,BOOLEAN)	LARGEINT	Aggregate	VARBINARY	{"fid":"0","symbol":"","file":"","isolation":"isolated","type":"BUILTIN","md5":""}
max_by_if(LARGEINT,DECIMAL64,BOOLEAN)	LARGEINT	Aggregate	VARBINARY	{"fid":"0","symbol":"","file":"","isolation":"isolated","type":"BUILTIN","md5":""}
max_by_if(LARGEINT,DOUBLE,BOOLEAN)	LARGEINT	Aggregate	VARBINARY	{"fid":"0","symbol":"","file":"","isolation":"isolated","type":"BUILTIN","md5":""}
max_by_if(LARGEINT,FLOAT,BOOLEAN)	LARGEINT	Aggregate	VARBINARY	{"fid":"0","symbol":"","file":"","isolation":"isolated","type":"BUILTIN","md5":""}
max_by_if(LARGEINT,INT,BOOLEAN)	LARGEINT	Aggregate	VARBINARY	{"fid":"0","symbol":"","file":"","isolation":"isolated","type":"BUILTIN","md5":""}
max_by_if(LARGEINT,LARGEINT,BOOLEAN)	LARGEINT	Aggregate	VARBINARY	{"fid":"0","symbol":"","file":"","isolation":"isolated","type":"BUILTIN","md5":""}
max_by_if(LARGEINT,SMALLINT,BOOLEAN)	LARGEINT	Aggregate	VARBINARY	{"fid":"0","symbol":"","file":"","isolation":"isolated","type":"BUILTIN","md5":""}
max_by_if(LARGEINT,TINYINT,BOOLEAN)	LARGEINT	Aggregate	VARBINARY	{"fid":"0","symbol":"","file":"","isolation":"isolated","type":"BUILTIN","md5":""}
max_by_if(LARGEINT,VARCHAR,BOOLEAN)	LARGEINT	Aggregate	VARBINARY	{"fid":"0","symbol":"","file":"","isolation":"isolated","type":"BUILTIN","md5":""}
max_by_if(SMALLINT,BIGINT,BOOLEAN)	SMALLINT	Aggregate	VARBINARY	{"fid":"0","symbol":"","file":"","isolation":"isolated","type":"BUILTIN","md5":""}
max_by_if(SMALLINT,BOOLEAN,BOOLEAN)	SMALLINT	Aggregate	VARBINARY	{"fid":"0","symbol":"","file":"","isolation":"isolated","type":"BUILTIN","md5":""}
max_by_if(SMALLINT,DATE,BOOLEAN)	SMALLINT	Aggregate	VARBINARY	{"fid":"0","symbol":"","file":"","isolation":"isolated","type":"BUILTIN","md5":""}
max_by_if(SMALLINT,DATETIME,BOOLEAN)	SMALLINT	Aggregate	VARBINARY	{"fid":"0","symbol":"","file":"","isolation":"isolated","type":"BUILTIN","md5":""}
max_by_if(SMALLINT,DECIMAL128,BOOLEAN)	SMALLINT	Aggregate	VARBINARY	{"fid":"0","symbol":"","file":"","isolation":"isolated","type":"BUILTIN","md5":""}
max_by_if(SMALLINT,DECIMAL256,BOOLEAN)	SMALLINT	Aggregate	VARBINARY	{"fid":"0","symbol":"","file":"","isolation":"isolated","type":"BUILTIN","md5":""}
max_by_if(SMALLINT,DECIMAL32,BOOLEAN)	SMALLINT	Aggregate	VARBINARY	{"fid":"0","symbol":"","file":"","isolation":"isolated","type":"BUILTIN","md5":""}
max_by_if(SMALLINT,DECIMAL64,BOOLEAN)	SMALLINT	Aggregate	VARBINARY	{"fid":"0","symbol":"","file":"","isolation":"isolated","type":"BUILTIN","md5":""}
max_by_if(SMALLINT,DOUBLE,BOOLEAN)	SMALLINT	Aggregate	VARBINARY	{"fid":"0","symbol":"","file":"","isolation":"isolated","type":"BUILTIN","md5":""}
max_by_if(SMALLINT,FLOAT,BOOLEAN)	SMALLINT	Aggregate	VARBINARY	{"fid":"0","symbol":"","file":"","isolation":"isolated","type":"BUILTIN","md5":""}
max_by_if(SMALLINT,INT,BOOLEAN)	SMALLINT	Aggregate	VARBINARY	{"fid":"0","symbol":"","file":"","isolation":"isolated","type":"BUILTIN","md5":""}
max_by_if(SMALLINT,LARGEINT,BOOLEAN)	SMALLINT	Aggregate	VARBINARY	{"fid":"0","symbol":"","file":"","isolation":"isolated","type":"BUILTIN","md5":""}
max_by_if(SMALLINT,SMALLINT,BOOLEAN)	SMALLINT	Aggregate	VARBINARY	{"fid":"0","symbol":"","file":"","isolation":"isolated","type":"BUILTIN","md5":""}
max_by_if(SMALLINT,TINYINT,BOOLEAN)	SMALLINT	Aggregate	VARBINARY	{"fid":"0","symbol":"","file":"","isolation":"isolated","type":"BUILTIN","md5":""}
max_by_if(SMALLINT,VARCHAR,BOOLEAN)	SMALLINT	Aggregate	VARBINARY	{"fid":"0","symbol":"","file":"","isolation":"isolated","type":"BUILTIN","md5":""}
max_by_if(TINYINT,BIGINT,BOOLEAN)	TINYINT	Aggregate	VARBINARY	{"fid":"0","symbol":"","file":"","isolation":"isolated","type":"BUILTIN","md5":""}
max_by_if(TINYINT,BOOLEAN,BOOLEAN)	TINYINT	Aggregate	VARBINARY	{"fid":"0","symbol":"","file":"","isolation":"isolated","type":"BUILTIN","md5":""}
max_by_if(TINYINT,DATE,BOOLEAN)	TINYINT	Aggregate	VARBINARY	{"fid":"0","symbol":"","file":"","isolation":"isolated","type":"BUILTIN","md5":""}
max_by_if(TINYINT,DATETIME,BOOLEAN)	TINYINT	Aggregate	VARBINARY	{"fid":"0","symbol":"","file":"","isolation":"isolated","type":"BUILTIN","md5":""}
max_by_if(TINYINT,DECIMAL128,BOOLEAN)	TINYINT	Aggregate	VARBINARY	{"fid":"0","symbol":"","file":"","isolation":"isolated","type":"BUILTIN","md5":""}
max_by_if(TINYINT,DECIMAL256,BOOLEAN)	TINYINT	Aggregate	VARBINARY	{"fid":"0","symbol":"","file":"","isolation":"isolated","type":"BUILTIN","md5":""}
max_by_if(TINYINT,DECIMAL32,BOOLEAN)	TINYINT	Aggregate	VARBINARY	{"fid":"0","symbol":"","file":"","isolation":"isolated","type":"BUILTIN","md5":""}
max_by_if(TINYINT,DECIMAL64,BOOLEAN)	TINYINT	Aggregate	VARBINARY	{"fid":"0","symbol":"","file":"","isolation":"isolated","type":"BUILTIN","md5":""}
max_by_if(TINYINT,DOUBLE,BOOLEAN)	TINYINT	Aggregate	VARBINARY	{"fid":"0","symbol":"","file":"","isolation":"isolated","type":"BUILTIN","md5":""}
max_by_if(TINYINT,FLOAT,BOOLEAN)	TINYINT	Aggregate	VARBINARY	{"fid":"0","symbol":"","file":"","isolation":"isolated","type":"BUILTIN","md5":""}
max_by_if(TINYINT,INT,BOOLEAN)	TINYINT	Aggregate	VARBINARY	{"fid":"0","symbol":"","file":"","isolation":"isolated","type":"BUILTIN","md5":""}
max_by_if(TINYINT,LARGEINT,BOOLEAN)	TINYINT	Aggregate	VARBINARY	{"fid":"0","symbol":"","file":"","isolation":"isolated","type":"BUILTIN","md5":""}
max_by_if(TINYINT,SMALLINT,BOOLEAN)	TINYINT	Aggregate	VARBINARY	{"fid":"0","symbol":"","file":"","isolation":"isolated","type":"BUILTIN","md5":""}
max_by_if(TINYINT,TINYINT,BOOLEAN)	TINYINT	Aggregate	VARBINARY	{"fid":"0","symbol":"","file":"","isolation":"isolated","type":"BUILTIN","md5":""}
max_by_if(TINYINT,VARCHAR,BOOLEAN)	TINYINT	Aggregate	VARBINARY	{"fid":"0","symbol":"","file":"","isolation":"isolated","type":"BUILTIN","md5":""}
max_by_if(VARCHAR,BIGINT,BOOLEAN)	VARCHAR	Aggregate	VARBINARY	{"fid":"0","symbol":"","file":"","isolation":"isolated","type":"BUILTIN","md5":""}
max_by_if(VARCHAR,BOOLEAN,BOOLEAN)	VARCHAR	Aggregate	VARBINARY	{"fid":"0","symbol":"","file":"","isolation":"isolated","type":"BUILTIN","md5":""}
max_by_if(VARCHAR,DATE,BOOLEAN)	VARCHAR	Aggregate	VARBINARY	{"fid":"0","symbol":"","file":"","isolation":"isolated","type":"BUILTIN","md5":""}
max_by_if(VARCHAR,DATETIME,BOOLEAN)	VARCHAR	Aggregate	VARBINARY	{"fid":"0","symbol":"","file":"","isolation":"isolated","type":"BUILTIN","md5":""}
max_by_if(VARCHAR,DECIMAL128,BOOLEAN)	VARCHAR	Aggregate	VARBINARY	{"fid":"0","symbol":"","file":"","isolation":"isolated","type":"BUILTIN","md5":""}
max_by_if(VARCHAR,DECIMAL256,BOOLEAN)	VARCHAR	Aggregate	VARBINARY	{"fid":"0","symbol":"","file":"","isolation":"isolated","type":"BUILTIN","md5":""}
max_by_if(VARCHAR,DECIMAL32,BOOLEAN)	VARCHAR	Aggregate	VARBINARY	{"fid":"0","symbol":"","file":"","isolation":"isolated","type":"BUILTIN","md5":""}
max_by_if(VARCHAR,DECIMAL64,BOOLEAN)	VARCHAR	Aggregate	VARBINARY	{"fid":"0","symbol":"","file":"","isolation":"isolated","type":"BUILTIN","md5":""}
max_by_if(VARCHAR,DOUBLE,BOOLEAN)	VARCHAR	Aggregate	VARBINARY	{"fid":"0","symbol":"","file":"","isolation":"isolated","type":"BUILTIN","md5":""}
max_by_if(VARCHAR,FLOAT,BOOLEAN)	VARCHAR	Aggregate	VARBINARY	{"fid":"0","symbol":"","file":"","isolation":"isolated","type":"BUILTIN","md5":""}
max_by_if(VARCHAR,INT,BOOLEAN)	VARCHAR	Aggregate	VARBINARY	{"fid":"0","symbol":"","file":"","isolation":"isolated","type":"BUILTIN","md5":""}
max_by_if(VARCHAR,LARGEINT,BOOLEAN)	VARCHAR	Aggregate	VARBINARY	{"fid":"0","symbol":"","file":"","isolation":"isolated","type":"BUILTIN","md5":""}
max_by_if(VARCHAR,SMALLINT,BOOLEAN)	VARCHAR	Aggregate	VARBINARY	{"fid":"0","symbol":"","file":"","isolation":"isolated","type":"BUILTIN","md5":""}
max_by_if(VARCHAR,TINYINT,BOOLEAN)	VARCHAR	Aggregate	VARBINARY	{"fid":"0","symbol":"","file":"","isolation":"isolated","type":"BUILTIN","md5":""}
max_by_if(VARCHAR,VARCHAR,BOOLEAN)	VARCHAR	Aggregate	VARBINARY	{"fid":"0","symbol":"","file":"","isolation":"isolated","type":"BUILTIN","md5":""}
max_by_if(VARIANT,BIGINT,BOOLEAN)	VARIANT	Aggregate	VARBINARY	{"fid":"0","symbol":"","file":"","isolation":"isolated","type":"BUILTIN","md5":""}
max_by_if(VARIANT,BOOLEAN,BOOLEAN)	VARIANT	Aggregate	VARBINARY	{"fid":"0","symbol":"","file":"","isolation":"isolated","type":"BUILTIN","md5":""}
max_by_if(VARIANT,DATE,BOOLEAN)	VARIANT	Aggregate	VARBINARY	{"fid":"0","symbol":"","file":"","isolation":"isolated","type":"BUILTIN","md5":""}
max_by_if(VARIANT,DATETIME,BOOLEAN)	VARIANT	Aggregate	VARBINARY	{"fid":"0","symbol":"","file":"","isolation":"isolated","type":"BUILTIN","md5":""}
max_by_if(VARIANT,DECIMAL128,BOOLEAN)	VARIANT	Aggregate	VARBINARY	{"fid":"0","symbol":"","file":"","isolation":"isolated","type":"BUILTIN","md5":""}
max_by_if(VARIANT,DECIMAL256,BOOLEAN)	VARIANT	Aggregate	VARBINARY	{"fid":"0","symbol":"","file":"","isolation":"isolated","type":"BUILTIN","md5":""}
max_by_if(VARIANT,DECIMAL32,BOOLEAN)	VARIANT	Aggregate	VARBINARY	{"fid":"0","symbol":"","file":"","isolation":"isolated","type":"BUILTIN","md5":""}
max_by_if(VARIANT,DECIMAL64,BOOLEAN)	VARIANT	Aggregate	VARBINARY	{"fid":"0","symbol":"","file":"","isolation":"isolated","type":"BUILTIN","md5":""}
max_by_if(VARIANT,DOUBLE,BOOLEAN)	VARIANT	Aggregate	VARBINARY	{"fid":"0","symbol":"","file":"","isolation":"isolated","type":"BUILTIN","md5":""}
max_by_if(VARIANT,FLOAT,BOOLEAN)	VARIANT	Aggregate	VARBINARY	{"fid":"0","symbol":"","file":"","isolation":"isolated","type":"BUILTIN","md5":""}
max_by_if(VARIANT,INT,BOOLEAN)	VARIANT	Aggregate	VARBINARY	{"fid":"0","symbol":"","file":"","isolation":"isolated","type":"BUILTIN","md5":""}
max_by_if(VARIANT,LARGEINT,BOOLEAN)	VARIANT	Aggregate	VARBINARY	{"fid":"0","symbol":"","file":"","isolation":"isolated","type":"BUILTIN","md5":""}
max_by_if(VARIANT,SMALLINT,BOOLEAN)	VARIANT	Aggregate	VARBINARY	{"fid":"0","symbol":"","file":"","isolation":"isolated","type":"BUILTIN","md5":""}
max_by_if(VARIANT,TINYINT,BOOLEAN)	VARIANT	Aggregate	VARBINARY	{"fid":"0","symbol":"","file":"","isolation":"isolated","type":"BUILTIN","md5":""}
max_by_if(VARIANT,VARCHAR,BOOLEAN)	VARIANT	Aggregate	VARBINARY	{"fid":"0","symbol":"","file":"","isolation":"isolated","type":"BUILTIN","md5":""}
max_by_merge(VARBINARY)	BOOLEAN	Aggregate	VARBINARY	{"fid":"0","symbol":"","file":"","isolation":"isolated","type":"BUILTIN","md5":""}
max_by_state(BIGINT,BIGINT)	VARBINARY	Scalar	NULL	{"fid":"0","symbol":"","file":"","isolation":"isolated","type":"BUILTIN","md5":""}
max_by_state(BIGINT,BOOLEAN)	VARBINARY	Scalar	NULL	{"fid":"0","symbol":"","file":"","isolation":"isolated","type":"BUILTIN","md5":""}
max_by_state(BIGINT,DATE)	VARBINARY	Scalar	NULL	{"fid":"0","symbol":"","file":"","isolation":"isolated","type":"BUILTIN","md5":""}
max_by_state(BIGINT,DATETIME)	VARBINARY	Scalar	NULL	{"fid":"0","symbol":"","file":"","isolation":"isolated","type":"BUILTIN","md5":""}
max_by_state(BIGINT,DECIMAL128)	VARBINARY	Scalar	NULL	{"fid":"0","symbol":"","file":"","isolation":"isolated","type":"BUILTIN","md5":""}
max_by_state(BIGINT,DECIMAL256)	VARBINARY	Scalar	NULL	{"fid":"0","symbol":"","file":"","isolation":"isolated","type":"BUILTIN","md5":""}
max_by_state(BIGINT,DECIMAL32)	VARBINARY	Scalar	NULL	{"fid":"0","symbol":"","file":"","isolation":"isolated","type":"BUILTIN","md5":""}
max_by_state(BIGINT,DECIMAL64)	VARBINARY	Scalar	NULL	{"fid":"0","symbol":"","file":"","isolation":"isolated","type":"BUILTIN","md5":""}
max_by_state(BIGINT,DOUBLE)	VARBINARY	Scalar	NULL	{"fid":"0","symbol":"","file":"","isolation":"isolated","type":"BUILTIN","md5":""}
max_by_state(BIGINT,FLOAT)	VARBINARY	Scalar	NULL	{"fid":"0","symbol":"","file":"","isolation":"isolated","type":"BUILTIN","md5":""}
max_by_state(BIGINT,INT)	VARBINARY	Scalar	NULL	{"fid":"0","symbol":"","file":"","isolation":"isolated","type":"BUILTIN","md5":""}
max_by_state(BIGINT,LARGEINT)	VARBINARY	Scalar	NULL	{"fid":"0","symbol":"","file":"","isolation":"isolated","type":"BUILTIN","md5":""}
max_by_state(BIGINT,SMALLINT)	VARBINARY	Scalar	NULL	{"fid":"0","symbol":"","file":"","isolation":"isolated","type":"BUILTIN","md5":""}
max_by_state(BIGINT,TINYINT)	VARBINARY	Scalar	NULL	{"fid":"0","symbol":"","file":"","isolation":"isolated","type":"BUILTIN","md5":""}
max_by_state(BIGINT,VARCHAR)	VARBINARY	Scalar	NULL	{"fid":"0","symbol":"","file":"","isolation":"isolated","type":"BUILTIN","md5":""}
max_by_state(BOOLEAN,BIGINT)	VARBINARY	Scalar	NULL	{"fid":"0","symbol":"","file":"","isolation":"isolated","type":"BUILTIN","md5":""}
max_by_state(BOOLEAN,BOOLEAN)	VARBINARY	Scalar	NULL	{"fid":"0","symbol":"","file":"","isolation":"isolated","type":"BUILTIN","md5":""}
max_by_state(BOOLEAN,DATE)	VARBINARY	Scalar	NULL	{"fid":"0","symbol":"","file":"","isolation":"isolated","type":"BUILTIN","md5":""}
max_by_state(BOOLEAN,DATETIME)	VARBINARY	Scalar	NULL	{"fid":"0","symbol":"","file":"","isolation":"isolated","type":"BUILTIN","md5":""}
max_by_state(BOOLEAN,DECIMAL128)	VARBINARY	Scalar	NULL	{"fid":"0","symbol":"","file":"","isolation":"isolated","type":"BUILTIN","md5":""}
max_by_state(BOOLEAN,DECIMAL256)	VARBINARY	Scalar	NULL	{"fid":"0","symbol":"","file":"","isolation":"isolated","type":"BUILTIN","md5":""}
max_by_state(BOOLEAN,DECIMAL32)	VARBINARY	Scalar	NULL	{"fid":"0","symbol":"","file":"","isolation":"isolated","type":"BUILTIN","md5":""}
max_by_state(BOOLEAN,DECIMAL64)	VARBINARY	Scalar	NULL	{"fid":"0","symbol":"","file":"","isolation":"isolated","type":"BUILTIN","md5":""}
max_by_state(BOOLEAN,DOUBLE)	VARBINARY	Scalar	NULL	{"fid":"0","symbol":"","file":"","isolation":"isolated","type":"BUILTIN","md5":""}
max_by_state(BOOLEAN,FLOAT)	VARBINARY	Scalar	NULL	{"fid":"0","symbol":"","file":"","isolation":"isolated","type":"BUILTIN","md5":""}
max_by_state(BOOLEAN,INT)	VARBINARY	Scalar	NULL	{"fid":"0","symbol":"","file":"","isolation":"isolated","type":"BUILTIN","md5":""}
max_by_state(BOOLEAN,LARGEINT)	VARBINARY	Scalar	NULL	{"fid":"0","symbol":"","file":"","isolation":"isolated","type":"BUILTIN","md5":""}
max_by_state(BOOLEAN,SMALLINT)	VARBINARY	Scalar	NULL	{"fid":"0","symbol":"","file":"","isolation":"isolated","type":"BUILTIN","md5":""}
max_by_state(BOOLEAN,TINYINT)	VARBINARY	Scalar	NULL	{"fid":"0","symbol":"","file":"","isolation":"isolated","type":"BUILTIN","md5":""}
max_by_state(BOOLEAN,VARCHAR)	VARBINARY	Scalar	NULL	{"fid":"0","symbol":"","file":"","isolation":"isolated","type":"BUILTIN","md5":""}
max_by_state(DATE,BIGINT)	VARBINARY	Scalar	NULL	{"fid":"0","symbol":"","file":"","isolation":"isolated","type":"BUILTIN","md5":""}
max_by_state(DATE,BOOLEAN)	VARBINARY	Scalar	NULL	{"fid":"0","symbol":"","file":"","isolation":"isolated","type":"BUILTIN","md5":""}
max_by_state(DATE,DATE)	VARBINARY	Scalar	NULL	{"fid":"0","symbol":"","file":"","isolation":"isolated","type":"BUILTIN","md5":""}
max_by_state(DATE,DATETIME)	VARBINARY	Scalar	NULL	{"fid":"0","symbol":"","file":"","isolation":"isolated","type":"BUILTIN","md5":""}
max_by_state(DATE,DECIMAL128)	VARBINARY	Scalar	NULL	{"fid":"0","symbol":"","file":"","isolation":"isolated","type":"BUILTIN","md5":""}
max_by_state(DATE,DECIMAL256)	VARBINARY	Scalar	NULL	{"fid":"0","symbol":"","file":"","isolation":"isolated","type":"BUILTIN","md5":""}
max_by_state(DATE,DECIMAL32)	VARBINARY	Scalar	NULL	{"fid":"0","symbol":"","file":"","isolation":"isolated","type":"BUILTIN","md5":""}
max_by_state(DATE,DECIMAL64)	VARBINARY	Scalar	NULL	{"fid":"0","symbol":"","file":"","isolation":"isolated","type":"BUILTIN","md5":""}
max_by_state(DATE,DOUBLE)	VARBINARY	Scalar	NULL	{"fid":"0","symbol":"","file":"","isolation":"isolated","type":"BUILTIN","md5":""}
max_by_state(DATE,FLOAT)	VARBINARY	Scalar	NULL	{"fid":"0","symbol":"","file":"","isolation":"isolated","type":"BUILTIN","md5":""}
max_by_state(DATE,INT)	VARBINARY	Scalar	NULL	{"fid":"0","symbol":"","file":"","isolation":"isolated","type":"BUILTIN","md5":""}
max_by_state(DATE,LARGEINT)	VARBINARY	Scalar	NULL	{"fid":"0","symbol":"","file":"","isolation":"isolated","type":"BUILTIN","md5":""}
max_by_state(DATE,SMALLINT)	VARBINARY	Scalar	NULL	{"fid":"0","symbol":"","file":"","isolation":"isolated","type":"BUILTIN","md5":""}
max_by_state(DATE,TINYINT)	VARBINARY	Scalar	NULL	{"fid":"0","symbol":"","file":"","isolation":"isolated","type":"BUILTIN","md5":""}
max_by_state(DATE,VARCHAR)	VARBINARY	Scalar	NULL	{"fid":"0","symbol":"","file":"","isolation":"isolated","type":"BUILTIN","md5":""}
max_by_state(DATETIME,BIGINT)	VARBINARY	Scalar	NULL	{"fid":"0","symbol":"","file":"","isolation":"isolated","type":"BUILTIN","md5":""}
max_by_state(DATETIME,BOOLEAN)	VARBINARY	Scalar	NULL	{"fid":"0","symbol":"","file":"","isolation":"isolated","type":"BUILTIN","md5":""}
max_by_state(DATETIME,DATE)	VARBINARY	Scalar	NULL	{"fid":"0","symbol":"","file":"","isolation":"isolated","type":"BUILTIN","md5":""}
max_by_state(DATETIME,DATETIME)	VARBINARY	Scalar	NULL	{"fid":"0","symbol":"","file":"","isolation":"isolated","type":"BUILTIN","md5":""}
max_by_state(DATETIME,DECIMAL128)	VARBINARY	Scalar	NULL	{"fid":"0","symbol":"","file":"","isolation":"isolated","type":"BUILTIN","md5":""}
max_by_state(DATETIME,DECIMAL256)	VARBINARY	Scalar	NULL	{"fid":"0","symbol":"","file":"","isolation":"isolated","type":"BUILTIN","md5":""}
max_by_state(DATETIME,DECIMAL32)	VARBINARY	Scalar	NULL	{"fid":"0","symbol":"","file":"","isolation":"isolated","type":"BUILTIN","md5":""}
max_by_state(DATETIME,DECIMAL64)	VARBINARY	Scalar	NULL	{"fid":"0","symbol":"","file":"","isolation":"isolated","type":"BUILTIN","md5":""}
max_by_state(DATETIME,DOUBLE)	VARBINARY	Scalar	NULL	{"fid":"0","symbol":"","file":"","isolation":"isolated","type":"BUILTIN","md5":""}
max_by_state(DATETIME,FLOAT)	VARBINARY	Scalar	NULL	{"fid":"0","symbol":"","file":"","isolation":"isolated","type":"BUILTIN","md5":""}
max_by_state(DATETIME,INT)	VARBINARY	Scalar	NULL	{"fid":"0","symbol":"","file":"","isolation":"isolated","type":"BUILTIN","md5":""}
max_by_state(DATETIME,LARGEINT)	VARBINARY	Scalar	NULL	{"fid":"0","symbol":"","file":"","isolation":"isolated","type":"BUILTIN","md5":""}
max_by_state(DATETIME,SMALLINT)	VARBINARY	Scalar	NULL	{"fid":"0","symbol":"","file":"","isolation":"isolated","type":"BUILTIN","md5":""}
max_by_state(DATETIME,TINYINT)	VARBINARY	Scalar	NULL	{"fid":"0","symbol":"","file":"","isolation":"isolated","type":"BUILTIN","md5":""}
max_by_state(DATETIME,VARCHAR)	VARBINARY	Scalar	NULL	{"fid":"0","symbol":"","file":"","isolation":"isolated","type":"BUILTIN","md5":""}
max_by_state(DECIMAL128,BIGINT)	VARBINARY	Scalar	NULL	{"fid":"0","symbol":"","file":"","isolation":"isolated","type":"BUILTIN","md5":""}
max_by_state(DECIMAL128,BOOLEAN)	VARBINARY	Scalar	NULL	{"fid":"0","symbol":"","file":"","isolation":"isolated","type":"BUILTIN","md5":""}
max_by_state(DECIMAL128,DATE)	VARBINARY	Scalar	NULL	{"fid":"0","symbol":"","file":"","isolation":"isolated","type":"BUILTIN","md5":""}
max_by_state(DECIMAL128,DATETIME)	VARBINARY	Scalar	NULL	{"fid":"0","symbol":"","file":"","isolation":"isolated","type":"BUILTIN","md5":""}
max_by_state(DECIMAL128,DECIMAL128)	VARBINARY	Scalar	NULL	{"fid":"0","symbol":"","file":"","isolation":"isolated","type":"BUILTIN","md5":""}
max_by_state(DECIMAL128,DECIMAL256)	VARBINARY	Scalar	NULL	{"fid":"0","symbol":"","file":"","isolation":"isolated","type":"BUILTIN","md5":""}
max_by_state(DECIMAL128,DECIMAL32)	VARBINARY	Scalar	NULL	{"fid":"0","symbol":"","file":"","isolation":"isolated","type":"BUILTIN","md5":""}
max_by_state(DECIMAL128,DECIMAL64)	VARBINARY	Scalar	NULL	{"fid":"0","symbol":"","file":"","isolation":"isolated","type":"BUILTIN","md5":""}
max_by_state(DECIMAL128,DOUBLE)	VARBINARY	Scalar	NULL	{"fid":"0","symbol":"","file":"","isolation":"isolated","type":"BUILTIN","md5":""}
max_by_state(DECIMAL128,FLOAT)	VARBINARY	Scalar	NULL	{"fid":"0","symbol":"","file":"","isolation":"isolated","type":"BUILTIN","md5":""}
max_by_state(DECIMAL128,INT)	VARBINARY	Scalar	NULL	{"fid":"0","symbol":"","file":"","isolation":"isolated","type":"BUILTIN","md5":""}
max_by_state(DECIMAL128,LARGEINT)	VARBINARY	Scalar	NULL	{"fid":"0","symbol":"","file":"","isolation":"isolated","type":"BUILTIN","md5":""}
max_by_state(DECIMAL128,SMALLINT)	VARBINARY	Scalar	NULL	{"fid":"0","symbol":"","file":"","isolation":"isolated","type":"BUILTIN","md5":""}
max_by_state(DECIMAL128,TINYINT)	VARBINARY	Scalar	NULL	{"fid":"0","symbol":"","file":"","isolation":"isolated","type":"BUILTIN","md5":""}
max_by_state(DECIMAL128,VARCHAR)	VARBINARY	Scalar	NULL	{"fid":"0","symbol":"","file":"","isolation":"isolated","type":"BUILTIN","md5":""}
max_by_state(DECIMAL256,BIGINT)	VARBINARY	Scalar	NULL	{"fid":"0","symbol":"","file":"","isolation":"isolated","type":"BUILTIN","md5":""}
max_by_state(DECIMAL256,BOOLEAN)	VARBINARY	Scalar	NULL	{"fid":"0","symbol":"","file":"","isolation":"isolated","type":"BUILTIN","md5":""}
max_by_state(DECIMAL256,DATE)	VARBINARY	Scalar	NULL	{"fid":"0","symbol":"","file":"","isolation":"isolated","type":"BUILTIN","md5":""}
max_by_state(DECIMAL256,DATETIME)	VARBINARY	Scalar	NULL	{"fid":"0","symbol":"","file":"","isolation":"isolated","type":"BUILTIN","md5":""}
max_by_state(DECIMAL256,DECIMAL128)	VARBINARY	Scalar	NULL	{"fid":"0","symbol":"","file":"","isolation":"isolated","type":"BUILTIN","md5":""}
max_by_state(DECIMAL256,DECIMAL256)	VARBINARY	Scalar	NULL	{"fid":"0","symbol":"","file":"","isolation":"isolated","type":"BUILTIN","md5":""}
max_by_state(DECIMAL256,DECIMAL32)	VARBINARY	Scalar	NULL	{"fid":"0","symbol":"","file":"","isolation":"isolated","type":"BUILTIN","md5":""}
max_by_state(DECIMAL256,DECIMAL64)	VARBINARY	Scalar	NULL	{"fid":"0","symbol":"","file":"","isolation":"isolated","type":"BUILTIN","md5":""}
max_by_state(DECIMAL256,DOUBLE)	VARBINARY	Scalar	NULL	{"fid":"0","symbol":"","file":"","isolation":"isolated","type":"BUILTIN","md5":""}
max_by_state(DECIMAL256,FLOAT)	VARBINARY	Scalar	NULL	{"fid":"0","symbol":"","file":"","isolation":"isolated","type":"BUILTIN","md5":""}
max_by_state(DECIMAL256,INT)	VARBINARY	Scalar	NULL	{"fid":"0","symbol":"","file":"","isolation":"isolated","type":"BUILTIN","md5":""}
max_by_state(DECIMAL256,LARGEINT)	VARBINARY	Scalar	NULL	{"fid":"0","symbol":"","file":"","isolation":"isolated","type":"BUILTIN","md5":""}
max_by_state(DECIMAL256,SMALLINT)	VARBINARY	Scalar	NULL	{"fid":"0","symbol":"","file":"","isolation":"isolated","type":"BUILTIN","md5":""}
max_by_state(DECIMAL256,TINYINT)	VARBINARY	Scalar	NULL	{"fid":"0","symbol":"","file":"","isolation":"isolated","type":"BUILTIN","md5":""}
max_by_state(DECIMAL256,VARCHAR)	VARBINARY	Scalar	NULL	{"fid":"0","symbol":"","file":"","isolation":"isolated","type":"BUILTIN","md5":""}
max_by_state(DECIMAL32,BIGINT)	VARBINARY	Scalar	NULL	{"fid":"0","symbol":"","file":"","isolation":"isolated","type":"BUILTIN","md5":""}
max_by_state(DECIMAL32,BOOLEAN)	VARBINARY	Scalar	NULL	{"fid":"0","symbol":"","file":"","isolation":"isolated","type":"BUILTIN","md5":""}
max_by_state(DECIMAL32,DATE)	VARBINARY	Scalar	NULL	{"fid":"0","symbol":"","file":"","isolation":"isolated","type":"BUILTIN","md5":""}
max_by_state(DECIMAL32,DATETIME)	VARBINARY	Scalar	NULL	{"fid":"0","symbol":"","file":"","isolation":"isolated","type":"BUILTIN","md5":""}
max_by_state(DECIMAL32,DECIMAL128)	VARBINARY	Scalar	NULL	{"fid":"0","symbol":"","file":"","isolation":"isolated","type":"BUILTIN","md5":""}
max_by_state(DECIMAL32,DECIMAL256)	VARBINARY	Scalar	NULL	{"fid":"0","symbol":"","file":"","isolation":"isolated","type":"BUILTIN","md5":""}
max_by_state(DECIMAL32,DECIMAL32)	VARBINARY	Scalar	NULL	{"fid":"0","symbol":"","file":"","isolation":"isolated","type":"BUILTIN","md5":""}
max_by_state(DECIMAL32,DECIMAL64)	VARBINARY	Scalar	NULL	{"fid":"0","symbol":"","file":"","isolation":"isolated","type":"BUILTIN","md5":""}
max_by_state(DECIMAL32,DOUBLE)	VARBINARY	Scalar	NULL	{"fid":"0","symbol":"","file":"","isolation":"isolated","type":"BUILTIN","md5":""}
max_by_state(DECIMAL32,FLOAT)	VARBINARY	Scalar	NULL	{"fid":"0","symbol":"","file":"","isolation":"isolated","type":"BUILTIN","md5":""}
max_by_state(DECIMAL32,INT)	VARBINARY	Scalar	NULL	{"fid":"0","symbol":"","file":"","isolation":"isolated","type":"BUILTIN","md5":""}
max_by_state(DECIMAL32,LARGEINT)	VARBINARY	Scalar	NULL	{"fid":"0","symbol":"","file":"","isolation":"isolated","type":"BUILTIN","md5":""}
max_by_state(DECIMAL32,SMALLINT)	VARBINARY	Scalar	NULL	{"fid":"0","symbol":"","file":"","isolation":"isolated","type":"BUILTIN","md5":""}
max_by_state(DECIMAL32,TINYINT)	VARBINARY	Scalar	NULL	{"fid":"0","symbol":"","file":"","isolation":"isolated","type":"BUILTIN","md5":""}
max_by_state(DECIMAL32,VARCHAR)	VARBINARY	Scalar	NULL	{"fid":"0","symbol":"","file":"","isolation":"isolated","type":"BUILTIN","md5":""}
max_by_state(DECIMAL64,BIGINT)	VARBINARY	Scalar	NULL	{"fid":"0","symbol":"","file":"","isolation":"isolated","type":"BUILTIN","md5":""}
max_by_state(DECIMAL64,BOOLEAN)	VARBINARY	Scalar	NULL	{"fid":"0","symbol":"","file":"","isolation":"isolated","type":"BUILTIN","md5":""}
max_by_state(DECIMAL64,DATE)	VARBINARY	Scalar	NULL	{"fid":"0","symbol":"","file":"","isolation":"isolated","type":"BUILTIN","md5":""}
max_by_state(DECIMAL64,DATETIME)	VARBINARY	Scalar	NULL	{"fid":"0","symbol":"","file":"","isolation":"isolated","type":"BUILTIN","md5":""}
max_by_state(DECIMAL64,DECIMAL128)	VARBINARY	Scalar	NULL	{"fid":"0","symbol":"","file":"","isolation":"isolated","type":"BUILTIN","md5":""}
max_by_state(DECIMAL64,DECIMAL256)	VARBINARY	Scalar	NULL	{"fid":"0","symbol":"","file":"","isolation":"isolated","type":"BUILTIN","md5":""}
max_by_state(DECIMAL64,DECIMAL32)	VARBINARY	Scalar	NULL	{"fid":"0","symbol":"","file":"","isolation":"isolated","type":"BUILTIN","md5":""}
max_by_state(DECIMAL64,DECIMAL64)	VARBINARY	Scalar	NULL	{"fid":"0","symbol":"","file":"","isolation":"isolated","type":"BUILTIN","md5":""}
max_by_state(DECIMAL64,DOUBLE)	VARBINARY	Scalar	NULL	{"fid":"0","symbol":"","file":"","isolation":"isolated","type":"BUILTIN","md5":""}
max_by_state(DECIMAL64,FLOAT)	VARBINARY	Scalar	NULL	{"fid":"0","symbol":"","file":"","isolation":"isolated","type":"BUILTIN","md5":""}
max_by_state(DECIMAL64,INT)	VARBINARY	Scalar	NULL	{"fid":"0","symbol":"","file":"","isolation":"isolated","type":"BUILTIN","md5":""}
max_by_state(DECIMAL64,LARGEINT)	VARBINARY	Scalar	NULL	{"fid":"0","symbol":"","file":"","isolation":"isolated","type":"BUILTIN","md5":""}
max_by_state(DECIMAL64,SMALLINT)	VARBINARY	Scalar	NULL	{"fid":"0","symbol":"","file":"","isolation":"isolated","type":"BUILTIN","md5":""}
max_by_state(DECIMAL64,TINYINT)	VARBINARY	Scalar	NULL	{"fid":"0","symbol":"","file":"","isolation":"isolated","type":"BUILTIN","md5":""}
max_by_state(DECIMAL64,VARCHAR)	VARBINARY	Scalar	NULL	{"fid":"0","symbol":"","file":"","isolation":"isolated","type":"BUILTIN","md5":""}
max_by_state(DOUBLE,BIGINT)	VARBINARY	Scalar	NULL	{"fid":"0","symbol":"","file":"","isolation":"isolated","type":"BUILTIN","md5":""}
max_by_state(DOUBLE,BOOLEAN)	VARBINARY	Scalar	NULL	{"fid":"0","symbol":"","file":"","isolation":"isolated","type":"BUILTIN","md5":""}
max_by_state(DOUBLE,DATE)	VARBINARY	Scalar	NULL	{"fid":"0","symbol":"","file":"","isolation":"isolated","type":"BUILTIN","md5":""}
max_by_state(DOUBLE,DATETIME)	VARBINARY	Scalar	NULL	{"fid":"0","symbol":"","file":"","isolation":"isolated","type":"BUILTIN","md5":""}
max_by_state(DOUBLE,DECIMAL128)	VARBINARY	Scalar	NULL	{"fid":"0","symbol":"","file":"","isolation":"isolated","type":"BUILTIN","md5":""}
max_by_state(DOUBLE,DECIMAL256)	VARBINARY	Scalar	NULL	{"fid":"0","symbol":"","file":"","isolation":"isolated","type":"BUILTIN","md5":""}
max_by_state(DOUBLE,DECIMAL32)	VARBINARY	Scalar	NULL	{"fid":"0","symbol":"","file":"","isolation":"isolated","type":"BUILTIN","md5":""}
max_by_state(DOUBLE,DECIMAL64)	VARBINARY	Scalar	NULL	{"fid":"0","symbol":"","file":"","isolation":"isolated","type":"BUILTIN","md5":""}
max_by_state(DOUBLE,DOUBLE)	VARBINARY	Scalar	NULL	{"fid":"0","symbol":"","file":"","isolation":"isolated","type":"BUILTIN","md5":""}
max_by_state(DOUBLE,FLOAT)	VARBINARY	Scalar	NULL	{"fid":"0","symbol":"","file":"","isolation":"isolated","type":"BUILTIN","md5":""}
max_by_state(DOUBLE,INT)	VARBINARY	Scalar	NULL	{"fid":"0","symbol":"","file":"","isolation":"isolated","type":"BUILTIN","md5":""}
max_by_state(DOUBLE,LARGEINT)	VARBINARY	Scalar	NULL	{"fid":"0","symbol":"","file":"","isolation":"isolated","type":"BUILTIN","md5":""}
max_by_state(DOUBLE,SMALLINT)	VARBINARY	Scalar	NULL	{"fid":"0","symbol":"","file":"","isolation":"isolated","type":"BUILTIN","md5":""}
max_by_state(DOUBLE,TINYINT)	VARBINARY	Scalar	NULL	{"fid":"0","symbol":"","file":"","isolation":"isolated","type":"BUILTIN","md5":""}
max_by_state(DOUBLE,VARCHAR)	VARBINARY	Scalar	NULL	{"fid":"0","symbol":"","file":"","isolation":"isolated","type":"BUILTIN","md5":""}
max_by_state(FLOAT,BIGINT)	VARBINARY	Scalar	NULL	{"fid":"0","symbol":"","file":"","isolation":"isolated","type":"BUILTIN","md5":""}
max_by_state(FLOAT,BOOLEAN)	VARBINARY	Scalar	NULL	{"fid":"0","symbol":"","file":"","isolation":"isolated","type":"BUILTIN","md5":""}
max_by_state(FLOAT,DATE)	VARBINARY	Scalar	NULL	{"fid":"0","symbol":"","file":"","isolation":"isolated","type":"BUILTIN","md5":""}
max_by_state(FLOAT,DATETIME)	VARBINARY	Scalar	NULL	{"fid":"0","symbol":"","file":"","isolation":"isolated","type":"BUILTIN","md5":""}
max_by_state(FLOAT,DECIMAL128)	VARBINARY	Scalar	NULL	{"fid":"0","symbol":"","file":"","isolation":"isolated","type":"BUILTIN","md5":""}
max_by_state(FLOAT,DECIMAL256)	VARBINARY	Scalar	NULL	{"fid":"0","symbol":"","file":"","isolation":"isolated","type":"BUILTIN","md5":""}
max_by_state(FLOAT,DECIMAL32)	VARBINARY	Scalar	NULL	{"fid":"0","symbol":"","file":"","isolation":"isolated","type":"BUILTIN","md5":""}
max_by_state(FLOAT,DECIMAL64)	VARBINARY	Scalar	NULL	{"fid":"0","symbol":"","file":"","isolation":"isolated","type":"BUILTIN","md5":""}
max_by_state(FLOAT,DOUBLE)	VARBINARY	Scalar	NULL	{"fid":"0","symbol":"","file":"","isolation":"isolated","type":"BUILTIN","md5":""}
max_by_state(FLOAT,FLOAT)	VARBINARY	Scalar	NULL	{"fid":"0","symbol":"","file":"","isolation":"isolated","type":"BUILTIN","md5":""}
max_by_state(FLOAT,INT)	VARBINARY	Scalar	NULL	{"fid":"0","symbol":"","file":"","isolation":"isolated","type":"BUILTIN","md5":""}
max_by_state(FLOAT,LARGEINT)	VARBINARY	Scalar	NULL	{"fid":"0","symbol":"","file":"","isolation":"isolated","type":"BUILTIN","md5":""}
max_by_state(FLOAT,SMALLINT)	VARBINARY	Scalar	NULL	{"fid":"0","symbol":"","file":"","isolation":"isolated","type":"BUILTIN","md5":""}
max_by_state(FLOAT,TINYINT)	VARBINARY	Scalar	NULL	{"fid":"0","symbol":"","file":"","isolation":"isolated","type":"BUILTIN","md5":""}
max_by_state(FLOAT,VARCHAR)	VARBINARY	Scalar	NULL	{"fid":"0","symbol":"","file":"","isolation":"isolated","type":"BUILTIN","md5":""}
max_by_state(INT,BIGINT)	VARBINARY	Scalar	NULL	{"fid":"0","symbol":"","file":"","isolation":"isolated","type":"BUILTIN","md5":""}
max_by_state(INT,BOOLEAN)	VARBINARY	Scalar	NULL	{"fid":"0","symbol":"","file":"","isolation":"isolated","type":"BUILTIN","md5":""}
max_by_state(INT,DATE)	VARBINARY	Scalar	NULL	{"fid":"0","symbol":"","file":"","isolation":"isolated","type":"BUILTIN","md5":""}
max_by_state(INT,DATETIME)	VARBINARY	Scalar	NULL	{"fid":"0","symbol":"","file":"","isolation":"isolated","type":"BUILTIN","md5":""}
max_by_state(INT,DECIMAL128)	VARBINARY	Scalar	NULL	{"fid":"0","symbol":"","file":"","isolation":"isolated","type":"BUILTIN","md5":""}
max_by_state(INT,DECIMAL256)	VARBINARY	Scalar	NULL	{"fid":"0","symbol":"","file":"","isolation":"isolated","type":"BUILTIN","md5":""}
max_by_state(INT,DECIMAL32)	VARBINARY	Scalar	NULL	{"fid":"0","symbol":"","file":"","isolation":"isolated","type":"BUILTIN","md5":""}
max_by_state(INT,DECIMAL64)	VARBINARY	Scalar	NULL	{"fid":"0","symbol":"","file":"","isolation":"isolated","type":"BUILTIN","md5":""}
max_by_state(INT,DOUBLE)	VARBINARY	Scalar	NULL	{"fid":"0","symbol":"","file":"","isolation":"isolated","type":"BUILTIN","md5":""}
max_by_state(INT,FLOAT)	VARBINARY	Scalar	NULL	{"fid":"0","symbol":"","file":"","isolation":"isolated","type":"BUILTIN","md5":""}
max_by_state(INT,INT)	VARBINARY	Scalar	NULL	{"fid":"0","symbol":"","file":"","isolation":"isolated","type":"BUILTIN","md5":""}
max_by_state(INT,LARGEINT)	VARBINARY	Scalar	NULL	{"fid":"0","symbol":"","file":"","isolation":"isolated","type":"BUILTIN","md5":""}
max_by_state(INT,SMALLINT)	VARBINARY	Scalar	NULL	{"fid":"0","symbol":"","file":"","isolation":"isolated","type":"BUILTIN","md5":""}
max_by_state(INT,TINYINT)	VARBINARY	Scalar	NULL	{"fid":"0","symbol":"","file":"","isolation":"isolated","type":"BUILTIN","md5":""}
max_by_state(INT,VARCHAR)	VARBINARY	Scalar	NULL	{"fid":"0","symbol":"","file":"","isolation":"isolated","type":"BUILTIN","md5":""}
max_by_state(INVALID_TYPE,BIGINT)	VARBINARY	Scalar	NULL	{"fid":"0","symbol":"","file":"","isolation":"isolated","type":"BUILTIN","md5":""}
max_by_state(INVALID_TYPE,BOOLEAN)	VARBINARY	Scalar	NULL	{"fid":"0","symbol":"","file":"","isolation":"isolated","type":"BUILTIN","md5":""}
max_by_state(INVALID_TYPE,DATE)	VARBINARY	Scalar	NULL	{"fid":"0","symbol":"","file":"","isolation":"isolated","type":"BUILTIN","md5":""}
max_by_state(INVALID_TYPE,DATETIME)	VARBINARY	Scalar	NULL	{"fid":"0","symbol":"","file":"","isolation":"isolated","type":"BUILTIN","md5":""}
max_by_state(INVALID_TYPE,DECIMAL128)	VARBINARY	Scalar	NULL	{"fid":"0","symbol":"","file":"","isolation":"isolated","type":"BUILTIN","md5":""}
max_by_state(INVALID_TYPE,DECIMAL256)	VARBINARY	Scalar	NULL	{"fid":"0","symbol":"","file":"","isolation":"isolated","type":"BUILTIN","md5":""}
max_by_state(INVALID_TYPE,DECIMAL32)	VARBINARY	Scalar	NULL	{"fid":"0","symbol":"","file":"","isolation":"isolated","type":"BUILTIN","md5":""}
max_by_state(INVALID_TYPE,DECIMAL64)	VARBINARY	Scalar	NULL	{"fid":"0","symbol":"","file":"","isolation":"isolated","type":"BUILTIN","md5":""}
max_by_state(INVALID_TYPE,DOUBLE)	VARBINARY	Scalar	NULL	{"fid":"0","symbol":"","file":"","isolation":"isolated","type":"BUILTIN","md5":""}
max_by_state(INVALID_TYPE,FLOAT)	VARBINARY	Scalar	NULL	{"fid":"0","symbol":"","file":"","isolation":"isolated","type":"BUILTIN","md5":""}
max_by_state(INVALID_TYPE,INT)	VARBINARY	Scalar	NULL	{"fid":"0","symbol":"","file":"","isolation":"isolated","type":"BUILTIN","md5":""}
max_by_state(INVALID_TYPE,LARGEINT)	VARBINARY	Scalar	NULL	{"fid":"0","symbol":"","file":"","isolation":"isolated","type":"BUILTIN","md5":""}
max_by_state(INVALID_TYPE,SMALLINT)	VARBINARY	Scalar	NULL	{"fid":"0","symbol":"","file":"","isolation":"isolated","type":"BUILTIN","md5":""}
max_by_state(INVALID_TYPE,TINYINT)	VARBINARY	Scalar	NULL	{"fid":"0","symbol":"","file":"","isolation":"isolated","type":"BUILTIN","md5":""}
max_by_state(INVALID_TYPE,VARCHAR)	VARBINARY	Scalar	NULL	{"fid":"0","symbol":"","file":"","isolation":"isolated","type":"BUILTIN","md5":""}
max_by_state(JSON,BIGINT)	VARBINARY	Scalar	NULL	{"fid":"0","symbol":"","file":"","isolation":"isolated","type":"BUILTIN","md5":""}
max_by_state(JSON,BOOLEAN)	VARBINARY	Scalar	NULL	{"fid":"0","symbol":"","file":"","isolation":"isolated","type":"BUILTIN","md5":""}
max_by_state(JSON,DATE)	VARBINARY	Scalar	NULL	{"fid":"0","symbol":"","file":"","isolation":"isolated","type":"BUILTIN","md5":""}
max_by_state(JSON,DATETIME)	VARBINARY	Scalar	NULL	{"fid":"0","symbol":"","file":"","isolation":"isolated","type":"BUILTIN","md5":""}
max_by_state(JSON,DECIMAL128)	VARBINARY	Scalar	NULL	{"fid":"0","symbol":"","file":"","isolation":"isolated","type":"BUILTIN","md5":""}
max_by_state(JSON,DECIMAL256)	VARBINARY	Scalar	NULL	{"fid":"0","symbol":"","file":"","isolation":"isolated","type":"BUILTIN","md5":""}
max_by_state(JSON,DECIMAL32)	VARBINARY	Scalar	NULL	{"fid":"0","symbol":"","file":"","isolation":"isolated","type":"BUILTIN","md5":""}
max_by_state(JSON,DECIMAL64)	VARBINARY	Scalar	NULL	{"fid":"0","symbol":"","file":"","isolation":"isolated","type":"BUILTIN","md5":""}
max_by_state(JSON,DOUBLE)	VARBINARY	Scalar	NULL	{"fid":"0","symbol":"","file":"","isolation":"isolated","type":"BUILTIN","md5":""}
max_by_state(JSON,FLOAT)	VARBINARY	Scalar	NULL	{"fid":"0","symbol":"","file":"","isolation":"isolated","type":"BUILTIN","md5":""}
max_by_state(JSON,INT)	VARBINARY	Scalar	NULL	{"fid":"0","symbol":"","file":"","isolation":"isolated","type":"BUILTIN","md5":""}
max_by_state(JSON,LARGEINT)	VARBINARY	Scalar	NULL	{"fid":"0","symbol":"","file":"","isolation":"isolated","type":"BUILTIN","md5":""}
max_by_state(JSON,SMALLINT)	VARBINARY	Scalar	NULL	{"fid":"0","symbol":"","file":"","isolation":"isolated","type":"BUILTIN","md5":""}
max_by_state(JSON,TINYINT)	VARBINARY	Scalar	NULL	{"fid":"0","symbol":"","file":"","isolation":"isolated","type":"BUILTIN","md5":""}
max_by_state(JSON,VARCHAR)	VARBINARY	Scalar	NULL	{"fid":"0","symbol":"","file":"","isolation":"isolated","type":"BUILTIN","md5":""}
max_by_state(LARGEINT,BIGINT)	VARBINARY	Scalar	NULL	{"fid":"0","symbol":"","file":"","isolation":"isolated","type":"BUILTIN","md5":""}
max_by_state(LARGEINT,BOOLEAN)	VARBINARY	Scalar	NULL	{"fid":"0","symbol":"","file":"","isolation":"isolated","type":"BUILTIN","md5":""}
max_by_state(LARGEINT,DATE)	VARBINARY	Scalar	NULL	{"fid":"0","symbol":"","file":"","isolation":"isolated","type":"BUILTIN","md5":""}
max_by_state(LARGEINT,DATETIME)	VARBINARY	Scalar	NULL	{"fid":"0","symbol":"","file":"","isolation":"isolated","type":"BUILTIN","md5":""}
max_by_state(LARGEINT,DECIMAL128)	VARBINARY	Scalar	NULL	{"fid":"0","symbol":"","file":"","isolation":"isolated","type":"BUILTIN","md5":""}
max_by_state(LARGEINT,DECIMAL256)	VARBINARY	Scalar	NULL	{"fid":"0","symbol":"","file":"","isolation":"isolated","type":"BUILTIN","md5":""}
max_by_state(LARGEINT,DECIMAL32)	VARBINARY	Scalar	NULL	{"fid":"0","symbol":"","file":"","isolation":"isolated","type":"BUILTIN","md5":""}
max_by_state(LARGEINT,DECIMAL64)	VARBINARY	Scalar	NULL	{"fid":"0","symbol":"","file":"","isolation":"isolated","type":"BUILTIN","md5":""}
max_by_state(LARGEINT,DOUBLE)	VARBINARY	Scalar	NULL	{"fid":"0","symbol":"","file":"","isolation":"isolated","type":"BUILTIN","md5":""}
max_by_state(LARGEINT,FLOAT)	VARBINARY	Scalar	NULL	{"fid":"0","symbol":"","file":"","isolation":"isolated","type":"BUILTIN","md5":""}
max_by_state(LARGEINT,INT)	VARBINARY	Scalar	NULL	{"fid":"0","symbol":"","file":"","isolation":"isolated","type":"BUILTIN","md5":""}
max_by_state(LARGEINT,LARGEINT)	VARBINARY	Scalar	NULL	{"fid":"0","symbol":"","file":"","isolation":"isolated","type":"BUILTIN","md5":""}
max_by_state(LARGEINT,SMALLINT)	VARBINARY	Scalar	NULL	{"fid":"0","symbol":"","file":"","isolation":"isolated","type":"BUILTIN","md5":""}
max_by_state(LARGEINT,TINYINT)	VARBINARY	Scalar	NULL	{"fid":"0","symbol":"","file":"","isolation":"isolated","type":"BUILTIN","md5":""}
max_by_state(LARGEINT,VARCHAR)	VARBINARY	Scalar	NULL	{"fid":"0","symbol":"","file":"","isolation":"isolated","type":"BUILTIN","md5":""}
max_by_state(SMALLINT,BIGINT)	VARBINARY	Scalar	NULL	{"fid":"0","symbol":"","file":"","isolation":"isolated","type":"BUILTIN","md5":""}
max_by_state(SMALLINT,BOOLEAN)	VARBINARY	Scalar	NULL	{"fid":"0","symbol":"","file":"","isolation":"isolated","type":"BUILTIN","md5":""}
max_by_state(SMALLINT,DATE)	VARBINARY	Scalar	NULL	{"fid":"0","symbol":"","file":"","isolation":"isolated","type":"BUILTIN","md5":""}
max_by_state(SMALLINT,DATETIME)	VARBINARY	Scalar	NULL	{"fid":"0","symbol":"","file":"","isolation":"isolated","type":"BUILTIN","md5":""}
max_by_state(SMALLINT,DECIMAL128)	VARBINARY	Scalar	NULL	{"fid":"0","symbol":"","file":"","isolation":"isolated","type":"BUILTIN","md5":""}
max_by_state(SMALLINT,DECIMAL256)	VARBINARY	Scalar	NULL	{"fid":"0","symbol":"","file":"","isolation":"isolated","type":"BUILTIN","md5":""}
max_by_state(SMALLINT,DECIMAL32)	VARBINARY	Scalar	NULL	{"fid":"0","symbol":"","file":"","isolation":"isolated","type":"BUILTIN","md5":""}
max_by_state(SMALLINT,DECIMAL64)	VARBINARY	Scalar	NULL	{"fid":"0","symbol":"","file":"","isolation":"isolated","type":"BUILTIN","md5":""}
max_by_state(SMALLINT,DOUBLE)	VARBINARY	Scalar	NULL	{"fid":"0","symbol":"","file":"","isolation":"isolated","type":"BUILTIN","md5":""}
max_by_state(SMALLINT,FLOAT)	VARBINARY	Scalar	NULL	{"fid":"0","symbol":"","file":"","isolation":"isolated","type":"BUILTIN","md5":""}
max_by_state(SMALLINT,INT)	VARBINARY	Scalar	NULL	{"fid":"0","symbol":"","file":"","isolation":"isolated","type":"BUILTIN","md5":""}
max_by_state(SMALLINT,LARGEINT)	VARBINARY	Scalar	NULL	{"fid":"0","symbol":"","file":"","isolation":"isolated","type":"BUILTIN","md5":""}
max_by_state(SMALLINT,SMALLINT)	VARBINARY	Scalar	NULL	{"fid":"0","symbol":"","file":"","isolation":"isolated","type":"BUILTIN","md5":""}
max_by_state(SMALLINT,TINYINT)	VARBINARY	Scalar	NULL	{"fid":"0","symbol":"","file":"","isolation":"isolated","type":"BUILTIN","md5":""}
max_by_state(SMALLINT,VARCHAR)	VARBINARY	Scalar	NULL	{"fid":"0","symbol":"","file":"","isolation":"isolated","type":"BUILTIN","md5":""}
max_by_state(TINYINT,BIGINT)	VARBINARY	Scalar	NULL	{"fid":"0","symbol":"","file":"","isolation":"isolated","type":"BUILTIN","md5":""}
max_by_state(TINYINT,BOOLEAN)	VARBINARY	Scalar	NULL	{"fid":"0","symbol":"","file":"","isolation":"isolated","type":"BUILTIN","md5":""}
max_by_state(TINYINT,DATE)	VARBINARY	Scalar	NULL	{"fid":"0","symbol":"","file":"","isolation":"isolated","type":"BUILTIN","md5":""}
max_by_state(TINYINT,DATETIME)	VARBINARY	Scalar	NULL	{"fid":"0","symbol":"","file":"","isolation":"isolated","type":"BUILTIN","md5":""}
max_by_state(TINYINT,DECIMAL128)	VARBINARY	Scalar	NULL	{"fid":"0","symbol":"","file":"","isolation":"isolated","type":"BUILTIN","md5":""}
max_by_state(TINYINT,DECIMAL256)	VARBINARY	Scalar	NULL	{"fid":"0","symbol":"","file":"","isolation":"isolated","type":"BUILTIN","md5":""}
max_by_state(TINYINT,DECIMAL32)	VARBINARY	Scalar	NULL	{"fid":"0","symbol":"","file":"","isolation":"isolated","type":"BUILTIN","md5":""}
max_by_state(TINYINT,DECIMAL64)	VARBINARY	Scalar	NULL	{"fid":"0","symbol":"","file":"","isolation":"isolated","type":"BUILTIN","md5":""}
max_by_state(TINYINT,DOUBLE)	VARBINARY	Scalar	NULL	{"fid":"0","symbol":"","file":"","isolation":"isolated","type":"BUILTIN","md5":""}
max_by_state(TINYINT,FLOAT)	VARBINARY	Scalar	NULL	{"fid":"0","symbol":"","file":"","isolation":"isolated","type":"BUILTIN","md5":""}
max_by_state(TINYINT,INT)	VARBINARY	Scalar	NULL	{"fid":"0","symbol":"","file":"","isolation":"isolated","type":"BUILTIN","md5":""}
max_by_state(TINYINT,LARGEINT)	VARBINARY	Scalar	NULL	{"fid":"0","symbol":"","file":"","isolation":"isolated","type":"BUILTIN","md5":""}
max_by_state(TINYINT,SMALLINT)	VARBINARY	Scalar	NULL	{"fid":"0","symbol":"","file":"","isolation":"isolated","type":"BUILTIN","md5":""}
max_by_state(TINYINT,TINYINT)	VARBINARY	Scalar	NULL	{"fid":"0","symbol":"","file":"","isolation":"isolated","type":"BUILTIN","md5":""}
max_by_state(TINYINT,VARCHAR)	VARBINARY	Scalar	NULL	{"fid":"0","symbol":"","file":"","isolation":"isolated","type":"BUILTIN","md5":""}
max_by_state(VARCHAR,BIGINT)	VARBINARY	Scalar	NULL	{"fid":"0","symbol":"","file":"","isolation":"isolated","type":"BUILTIN","md5":""}
max_by_state(VARCHAR,BOOLEAN)	VARBINARY	Scalar	NULL	{"fid":"0","symbol":"","file":"","isolation":"isolated","type":"BUILTIN","md5":""}
max_by_state(VARCHAR,DATE)	VARBINARY	Scalar	NULL	{"fid":"0","symbol":"","file":"","isolation":"isolated","type":"BUILTIN","md5":""}
max_by_state(VARCHAR,DATETIME)	VARBINARY	Scalar	NULL	{"fid":"0","symbol":"","file":"","isolation":"isolated","type":"BUILTIN","md5":""}
max_by_state(VARCHAR,DECIMAL128)	VARBINARY	Scalar	NULL	{"fid":"0","symbol":"","file":"","isolation":"isolated","type":"BUILTIN","md5":""}
max_by_state(VARCHAR,DECIMAL256)	VARBINARY	Scalar	NULL	{"fid":"0","symbol":"","file":"","isolation":"isolated","type":"BUILTIN","md5":""}
max_by_state(VARCHAR,DECIMAL32)	VARBINARY	Scalar	NULL	{"fid":"0","symbol":"","file":"","isolation":"isolated","type":"BUILTIN","md5":""}
max_by_state(VARCHAR,DECIMAL64)	VARBINARY	Scalar	NULL	{"fid":"0","symbol":"","file":"","isolation":"isolated","type":"BUILTIN","md5":""}
max_by_state(VARCHAR,DOUBLE)	VARBINARY	Scalar	NULL	{"fid":"0","symbol":"","file":"","isolation":"isolated","type":"BUILTIN","md5":""}
max_by_state(VARCHAR,FLOAT)	VARBINARY	Scalar	NULL	{"fid":"0","symbol":"","file":"","isolation":"isolated","type":"BUILTIN","md5":""}
max_by_state(VARCHAR,INT)	VARBINARY	Scalar	NULL	{"fid":"0","symbol":"","file":"","isolation":"isolated","type":"BUILTIN","md5":""}
max_by_state(VARCHAR,LARGEINT)	VARBINARY	Scalar	NULL	{"fid":"0","symbol":"","file":"","isolation":"isolated","type":"BUILTIN","md5":""}
max_by_state(VARCHAR,SMALLINT)	VARBINARY	Scalar	NULL	{"fid":"0","symbol":"","file":"","isolation":"isolated","type":"BUILTIN","md5":""}
max_by_state(VARCHAR,TINYINT)	VARBINARY	Scalar	NULL	{"fid":"0","symbol":"","file":"","isolation":"isolated","type":"BUILTIN","md5":""}
max_by_state(VARCHAR,VARCHAR)	VARBINARY	Scalar	NULL	{"fid":"0","symbol":"","file":"","isolation":"isolated","type":"BUILTIN","md5":""}
max_by_state(VARIANT,BIGINT)	VARBINARY	Scalar	NULL	{"fid":"0","symbol":"","file":"","isolation":"isolated","type":"BUILTIN","md5":""}
max_by_state(VARIANT,BOOLEAN)	VARBINARY	Scalar	NULL	{"fid":"0","symbol":"","file":"","isolation":"isolated","type":"BUILTIN","md5":""}
max_by_state(VARIANT,DATE)	VARBINARY	Scalar	NULL	{"fid":"0","symbol":"","file":"","isolation":"isolated","type":"BUILTIN","md5":""}
max_by_state(VARIANT,DATETIME)	VARBINARY	Scalar	NULL	{"fid":"0","symbol":"","file":"","isolation":"isolated","type":"BUILTIN","md5":""}
max_by_state(VARIANT,DECIMAL128)	VARBINARY	Scalar	NULL	{"fid":"0","symbol":"","file":"","isolation":"isolated","type":"BUILTIN","md5":""}
max_by_state(VARIANT,DECIMAL256)	VARBINARY	Scalar	NULL	{"fid":"0","symbol":"","file":"","isolation":"isolated","type":"BUILTIN","md5":""}
max_by_state(VARIANT,DECIMAL32)	VARBINARY	Scalar	NULL	{"fid":"0","symbol":"","file":"","isolation":"isolated","type":"BUILTIN","md5":""}
max_by_state(VARIANT,DECIMAL64)	VARBINARY	Scalar	NULL	{"fid":"0","symbol":"","file":"","isolation":"isolated","type":"BUILTIN","md5":""}
max_by_state(VARIANT,DOUBLE)	VARBINARY	Scalar	NULL	{"fid":"0","symbol":"","file":"","isolation":"isolated","type":"BUILTIN","md5":""}
max_by_state(VARIANT,FLOAT)	VARBINARY	Scalar	NULL	{"fid":"0","symbol":"","file":"","isolation":"isolated","type":"BUILTIN","md5":""}
max_by_state(VARIANT,INT)	VARBINARY	Scalar	NULL	{"fid":"0","symbol":"","file":"","isolation":"isolated","type":"BUILTIN","md5":""}
max_by_state(VARIANT,LARGEINT)	VARBINARY	Scalar	NULL	{"fid":"0","symbol":"","file":"","isolation":"isolated","type":"BUILTIN","md5":""}
max_by_state(VARIANT,SMALLINT)	VARBINARY	Scalar	NULL	{"fid":"0","symbol":"","file":"","isolation":"isolated","type":"BUILTIN","md5":""}
max_by_state(VARIANT,TINYINT)	VARBINARY	Scalar	NULL	{"fid":"0","symbol":"","file":"","isolation":"isolated","type":"BUILTIN","md5":""}
max_by_state(VARIANT,VARCHAR)	VARBINARY	Scalar	NULL	{"fid":"0","symbol":"","file":"","isolation":"isolated","type":"BUILTIN","md5":""}
max_by_state_merge(VARBINARY)	BOOLEAN	Scalar	NULL	{"fid":"0","symbol":"","file":"","isolation":"isolated","type":"BUILTIN","md5":""}
max_by_state_union(VARBINARY,VARBINARY)	VARBINARY	Scalar	NULL	{"fid":"0","symbol":"","file":"","isolation":"isolated","type":"BUILTIN","md5":""}
max_by_union(VARBINARY)	VARBINARY	Aggregate	NULL	{"fid":"0","symbol":"","file":"","isolation":"isolated","type":"BUILTIN","md5":""}
max_combine(BIGINT)	BIGINT	Aggregate	NULL	{"fid":"0","symbol":"","file":"","isolation":"isolated","type":"BUILTIN","md5":""}
max_combine(BOOLEAN)	BOOLEAN	Aggregate	NULL	{"fid":"0","symbol":"","file":"","isolation":"isolated","type":"BUILTIN","md5":""}
max_combine(DATE)	DATE	Aggregate	NULL	{"fid":"0","symbol":"","file":"","isolation":"isolated","type":"BUILTIN","md5":""}
max_combine(DATETIME)	DATETIME	Aggregate	NULL	{"fid":"0","symbol":"","file":"","isolation":"isolated","type":"BUILTIN","md5":""}
max_combine(DECIMAL128)	DECIMAL128	Aggregate	NULL	{"fid":"0","symbol":"","file":"","isolation":"isolated","type":"BUILTIN","md5":""}
max_combine(DECIMAL256)	DECIMAL256	Aggregate	NULL	{"fid":"0","symbol":"","file":"","isolation":"isolated","type":"BUILTIN","md5":""}
max_combine(DECIMAL32)	DECIMAL32	Aggregate	NULL	{"fid":"0","symbol":"","file":"","isolation":"isolated","type":"BUILTIN","md5":""}
max_combine(DECIMAL64)	DECIMAL64	Aggregate	NULL	{"fid":"0","symbol":"","file":"","isolation":"isolated","type":"BUILTIN","md5":""}
max_combine(DOUBLE)	DOUBLE	Aggregate	NULL	{"fid":"0","symbol":"","file":"","isolation":"isolated","type":"BUILTIN","md5":""}
max_combine(FLOAT)	FLOAT	Aggregate	NULL	{"fid":"0","symbol":"","file":"","isolation":"isolated","type":"BUILTIN","md5":""}
max_combine(INT)	INT	Aggregate	NULL	{"fid":"0","symbol":"","file":"","isolation":"isolated","type":"BUILTIN","md5":""}
max_combine(LARGEINT)	LARGEINT	Aggregate	NULL	{"fid":"0","symbol":"","file":"","isolation":"isolated","type":"BUILTIN","md5":""}
max_combine(SMALLINT)	SMALLINT	Aggregate	NULL	{"fid":"0","symbol":"","file":"","isolation":"isolated","type":"BUILTIN","md5":""}
max_combine(TINYINT)	TINYINT	Aggregate	NULL	{"fid":"0","symbol":"","file":"","isolation":"isolated","type":"BUILTIN","md5":""}
max_combine(VARCHAR)	VARCHAR	Aggregate	NULL	{"fid":"0","symbol":"","file":"","isolation":"isolated","type":"BUILTIN","md5":""}
max_if(BIGINT,BOOLEAN)	BIGINT	Aggregate	NULL	{"fid":"0","symbol":"","file":"","isolation":"isolated","type":"BUILTIN","md5":""}
max_if(BOOLEAN,BOOLEAN)	BOOLEAN	Aggregate	NULL	{"fid":"0","symbol":"","file":"","isolation":"isolated","type":"BUILTIN","md5":""}
max_if(DATE,BOOLEAN)	DATE	Aggregate	NULL	{"fid":"0","symbol":"","file":"","isolation":"isolated","type":"BUILTIN","md5":""}
max_if(DATETIME,BOOLEAN)	DATETIME	Aggregate	NULL	{"fid":"0","symbol":"","file":"","isolation":"isolated","type":"BUILTIN","md5":""}
max_if(DECIMAL128,BOOLEAN)	DECIMAL128	Aggregate	NULL	{"fid":"0","symbol":"","file":"","isolation":"isolated","type":"BUILTIN","md5":""}
max_if(DECIMAL256,BOOLEAN)	DECIMAL256	Aggregate	NULL	{"fid":"0","symbol":"","file":"","isolation":"isolated","type":"BUILTIN","md5":""}
max_if(DECIMAL32,BOOLEAN)	DECIMAL32	Aggregate	NULL	{"fid":"0","symbol":"","file":"","isolation":"isolated","type":"BUILTIN","md5":""}
max_if(DECIMAL64,BOOLEAN)	DECIMAL64	Aggregate	NULL	{"fid":"0","symbol":"","file":"","isolation":"isolated","type":"BUILTIN","md5":""}
max_if(DOUBLE,BOOLEAN)	DOUBLE	Aggregate	NULL	{"fid":"0","symbol":"","file":"","isolation":"isolated","type":"BUILTIN","md5":""}
max_if(FLOAT,BOOLEAN)	FLOAT	Aggregate	NULL	{"fid":"0","symbol":"","file":"","isolation":"isolated","type":"BUILTIN","md5":""}
max_if(INT,BOOLEAN)	INT	Aggregate	NULL	{"fid":"0","symbol":"","file":"","isolation":"isolated","type":"BUILTIN","md5":""}
max_if(LARGEINT,BOOLEAN)	LARGEINT	Aggregate	NULL	{"fid":"0","symbol":"","file":"","isolation":"isolated","type":"BUILTIN","md5":""}
max_if(SMALLINT,BOOLEAN)	SMALLINT	Aggregate	NULL	{"fid":"0","symbol":"","file":"","isolation":"isolated","type":"BUILTIN","md5":""}
max_if(TINYINT,BOOLEAN)	TINYINT	Aggregate	NULL	{"fid":"0","symbol":"","file":"","isolation":"isolated","type":"BUILTIN","md5":""}
max_if(VARCHAR,BOOLEAN)	VARCHAR	Aggregate	NULL	{"fid":"0","symbol":"","file":"","isolation":"isolated","type":"BUILTIN","md5":""}
max_merge(BIGINT)	BIGINT	Aggregate	NULL	{"fid":"0","symbol":"","file":"","isolation":"isolated","type":"BUILTIN","md5":""}
max_merge(BOOLEAN)	BOOLEAN	Aggregate	NULL	{"fid":"0","symbol":"","file":"","isolation":"isolated","type":"BUILTIN","md5":""}
max_merge(DATE)	DATE	Aggregate	NULL	{"fid":"0","symbol":"","file":"","isolation":"isolated","type":"BUILTIN","md5":""}
max_merge(DATETIME)	DATETIME	Aggregate	NULL	{"fid":"0","symbol":"","file":"","isolation":"isolated","type":"BUILTIN","md5":""}
max_merge(DECIMAL128)	DECIMAL128	Aggregate	NULL	{"fid":"0","symbol":"","file":"","isolation":"isolated","type":"BUILTIN","md5":""}
max_merge(DECIMAL256)	DECIMAL256	Aggregate	NULL	{"fid":"0","symbol":"","file":"","isolation":"isolated","type":"BUILTIN","md5":""}
max_merge(DECIMAL32)	DECIMAL32	Aggregate	NULL	{"fid":"0","symbol":"","file":"","isolation":"isolated","type":"BUILTIN","md5":""}
max_merge(DECIMAL64)	DECIMAL64	Aggregate	NULL	{"fid":"0","symbol":"","file":"","isolation":"isolated","type":"BUILTIN","md5":""}
max_merge(DOUBLE)	DOUBLE	Aggregate	NULL	{"fid":"0","symbol":"","file":"","isolation":"isolated","type":"BUILTIN","md5":""}
max_merge(FLOAT)	FLOAT	Aggregate	NULL	{"fid":"0","symbol":"","file":"","isolation":"isolated","type":"BUILTIN","md5":""}
max_merge(INT)	INT	Aggregate	NULL	{"fid":"0","symbol":"","file":"","isolation":"isolated","type":"BUILTIN","md5":""}
max_merge(LARGEINT)	LARGEINT	Aggregate	NULL	{"fid":"0","symbol":"","file":"","isolation":"isolated","type":"BUILTIN","md5":""}
max_merge(SMALLINT)	SMALLINT	Aggregate	NULL	{"fid":"0","symbol":"","file":"","isolation":"isolated","type":"BUILTIN","md5":""}
max_merge(TINYINT)	TINYINT	Aggregate	NULL	{"fid":"0","symbol":"","file":"","isolation":"isolated","type":"BUILTIN","md5":""}
max_merge(VARCHAR)	VARCHAR	Aggregate	NULL	{"fid":"0","symbol":"","file":"","isolation":"isolated","type":"BUILTIN","md5":""}
max_state(BIGINT)	BIGINT	Scalar	NULL	{"fid":"0","symbol":"","file":"","isolation":"isolated","type":"BUILTIN","md5":""}
max_state(BOOLEAN)	BOOLEAN	Scalar	NULL	{"fid":"0","symbol":"","file":"","isolation":"isolated","type":"BUILTIN","md5":""}
max_state(DATE)	DATE	Scalar	NULL	{"fid":"0","symbol":"","file":"","isolation":"isolated","type":"BUILTIN","md5":""}
max_state(DATETIME)	DATETIME	Scalar	NULL	{"fid":"0","symbol":"","file":"","isolation":"isolated","type":"BUILTIN","md5":""}
max_state(DECIMAL128)	DECIMAL128	Scalar	NULL	{"fid":"0","symbol":"","file":"","isolation":"isolated","type":"BUILTIN","md5":""}
max_state(DECIMAL256)	DECIMAL256	Scalar	NULL	{"fid":"0","symbol":"","file":"","isolation":"isolated","type":"BUILTIN","md5":""}
max_state(DECIMAL32)	DECIMAL32	Scalar	NULL	{"fid":"0","symbol":"","file":"","isolation":"isolated","type":"BUILTIN","md5":""}
max_state(DECIMAL64)	DECIMAL64	Scalar	NULL	{"fid":"0","symbol":"","file":"","isolation":"isolated","type":"BUILTIN","md5":""}
max_state(DOUBLE)	DOUBLE	Scalar	NULL	{"fid":"0","symbol":"","file":"","isolation":"isolated","type":"BUILTIN","md5":""}
max_state(FLOAT)	FLOAT	Scalar	NULL	{"fid":"0","symbol":"","file":"","isolation":"isolated","type":"BUILTIN","md5":""}
max_state(INT)	INT	Scalar	NULL	{"fid":"0","symbol":"","file":"","isolation":"isolated","type":"BUILTIN","md5":""}
max_state(LARGEINT)	LARGEINT	Scalar	NULL	{"fid":"0","symbol":"","file":"","isolation":"isolated","type":"BUILTIN","md5":""}
max_state(SMALLINT)	SMALLINT	Scalar	NULL	{"fid":"0","symbol":"","file":"","isolation":"isolated","type":"BUILTIN","md5":""}
max_state(TINYINT)	TINYINT	Scalar	NULL	{"fid":"0","symbol":"","file":"","isolation":"isolated","type":"BUILTIN","md5":""}
max_state(VARCHAR)	VARCHAR	Scalar	NULL	{"fid":"0","symbol":"","file":"","isolation":"isolated","type":"BUILTIN","md5":""}
max_state_merge(BIGINT)	BIGINT	Scalar	NULL	{"fid":"0","symbol":"","file":"","isolation":"isolated","type":"BUILTIN","md5":""}
max_state_merge(BOOLEAN)	BOOLEAN	Scalar	NULL	{"fid":"0","symbol":"","file":"","isolation":"isolated","type":"BUILTIN","md5":""}
max_state_merge(DATE)	DATE	Scalar	NULL	{"fid":"0","symbol":"","file":"","isolation":"isolated","type":"BUILTIN","md5":""}
max_state_merge(DATETIME)	DATETIME	Scalar	NULL	{"fid":"0","symbol":"","file":"","isolation":"isolated","type":"BUILTIN","md5":""}
max_state_merge(DECIMAL128)	DECIMAL128	Scalar	NULL	{"fid":"0","symbol":"","file":"","isolation":"isolated","type":"BUILTIN","md5":""}
max_state_merge(DECIMAL256)	DECIMAL256	Scalar	NULL	{"fid":"0","symbol":"","file":"","isolation":"isolated","type":"BUILTIN","md5":""}
max_state_merge(DECIMAL32)	DECIMAL32	Scalar	NULL	{"fid":"0","symbol":"","file":"","isolation":"isolated","type":"BUILTIN","md5":""}
max_state_merge(DECIMAL64)	DECIMAL64	Scalar	NULL	{"fid":"0","symbol":"","file":"","isolation":"isolated","type":"BUILTIN","md5":""}
max_state_merge(DOUBLE)	DOUBLE	Scalar	NULL	{"fid":"0","symbol":"","file":"","isolation":"isolated","type":"BUILTIN","md5":""}
max_state_merge(FLOAT)	FLOAT	Scalar	NULL	{"fid":"0","symbol":"","file":"","isolation":"isolated","type":"BUILTIN","md5":""}
max_state_merge(INT)	INT	Scalar	NULL	{"fid":"0","symbol":"","file":"","isolation":"isolated","type":"BUILTIN","md5":""}
max_state_merge(LARGEINT)	LARGEINT	Scalar	NULL	{"fid":"0","symbol":"","file":"","isolation":"isolated","type":"BUILTIN","md5":""}
max_state_merge(SMALLINT)	SMALLINT	Scalar	NULL	{"fid":"0","symbol":"","file":"","isolation":"isolated","type":"BUILTIN","md5":""}
max_state_merge(TINYINT)	TINYINT	Scalar	NULL	{"fid":"0","symbol":"","file":"","isolation":"isolated","type":"BUILTIN","md5":""}
max_state_merge(VARCHAR)	VARCHAR	Scalar	NULL	{"fid":"0","symbol":"","file":"","isolation":"isolated","type":"BUILTIN","md5":""}
max_state_union(BIGINT,BIGINT)	BIGINT	Scalar	NULL	{"fid":"0","symbol":"","file":"","isolation":"isolated","type":"BUILTIN","md5":""}
max_state_union(BOOLEAN,BOOLEAN)	BOOLEAN	Scalar	NULL	{"fid":"0","symbol":"","file":"","isolation":"isolated","type":"BUILTIN","md5":""}
max_state_union(DATE,DATE)	DATE	Scalar	NULL	{"fid":"0","symbol":"","file":"","isolation":"isolated","type":"BUILTIN","md5":""}
max_state_union(DATETIME,DATETIME)	DATETIME	Scalar	NULL	{"fid":"0","symbol":"","file":"","isolation":"isolated","type":"BUILTIN","md5":""}
max_state_union(DECIMAL128,DECIMAL128)	DECIMAL128	Scalar	NULL	{"fid":"0","symbol":"","file":"","isolation":"isolated","type":"BUILTIN","md5":""}
max_state_union(DECIMAL256,DECIMAL256)	DECIMAL256	Scalar	NULL	{"fid":"0","symbol":"","file":"","isolation":"isolated","type":"BUILTIN","md5":""}
max_state_union(DECIMAL32,DECIMAL32)	DECIMAL32	Scalar	NULL	{"fid":"0","symbol":"","file":"","isolation":"isolated","type":"BUILTIN","md5":""}
max_state_union(DECIMAL64,DECIMAL64)	DECIMAL64	Scalar	NULL	{"fid":"0","symbol":"","file":"","isolation":"isolated","type":"BUILTIN","md5":""}
max_state_union(DOUBLE,DOUBLE)	DOUBLE	Scalar	NULL	{"fid":"0","symbol":"","file":"","isolation":"isolated","type":"BUILTIN","md5":""}
max_state_union(FLOAT,FLOAT)	FLOAT	Scalar	NULL	{"fid":"0","symbol":"","file":"","isolation":"isolated","type":"BUILTIN","md5":""}
max_state_union(INT,INT)	INT	Scalar	NULL	{"fid":"0","symbol":"","file":"","isolation":"isolated","type":"BUILTIN","md5":""}
max_state_union(LARGEINT,LARGEINT)	LARGEINT	Scalar	NULL	{"fid":"0","symbol":"","file":"","isolation":"isolated","type":"BUILTIN","md5":""}
max_state_union(SMALLINT,SMALLINT)	SMALLINT	Scalar	NULL	{"fid":"0","symbol":"","file":"","isolation":"isolated","type":"BUILTIN","md5":""}
max_state_union(TINYINT,TINYINT)	TINYINT	Scalar	NULL	{"fid":"0","symbol":"","file":"","isolation":"isolated","type":"BUILTIN","md5":""}
max_state_union(VARCHAR,VARCHAR)	VARCHAR	Scalar	NULL	{"fid":"0","symbol":"","file":"","isolation":"isolated","type":"BUILTIN","md5":""}
max_union(BIGINT)	BIGINT	Aggregate	NULL	{"fid":"0","symbol":"","file":"","isolation":"isolated","type":"BUILTIN","md5":""}
max_union(BOOLEAN)	BOOLEAN	Aggregate	NULL	{"fid":"0","symbol":"","file":"","isolation":"isolated","type":"BUILTIN","md5":""}
max_union(DATE)	DATE	Aggregate	NULL	{"fid":"0","symbol":"","file":"","isolation":"isolated","type":"BUILTIN","md5":""}
max_union(DATETIME)	DATETIME	Aggregate	NULL	{"fid":"0","symbol":"","file":"","isolation":"isolated","type":"BUILTIN","md5":""}
max_union(DECIMAL128)	DECIMAL128	Aggregate	NULL	{"fid":"0","symbol":"","file":"","isolation":"isolated","type":"BUILTIN","md5":""}
max_union(DECIMAL256)	DECIMAL256	Aggregate	NULL	{"fid":"0","symbol":"","file":"","isolation":"isolated","type":"BUILTIN","md5":""}
max_union(DECIMAL32)	DECIMAL32	Aggregate	NULL	{"fid":"0","symbol":"","file":"","isolation":"isolated","type":"BUILTIN","md5":""}
max_union(DECIMAL64)	DECIMAL64	Aggregate	NULL	{"fid":"0","symbol":"","file":"","isolation":"isolated","type":"BUILTIN","md5":""}
max_union(DOUBLE)	DOUBLE	Aggregate	NULL	{"fid":"0","symbol":"","file":"","isolation":"isolated","type":"BUILTIN","md5":""}
max_union(FLOAT)	FLOAT	Aggregate	NULL	{"fid":"0","symbol":"","file":"","isolation":"isolated","type":"BUILTIN","md5":""}
max_union(INT)	INT	Aggregate	NULL	{"fid":"0","symbol":"","file":"","isolation":"isolated","type":"BUILTIN","md5":""}
max_union(LARGEINT)	LARGEINT	Aggregate	NULL	{"fid":"0","symbol":"","file":"","isolation":"isolated","type":"BUILTIN","md5":""}
max_union(SMALLINT)	SMALLINT	Aggregate	NULL	{"fid":"0","symbol":"","file":"","isolation":"isolated","type":"BUILTIN","md5":""}
max_union(TINYINT)	TINYINT	Aggregate	NULL	{"fid":"0","symbol":"","file":"","isolation":"isolated","type":"BUILTIN","md5":""}
max_union(VARCHAR)	VARCHAR	Aggregate	NULL	{"fid":"0","symbol":"","file":"","isolation":"isolated","type":"BUILTIN","md5":""}
md5(VARCHAR)	VARCHAR	Scalar	NULL	{"fid":"120140","symbol":"","file":"","isolation":"isolated","type":"BUILTIN","md5":""}
md5sum(VARCHAR, ...)	VARCHAR	Scalar	NULL	{"fid":"120150","symbol":"","file":"","isolation":"isolated","type":"BUILTIN","md5":""}
md5sum_numeric(VARCHAR, ...)	LARGEINT	Scalar	NULL	{"fid":"120151","symbol":"","file":"","isolation":"isolated","type":"BUILTIN","md5":""}
microseconds_add(DATETIME,INT)	DATETIME	Scalar	NULL	{"fid":"50180","symbol":"","file":"","isolation":"isolated","type":"BUILTIN","md5":""}
microseconds_sub(DATETIME,INT)	DATETIME	Scalar	NULL	{"fid":"50181","symbol":"","file":"","isolation":"isolated","type":"BUILTIN","md5":""}
milliseconds_add(DATETIME,INT)	DATETIME	Scalar	NULL	{"fid":"50175","symbol":"","file":"","isolation":"isolated","type":"BUILTIN","md5":""}
milliseconds_diff(DATETIME,DATETIME)	BIGINT	Scalar	NULL	{"fid":"50245","symbol":"","file":"","isolation":"isolated","type":"BUILTIN","md5":""}
milliseconds_sub(DATETIME,INT)	DATETIME	Scalar	NULL	{"fid":"50176","symbol":"","file":"","isolation":"isolated","type":"BUILTIN","md5":""}
min(BIGINT)	BIGINT	Aggregate	NULL	{"fid":"0","symbol":"","file":"","isolation":"isolated","type":"BUILTIN","md5":""}
min(BITMAP)	BITMAP	Aggregate	NULL	{"fid":"0","symbol":"","file":"","isolation":"isolated","type":"BUILTIN","md5":""}
min(BOOLEAN)	BOOLEAN	Aggregate	NULL	{"fid":"0","symbol":"","file":"","isolation":"isolated","type":"BUILTIN","md5":""}
min(DATE)	DATE	Aggregate	NULL	{"fid":"0","symbol":"","file":"","isolation":"isolated","type":"BUILTIN","md5":""}
min(DATETIME)	DATETIME	Aggregate	NULL	{"fid":"0","symbol":"","file":"","isolation":"isolated","type":"BUILTIN","md5":""}
min(DECIMAL128)	DECIMAL128	Aggregate	NULL	{"fid":"0","symbol":"","file":"","isolation":"isolated","type":"BUILTIN","md5":""}
min(DECIMAL256)	DECIMAL256	Aggregate	NULL	{"fid":"0","symbol":"","file":"","isolation":"isolated","type":"BUILTIN","md5":""}
min(DECIMAL32)	DECIMAL32	Aggregate	NULL	{"fid":"0","symbol":"","file":"","isolation":"isolated","type":"BUILTIN","md5":""}
min(DECIMAL64)	DECIMAL64	Aggregate	NULL	{"fid":"0","symbol":"","file":"","isolation":"isolated","type":"BUILTIN","md5":""}
min(DECIMALV2)	DECIMALV2	Aggregate	NULL	{"fid":"0","symbol":"","file":"","isolation":"isolated","type":"BUILTIN","md5":""}
min(DOUBLE)	DOUBLE	Aggregate	NULL	{"fid":"0","symbol":"","file":"","isolation":"isolated","type":"BUILTIN","md5":""}
min(FLOAT)	FLOAT	Aggregate	NULL	{"fid":"0","symbol":"","file":"","isolation":"isolated","type":"BUILTIN","md5":""}
min(HLL)	HLL	Aggregate	NULL	{"fid":"0","symbol":"","file":"","isolation":"isolated","type":"BUILTIN","md5":""}
min(INT)	INT	Aggregate	NULL	{"fid":"0","symbol":"","file":"","isolation":"isolated","type":"BUILTIN","md5":""}
min(JSON)	JSON	Aggregate	NULL	{"fid":"0","symbol":"","file":"","isolation":"isolated","type":"BUILTIN","md5":""}
min(LARGEINT)	LARGEINT	Aggregate	NULL	{"fid":"0","symbol":"","file":"","isolation":"isolated","type":"BUILTIN","md5":""}
min(PERCENTILE)	PERCENTILE	Aggregate	NULL	{"fid":"0","symbol":"","file":"","isolation":"isolated","type":"BUILTIN","md5":""}
min(SMALLINT)	SMALLINT	Aggregate	NULL	{"fid":"0","symbol":"","file":"","isolation":"isolated","type":"BUILTIN","md5":""}
min(TIME)	TIME	Aggregate	NULL	{"fid":"0","symbol":"","file":"","isolation":"isolated","type":"BUILTIN","md5":""}
min(TINYINT)	TINYINT	Aggregate	NULL	{"fid":"0","symbol":"","file":"","isolation":"isolated","type":"BUILTIN","md5":""}
min(UNKNOWN_TYPE)	UNKNOWN_TYPE	Aggregate	NULL	{"fid":"0","symbol":"","file":"","isolation":"isolated","type":"BUILTIN","md5":""}
min(VARBINARY)	VARBINARY	Aggregate	NULL	{"fid":"0","symbol":"","file":"","isolation":"isolated","type":"BUILTIN","md5":""}
min(VARCHAR)	VARCHAR	Aggregate	NULL	{"fid":"0","symbol":"","file":"","isolation":"isolated","type":"BUILTIN","md5":""}
min_by(BIGINT,BIGINT)	BIGINT	Aggregate	VARBINARY	{"fid":"0","symbol":"","file":"","isolation":"isolated","type":"BUILTIN","md5":""}
min_by(BIGINT,BITMAP)	BIGINT	Aggregate	VARBINARY	{"fid":"0","symbol":"","file":"","isolation":"isolated","type":"BUILTIN","md5":""}
min_by(BIGINT,BOOLEAN)	BIGINT	Aggregate	VARBINARY	{"fid":"0","symbol":"","file":"","isolation":"isolated","type":"BUILTIN","md5":""}
min_by(BIGINT,DATE)	BIGINT	Aggregate	VARBINARY	{"fid":"0","symbol":"","file":"","isolation":"isolated","type":"BUILTIN","md5":""}
min_by(BIGINT,DATETIME)	BIGINT	Aggregate	VARBINARY	{"fid":"0","symbol":"","file":"","isolation":"isolated","type":"BUILTIN","md5":""}
min_by(BIGINT,DECIMAL128)	BIGINT	Aggregate	VARBINARY	{"fid":"0","symbol":"","file":"","isolation":"isolated","type":"BUILTIN","md5":""}
min_by(BIGINT,DECIMAL256)	BIGINT	Aggregate	VARBINARY	{"fid":"0","symbol":"","file":"","isolation":"isolated","type":"BUILTIN","md5":""}
min_by(BIGINT,DECIMAL32)	BIGINT	Aggregate	VARBINARY	{"fid":"0","symbol":"","file":"","isolation":"isolated","type":"BUILTIN","md5":""}
min_by(BIGINT,DECIMAL64)	BIGINT	Aggregate	VARBINARY	{"fid":"0","symbol":"","file":"","isolation":"isolated","type":"BUILTIN","md5":""}
min_by(BIGINT,DECIMALV2)	BIGINT	Aggregate	VARBINARY	{"fid":"0","symbol":"","file":"","isolation":"isolated","type":"BUILTIN","md5":""}
min_by(BIGINT,DOUBLE)	BIGINT	Aggregate	VARBINARY	{"fid":"0","symbol":"","file":"","isolation":"isolated","type":"BUILTIN","md5":""}
min_by(BIGINT,FLOAT)	BIGINT	Aggregate	VARBINARY	{"fid":"0","symbol":"","file":"","isolation":"isolated","type":"BUILTIN","md5":""}
min_by(BIGINT,HLL)	BIGINT	Aggregate	VARBINARY	{"fid":"0","symbol":"","file":"","isolation":"isolated","type":"BUILTIN","md5":""}
min_by(BIGINT,INT)	BIGINT	Aggregate	VARBINARY	{"fid":"0","symbol":"","file":"","isolation":"isolated","type":"BUILTIN","md5":""}
min_by(BIGINT,JSON)	BIGINT	Aggregate	VARBINARY	{"fid":"0","symbol":"","file":"","isolation":"isolated","type":"BUILTIN","md5":""}
min_by(BIGINT,LARGEINT)	BIGINT	Aggregate	VARBINARY	{"fid":"0","symbol":"","file":"","isolation":"isolated","type":"BUILTIN","md5":""}
min_by(BIGINT,PERCENTILE)	BIGINT	Aggregate	VARBINARY	{"fid":"0","symbol":"","file":"","isolation":"isolated","type":"BUILTIN","md5":""}
min_by(BIGINT,SMALLINT)	BIGINT	Aggregate	VARBINARY	{"fid":"0","symbol":"","file":"","isolation":"isolated","type":"BUILTIN","md5":""}
min_by(BIGINT,TIME)	BIGINT	Aggregate	VARBINARY	{"fid":"0","symbol":"","file":"","isolation":"isolated","type":"BUILTIN","md5":""}
min_by(BIGINT,TINYINT)	BIGINT	Aggregate	VARBINARY	{"fid":"0","symbol":"","file":"","isolation":"isolated","type":"BUILTIN","md5":""}
min_by(BIGINT,UNKNOWN_TYPE)	BIGINT	Aggregate	VARBINARY	{"fid":"0","symbol":"","file":"","isolation":"isolated","type":"BUILTIN","md5":""}
min_by(BIGINT,VARBINARY)	BIGINT	Aggregate	VARBINARY	{"fid":"0","symbol":"","file":"","isolation":"isolated","type":"BUILTIN","md5":""}
min_by(BIGINT,VARCHAR)	BIGINT	Aggregate	VARBINARY	{"fid":"0","symbol":"","file":"","isolation":"isolated","type":"BUILTIN","md5":""}
min_by(BITMAP,BIGINT)	BITMAP	Aggregate	VARBINARY	{"fid":"0","symbol":"","file":"","isolation":"isolated","type":"BUILTIN","md5":""}
min_by(BITMAP,BITMAP)	BITMAP	Aggregate	VARBINARY	{"fid":"0","symbol":"","file":"","isolation":"isolated","type":"BUILTIN","md5":""}
min_by(BITMAP,BOOLEAN)	BITMAP	Aggregate	VARBINARY	{"fid":"0","symbol":"","file":"","isolation":"isolated","type":"BUILTIN","md5":""}
min_by(BITMAP,DATE)	BITMAP	Aggregate	VARBINARY	{"fid":"0","symbol":"","file":"","isolation":"isolated","type":"BUILTIN","md5":""}
min_by(BITMAP,DATETIME)	BITMAP	Aggregate	VARBINARY	{"fid":"0","symbol":"","file":"","isolation":"isolated","type":"BUILTIN","md5":""}
min_by(BITMAP,DECIMAL128)	BITMAP	Aggregate	VARBINARY	{"fid":"0","symbol":"","file":"","isolation":"isolated","type":"BUILTIN","md5":""}
min_by(BITMAP,DECIMAL256)	BITMAP	Aggregate	VARBINARY	{"fid":"0","symbol":"","file":"","isolation":"isolated","type":"BUILTIN","md5":""}
min_by(BITMAP,DECIMAL32)	BITMAP	Aggregate	VARBINARY	{"fid":"0","symbol":"","file":"","isolation":"isolated","type":"BUILTIN","md5":""}
min_by(BITMAP,DECIMAL64)	BITMAP	Aggregate	VARBINARY	{"fid":"0","symbol":"","file":"","isolation":"isolated","type":"BUILTIN","md5":""}
min_by(BITMAP,DECIMALV2)	BITMAP	Aggregate	VARBINARY	{"fid":"0","symbol":"","file":"","isolation":"isolated","type":"BUILTIN","md5":""}
min_by(BITMAP,DOUBLE)	BITMAP	Aggregate	VARBINARY	{"fid":"0","symbol":"","file":"","isolation":"isolated","type":"BUILTIN","md5":""}
min_by(BITMAP,FLOAT)	BITMAP	Aggregate	VARBINARY	{"fid":"0","symbol":"","file":"","isolation":"isolated","type":"BUILTIN","md5":""}
min_by(BITMAP,HLL)	BITMAP	Aggregate	VARBINARY	{"fid":"0","symbol":"","file":"","isolation":"isolated","type":"BUILTIN","md5":""}
min_by(BITMAP,INT)	BITMAP	Aggregate	VARBINARY	{"fid":"0","symbol":"","file":"","isolation":"isolated","type":"BUILTIN","md5":""}
min_by(BITMAP,JSON)	BITMAP	Aggregate	VARBINARY	{"fid":"0","symbol":"","file":"","isolation":"isolated","type":"BUILTIN","md5":""}
min_by(BITMAP,LARGEINT)	BITMAP	Aggregate	VARBINARY	{"fid":"0","symbol":"","file":"","isolation":"isolated","type":"BUILTIN","md5":""}
min_by(BITMAP,PERCENTILE)	BITMAP	Aggregate	VARBINARY	{"fid":"0","symbol":"","file":"","isolation":"isolated","type":"BUILTIN","md5":""}
min_by(BITMAP,SMALLINT)	BITMAP	Aggregate	VARBINARY	{"fid":"0","symbol":"","file":"","isolation":"isolated","type":"BUILTIN","md5":""}
min_by(BITMAP,TIME)	BITMAP	Aggregate	VARBINARY	{"fid":"0","symbol":"","file":"","isolation":"isolated","type":"BUILTIN","md5":""}
min_by(BITMAP,TINYINT)	BITMAP	Aggregate	VARBINARY	{"fid":"0","symbol":"","file":"","isolation":"isolated","type":"BUILTIN","md5":""}
min_by(BITMAP,UNKNOWN_TYPE)	BITMAP	Aggregate	VARBINARY	{"fid":"0","symbol":"","file":"","isolation":"isolated","type":"BUILTIN","md5":""}
min_by(BITMAP,VARBINARY)	BITMAP	Aggregate	VARBINARY	{"fid":"0","symbol":"","file":"","isolation":"isolated","type":"BUILTIN","md5":""}
min_by(BITMAP,VARCHAR)	BITMAP	Aggregate	VARBINARY	{"fid":"0","symbol":"","file":"","isolation":"isolated","type":"BUILTIN","md5":""}
min_by(BOOLEAN,BIGINT)	BOOLEAN	Aggregate	VARBINARY	{"fid":"0","symbol":"","file":"","isolation":"isolated","type":"BUILTIN","md5":""}
min_by(BOOLEAN,BITMAP)	BOOLEAN	Aggregate	VARBINARY	{"fid":"0","symbol":"","file":"","isolation":"isolated","type":"BUILTIN","md5":""}
min_by(BOOLEAN,BOOLEAN)	BOOLEAN	Aggregate	VARBINARY	{"fid":"0","symbol":"","file":"","isolation":"isolated","type":"BUILTIN","md5":""}
min_by(BOOLEAN,DATE)	BOOLEAN	Aggregate	VARBINARY	{"fid":"0","symbol":"","file":"","isolation":"isolated","type":"BUILTIN","md5":""}
min_by(BOOLEAN,DATETIME)	BOOLEAN	Aggregate	VARBINARY	{"fid":"0","symbol":"","file":"","isolation":"isolated","type":"BUILTIN","md5":""}
min_by(BOOLEAN,DECIMAL128)	BOOLEAN	Aggregate	VARBINARY	{"fid":"0","symbol":"","file":"","isolation":"isolated","type":"BUILTIN","md5":""}
min_by(BOOLEAN,DECIMAL256)	BOOLEAN	Aggregate	VARBINARY	{"fid":"0","symbol":"","file":"","isolation":"isolated","type":"BUILTIN","md5":""}
min_by(BOOLEAN,DECIMAL32)	BOOLEAN	Aggregate	VARBINARY	{"fid":"0","symbol":"","file":"","isolation":"isolated","type":"BUILTIN","md5":""}
min_by(BOOLEAN,DECIMAL64)	BOOLEAN	Aggregate	VARBINARY	{"fid":"0","symbol":"","file":"","isolation":"isolated","type":"BUILTIN","md5":""}
min_by(BOOLEAN,DECIMALV2)	BOOLEAN	Aggregate	VARBINARY	{"fid":"0","symbol":"","file":"","isolation":"isolated","type":"BUILTIN","md5":""}
min_by(BOOLEAN,DOUBLE)	BOOLEAN	Aggregate	VARBINARY	{"fid":"0","symbol":"","file":"","isolation":"isolated","type":"BUILTIN","md5":""}
min_by(BOOLEAN,FLOAT)	BOOLEAN	Aggregate	VARBINARY	{"fid":"0","symbol":"","file":"","isolation":"isolated","type":"BUILTIN","md5":""}
min_by(BOOLEAN,HLL)	BOOLEAN	Aggregate	VARBINARY	{"fid":"0","symbol":"","file":"","isolation":"isolated","type":"BUILTIN","md5":""}
min_by(BOOLEAN,INT)	BOOLEAN	Aggregate	VARBINARY	{"fid":"0","symbol":"","file":"","isolation":"isolated","type":"BUILTIN","md5":""}
min_by(BOOLEAN,JSON)	BOOLEAN	Aggregate	VARBINARY	{"fid":"0","symbol":"","file":"","isolation":"isolated","type":"BUILTIN","md5":""}
min_by(BOOLEAN,LARGEINT)	BOOLEAN	Aggregate	VARBINARY	{"fid":"0","symbol":"","file":"","isolation":"isolated","type":"BUILTIN","md5":""}
min_by(BOOLEAN,PERCENTILE)	BOOLEAN	Aggregate	VARBINARY	{"fid":"0","symbol":"","file":"","isolation":"isolated","type":"BUILTIN","md5":""}
min_by(BOOLEAN,SMALLINT)	BOOLEAN	Aggregate	VARBINARY	{"fid":"0","symbol":"","file":"","isolation":"isolated","type":"BUILTIN","md5":""}
min_by(BOOLEAN,TIME)	BOOLEAN	Aggregate	VARBINARY	{"fid":"0","symbol":"","file":"","isolation":"isolated","type":"BUILTIN","md5":""}
min_by(BOOLEAN,TINYINT)	BOOLEAN	Aggregate	VARBINARY	{"fid":"0","symbol":"","file":"","isolation":"isolated","type":"BUILTIN","md5":""}
min_by(BOOLEAN,UNKNOWN_TYPE)	BOOLEAN	Aggregate	VARBINARY	{"fid":"0","symbol":"","file":"","isolation":"isolated","type":"BUILTIN","md5":""}
min_by(BOOLEAN,VARBINARY)	BOOLEAN	Aggregate	VARBINARY	{"fid":"0","symbol":"","file":"","isolation":"isolated","type":"BUILTIN","md5":""}
min_by(BOOLEAN,VARCHAR)	BOOLEAN	Aggregate	VARBINARY	{"fid":"0","symbol":"","file":"","isolation":"isolated","type":"BUILTIN","md5":""}
min_by(DATE,BIGINT)	DATE	Aggregate	VARBINARY	{"fid":"0","symbol":"","file":"","isolation":"isolated","type":"BUILTIN","md5":""}
min_by(DATE,BITMAP)	DATE	Aggregate	VARBINARY	{"fid":"0","symbol":"","file":"","isolation":"isolated","type":"BUILTIN","md5":""}
min_by(DATE,BOOLEAN)	DATE	Aggregate	VARBINARY	{"fid":"0","symbol":"","file":"","isolation":"isolated","type":"BUILTIN","md5":""}
min_by(DATE,DATE)	DATE	Aggregate	VARBINARY	{"fid":"0","symbol":"","file":"","isolation":"isolated","type":"BUILTIN","md5":""}
min_by(DATE,DATETIME)	DATE	Aggregate	VARBINARY	{"fid":"0","symbol":"","file":"","isolation":"isolated","type":"BUILTIN","md5":""}
min_by(DATE,DECIMAL128)	DATE	Aggregate	VARBINARY	{"fid":"0","symbol":"","file":"","isolation":"isolated","type":"BUILTIN","md5":""}
min_by(DATE,DECIMAL256)	DATE	Aggregate	VARBINARY	{"fid":"0","symbol":"","file":"","isolation":"isolated","type":"BUILTIN","md5":""}
min_by(DATE,DECIMAL32)	DATE	Aggregate	VARBINARY	{"fid":"0","symbol":"","file":"","isolation":"isolated","type":"BUILTIN","md5":""}
min_by(DATE,DECIMAL64)	DATE	Aggregate	VARBINARY	{"fid":"0","symbol":"","file":"","isolation":"isolated","type":"BUILTIN","md5":""}
min_by(DATE,DECIMALV2)	DATE	Aggregate	VARBINARY	{"fid":"0","symbol":"","file":"","isolation":"isolated","type":"BUILTIN","md5":""}
min_by(DATE,DOUBLE)	DATE	Aggregate	VARBINARY	{"fid":"0","symbol":"","file":"","isolation":"isolated","type":"BUILTIN","md5":""}
min_by(DATE,FLOAT)	DATE	Aggregate	VARBINARY	{"fid":"0","symbol":"","file":"","isolation":"isolated","type":"BUILTIN","md5":""}
min_by(DATE,HLL)	DATE	Aggregate	VARBINARY	{"fid":"0","symbol":"","file":"","isolation":"isolated","type":"BUILTIN","md5":""}
min_by(DATE,INT)	DATE	Aggregate	VARBINARY	{"fid":"0","symbol":"","file":"","isolation":"isolated","type":"BUILTIN","md5":""}
min_by(DATE,JSON)	DATE	Aggregate	VARBINARY	{"fid":"0","symbol":"","file":"","isolation":"isolated","type":"BUILTIN","md5":""}
min_by(DATE,LARGEINT)	DATE	Aggregate	VARBINARY	{"fid":"0","symbol":"","file":"","isolation":"isolated","type":"BUILTIN","md5":""}
min_by(DATE,PERCENTILE)	DATE	Aggregate	VARBINARY	{"fid":"0","symbol":"","file":"","isolation":"isolated","type":"BUILTIN","md5":""}
min_by(DATE,SMALLINT)	DATE	Aggregate	VARBINARY	{"fid":"0","symbol":"","file":"","isolation":"isolated","type":"BUILTIN","md5":""}
min_by(DATE,TIME)	DATE	Aggregate	VARBINARY	{"fid":"0","symbol":"","file":"","isolation":"isolated","type":"BUILTIN","md5":""}
min_by(DATE,TINYINT)	DATE	Aggregate	VARBINARY	{"fid":"0","symbol":"","file":"","isolation":"isolated","type":"BUILTIN","md5":""}
min_by(DATE,UNKNOWN_TYPE)	DATE	Aggregate	VARBINARY	{"fid":"0","symbol":"","file":"","isolation":"isolated","type":"BUILTIN","md5":""}
min_by(DATE,VARBINARY)	DATE	Aggregate	VARBINARY	{"fid":"0","symbol":"","file":"","isolation":"isolated","type":"BUILTIN","md5":""}
min_by(DATE,VARCHAR)	DATE	Aggregate	VARBINARY	{"fid":"0","symbol":"","file":"","isolation":"isolated","type":"BUILTIN","md5":""}
min_by(DATETIME,BIGINT)	DATETIME	Aggregate	VARBINARY	{"fid":"0","symbol":"","file":"","isolation":"isolated","type":"BUILTIN","md5":""}
min_by(DATETIME,BITMAP)	DATETIME	Aggregate	VARBINARY	{"fid":"0","symbol":"","file":"","isolation":"isolated","type":"BUILTIN","md5":""}
min_by(DATETIME,BOOLEAN)	DATETIME	Aggregate	VARBINARY	{"fid":"0","symbol":"","file":"","isolation":"isolated","type":"BUILTIN","md5":""}
min_by(DATETIME,DATE)	DATETIME	Aggregate	VARBINARY	{"fid":"0","symbol":"","file":"","isolation":"isolated","type":"BUILTIN","md5":""}
min_by(DATETIME,DATETIME)	DATETIME	Aggregate	VARBINARY	{"fid":"0","symbol":"","file":"","isolation":"isolated","type":"BUILTIN","md5":""}
min_by(DATETIME,DECIMAL128)	DATETIME	Aggregate	VARBINARY	{"fid":"0","symbol":"","file":"","isolation":"isolated","type":"BUILTIN","md5":""}
min_by(DATETIME,DECIMAL256)	DATETIME	Aggregate	VARBINARY	{"fid":"0","symbol":"","file":"","isolation":"isolated","type":"BUILTIN","md5":""}
min_by(DATETIME,DECIMAL32)	DATETIME	Aggregate	VARBINARY	{"fid":"0","symbol":"","file":"","isolation":"isolated","type":"BUILTIN","md5":""}
min_by(DATETIME,DECIMAL64)	DATETIME	Aggregate	VARBINARY	{"fid":"0","symbol":"","file":"","isolation":"isolated","type":"BUILTIN","md5":""}
min_by(DATETIME,DECIMALV2)	DATETIME	Aggregate	VARBINARY	{"fid":"0","symbol":"","file":"","isolation":"isolated","type":"BUILTIN","md5":""}
min_by(DATETIME,DOUBLE)	DATETIME	Aggregate	VARBINARY	{"fid":"0","symbol":"","file":"","isolation":"isolated","type":"BUILTIN","md5":""}
min_by(DATETIME,FLOAT)	DATETIME	Aggregate	VARBINARY	{"fid":"0","symbol":"","file":"","isolation":"isolated","type":"BUILTIN","md5":""}
min_by(DATETIME,HLL)	DATETIME	Aggregate	VARBINARY	{"fid":"0","symbol":"","file":"","isolation":"isolated","type":"BUILTIN","md5":""}
min_by(DATETIME,INT)	DATETIME	Aggregate	VARBINARY	{"fid":"0","symbol":"","file":"","isolation":"isolated","type":"BUILTIN","md5":""}
min_by(DATETIME,JSON)	DATETIME	Aggregate	VARBINARY	{"fid":"0","symbol":"","file":"","isolation":"isolated","type":"BUILTIN","md5":""}
min_by(DATETIME,LARGEINT)	DATETIME	Aggregate	VARBINARY	{"fid":"0","symbol":"","file":"","isolation":"isolated","type":"BUILTIN","md5":""}
min_by(DATETIME,PERCENTILE)	DATETIME	Aggregate	VARBINARY	{"fid":"0","symbol":"","file":"","isolation":"isolated","type":"BUILTIN","md5":""}
min_by(DATETIME,SMALLINT)	DATETIME	Aggregate	VARBINARY	{"fid":"0","symbol":"","file":"","isolation":"isolated","type":"BUILTIN","md5":""}
min_by(DATETIME,TIME)	DATETIME	Aggregate	VARBINARY	{"fid":"0","symbol":"","file":"","isolation":"isolated","type":"BUILTIN","md5":""}
min_by(DATETIME,TINYINT)	DATETIME	Aggregate	VARBINARY	{"fid":"0","symbol":"","file":"","isolation":"isolated","type":"BUILTIN","md5":""}
min_by(DATETIME,UNKNOWN_TYPE)	DATETIME	Aggregate	VARBINARY	{"fid":"0","symbol":"","file":"","isolation":"isolated","type":"BUILTIN","md5":""}
min_by(DATETIME,VARBINARY)	DATETIME	Aggregate	VARBINARY	{"fid":"0","symbol":"","file":"","isolation":"isolated","type":"BUILTIN","md5":""}
min_by(DATETIME,VARCHAR)	DATETIME	Aggregate	VARBINARY	{"fid":"0","symbol":"","file":"","isolation":"isolated","type":"BUILTIN","md5":""}
min_by(DECIMAL128,BIGINT)	DECIMAL128	Aggregate	VARBINARY	{"fid":"0","symbol":"","file":"","isolation":"isolated","type":"BUILTIN","md5":""}
min_by(DECIMAL128,BITMAP)	DECIMAL128	Aggregate	VARBINARY	{"fid":"0","symbol":"","file":"","isolation":"isolated","type":"BUILTIN","md5":""}
min_by(DECIMAL128,BOOLEAN)	DECIMAL128	Aggregate	VARBINARY	{"fid":"0","symbol":"","file":"","isolation":"isolated","type":"BUILTIN","md5":""}
min_by(DECIMAL128,DATE)	DECIMAL128	Aggregate	VARBINARY	{"fid":"0","symbol":"","file":"","isolation":"isolated","type":"BUILTIN","md5":""}
min_by(DECIMAL128,DATETIME)	DECIMAL128	Aggregate	VARBINARY	{"fid":"0","symbol":"","file":"","isolation":"isolated","type":"BUILTIN","md5":""}
min_by(DECIMAL128,DECIMAL128)	DECIMAL128	Aggregate	VARBINARY	{"fid":"0","symbol":"","file":"","isolation":"isolated","type":"BUILTIN","md5":""}
min_by(DECIMAL128,DECIMAL256)	DECIMAL128	Aggregate	VARBINARY	{"fid":"0","symbol":"","file":"","isolation":"isolated","type":"BUILTIN","md5":""}
min_by(DECIMAL128,DECIMAL32)	DECIMAL128	Aggregate	VARBINARY	{"fid":"0","symbol":"","file":"","isolation":"isolated","type":"BUILTIN","md5":""}
min_by(DECIMAL128,DECIMAL64)	DECIMAL128	Aggregate	VARBINARY	{"fid":"0","symbol":"","file":"","isolation":"isolated","type":"BUILTIN","md5":""}
min_by(DECIMAL128,DECIMALV2)	DECIMAL128	Aggregate	VARBINARY	{"fid":"0","symbol":"","file":"","isolation":"isolated","type":"BUILTIN","md5":""}
min_by(DECIMAL128,DOUBLE)	DECIMAL128	Aggregate	VARBINARY	{"fid":"0","symbol":"","file":"","isolation":"isolated","type":"BUILTIN","md5":""}
min_by(DECIMAL128,FLOAT)	DECIMAL128	Aggregate	VARBINARY	{"fid":"0","symbol":"","file":"","isolation":"isolated","type":"BUILTIN","md5":""}
min_by(DECIMAL128,HLL)	DECIMAL128	Aggregate	VARBINARY	{"fid":"0","symbol":"","file":"","isolation":"isolated","type":"BUILTIN","md5":""}
min_by(DECIMAL128,INT)	DECIMAL128	Aggregate	VARBINARY	{"fid":"0","symbol":"","file":"","isolation":"isolated","type":"BUILTIN","md5":""}
min_by(DECIMAL128,JSON)	DECIMAL128	Aggregate	VARBINARY	{"fid":"0","symbol":"","file":"","isolation":"isolated","type":"BUILTIN","md5":""}
min_by(DECIMAL128,LARGEINT)	DECIMAL128	Aggregate	VARBINARY	{"fid":"0","symbol":"","file":"","isolation":"isolated","type":"BUILTIN","md5":""}
min_by(DECIMAL128,PERCENTILE)	DECIMAL128	Aggregate	VARBINARY	{"fid":"0","symbol":"","file":"","isolation":"isolated","type":"BUILTIN","md5":""}
min_by(DECIMAL128,SMALLINT)	DECIMAL128	Aggregate	VARBINARY	{"fid":"0","symbol":"","file":"","isolation":"isolated","type":"BUILTIN","md5":""}
min_by(DECIMAL128,TIME)	DECIMAL128	Aggregate	VARBINARY	{"fid":"0","symbol":"","file":"","isolation":"isolated","type":"BUILTIN","md5":""}
min_by(DECIMAL128,TINYINT)	DECIMAL128	Aggregate	VARBINARY	{"fid":"0","symbol":"","file":"","isolation":"isolated","type":"BUILTIN","md5":""}
min_by(DECIMAL128,UNKNOWN_TYPE)	DECIMAL128	Aggregate	VARBINARY	{"fid":"0","symbol":"","file":"","isolation":"isolated","type":"BUILTIN","md5":""}
min_by(DECIMAL128,VARBINARY)	DECIMAL128	Aggregate	VARBINARY	{"fid":"0","symbol":"","file":"","isolation":"isolated","type":"BUILTIN","md5":""}
min_by(DECIMAL128,VARCHAR)	DECIMAL128	Aggregate	VARBINARY	{"fid":"0","symbol":"","file":"","isolation":"isolated","type":"BUILTIN","md5":""}
min_by(DECIMAL256,BIGINT)	DECIMAL256	Aggregate	VARBINARY	{"fid":"0","symbol":"","file":"","isolation":"isolated","type":"BUILTIN","md5":""}
min_by(DECIMAL256,BITMAP)	DECIMAL256	Aggregate	VARBINARY	{"fid":"0","symbol":"","file":"","isolation":"isolated","type":"BUILTIN","md5":""}
min_by(DECIMAL256,BOOLEAN)	DECIMAL256	Aggregate	VARBINARY	{"fid":"0","symbol":"","file":"","isolation":"isolated","type":"BUILTIN","md5":""}
min_by(DECIMAL256,DATE)	DECIMAL256	Aggregate	VARBINARY	{"fid":"0","symbol":"","file":"","isolation":"isolated","type":"BUILTIN","md5":""}
min_by(DECIMAL256,DATETIME)	DECIMAL256	Aggregate	VARBINARY	{"fid":"0","symbol":"","file":"","isolation":"isolated","type":"BUILTIN","md5":""}
min_by(DECIMAL256,DECIMAL128)	DECIMAL256	Aggregate	VARBINARY	{"fid":"0","symbol":"","file":"","isolation":"isolated","type":"BUILTIN","md5":""}
min_by(DECIMAL256,DECIMAL256)	DECIMAL256	Aggregate	VARBINARY	{"fid":"0","symbol":"","file":"","isolation":"isolated","type":"BUILTIN","md5":""}
min_by(DECIMAL256,DECIMAL32)	DECIMAL256	Aggregate	VARBINARY	{"fid":"0","symbol":"","file":"","isolation":"isolated","type":"BUILTIN","md5":""}
min_by(DECIMAL256,DECIMAL64)	DECIMAL256	Aggregate	VARBINARY	{"fid":"0","symbol":"","file":"","isolation":"isolated","type":"BUILTIN","md5":""}
min_by(DECIMAL256,DECIMALV2)	DECIMAL256	Aggregate	VARBINARY	{"fid":"0","symbol":"","file":"","isolation":"isolated","type":"BUILTIN","md5":""}
min_by(DECIMAL256,DOUBLE)	DECIMAL256	Aggregate	VARBINARY	{"fid":"0","symbol":"","file":"","isolation":"isolated","type":"BUILTIN","md5":""}
min_by(DECIMAL256,FLOAT)	DECIMAL256	Aggregate	VARBINARY	{"fid":"0","symbol":"","file":"","isolation":"isolated","type":"BUILTIN","md5":""}
min_by(DECIMAL256,HLL)	DECIMAL256	Aggregate	VARBINARY	{"fid":"0","symbol":"","file":"","isolation":"isolated","type":"BUILTIN","md5":""}
min_by(DECIMAL256,INT)	DECIMAL256	Aggregate	VARBINARY	{"fid":"0","symbol":"","file":"","isolation":"isolated","type":"BUILTIN","md5":""}
min_by(DECIMAL256,JSON)	DECIMAL256	Aggregate	VARBINARY	{"fid":"0","symbol":"","file":"","isolation":"isolated","type":"BUILTIN","md5":""}
min_by(DECIMAL256,LARGEINT)	DECIMAL256	Aggregate	VARBINARY	{"fid":"0","symbol":"","file":"","isolation":"isolated","type":"BUILTIN","md5":""}
min_by(DECIMAL256,PERCENTILE)	DECIMAL256	Aggregate	VARBINARY	{"fid":"0","symbol":"","file":"","isolation":"isolated","type":"BUILTIN","md5":""}
min_by(DECIMAL256,SMALLINT)	DECIMAL256	Aggregate	VARBINARY	{"fid":"0","symbol":"","file":"","isolation":"isolated","type":"BUILTIN","md5":""}
min_by(DECIMAL256,TIME)	DECIMAL256	Aggregate	VARBINARY	{"fid":"0","symbol":"","file":"","isolation":"isolated","type":"BUILTIN","md5":""}
min_by(DECIMAL256,TINYINT)	DECIMAL256	Aggregate	VARBINARY	{"fid":"0","symbol":"","file":"","isolation":"isolated","type":"BUILTIN","md5":""}
min_by(DECIMAL256,UNKNOWN_TYPE)	DECIMAL256	Aggregate	VARBINARY	{"fid":"0","symbol":"","file":"","isolation":"isolated","type":"BUILTIN","md5":""}
min_by(DECIMAL256,VARBINARY)	DECIMAL256	Aggregate	VARBINARY	{"fid":"0","symbol":"","file":"","isolation":"isolated","type":"BUILTIN","md5":""}
min_by(DECIMAL256,VARCHAR)	DECIMAL256	Aggregate	VARBINARY	{"fid":"0","symbol":"","file":"","isolation":"isolated","type":"BUILTIN","md5":""}
min_by(DECIMAL32,BIGINT)	DECIMAL32	Aggregate	VARBINARY	{"fid":"0","symbol":"","file":"","isolation":"isolated","type":"BUILTIN","md5":""}
min_by(DECIMAL32,BITMAP)	DECIMAL32	Aggregate	VARBINARY	{"fid":"0","symbol":"","file":"","isolation":"isolated","type":"BUILTIN","md5":""}
min_by(DECIMAL32,BOOLEAN)	DECIMAL32	Aggregate	VARBINARY	{"fid":"0","symbol":"","file":"","isolation":"isolated","type":"BUILTIN","md5":""}
min_by(DECIMAL32,DATE)	DECIMAL32	Aggregate	VARBINARY	{"fid":"0","symbol":"","file":"","isolation":"isolated","type":"BUILTIN","md5":""}
min_by(DECIMAL32,DATETIME)	DECIMAL32	Aggregate	VARBINARY	{"fid":"0","symbol":"","file":"","isolation":"isolated","type":"BUILTIN","md5":""}
min_by(DECIMAL32,DECIMAL128)	DECIMAL32	Aggregate	VARBINARY	{"fid":"0","symbol":"","file":"","isolation":"isolated","type":"BUILTIN","md5":""}
min_by(DECIMAL32,DECIMAL256)	DECIMAL32	Aggregate	VARBINARY	{"fid":"0","symbol":"","file":"","isolation":"isolated","type":"BUILTIN","md5":""}
min_by(DECIMAL32,DECIMAL32)	DECIMAL32	Aggregate	VARBINARY	{"fid":"0","symbol":"","file":"","isolation":"isolated","type":"BUILTIN","md5":""}
min_by(DECIMAL32,DECIMAL64)	DECIMAL32	Aggregate	VARBINARY	{"fid":"0","symbol":"","file":"","isolation":"isolated","type":"BUILTIN","md5":""}
min_by(DECIMAL32,DECIMALV2)	DECIMAL32	Aggregate	VARBINARY	{"fid":"0","symbol":"","file":"","isolation":"isolated","type":"BUILTIN","md5":""}
min_by(DECIMAL32,DOUBLE)	DECIMAL32	Aggregate	VARBINARY	{"fid":"0","symbol":"","file":"","isolation":"isolated","type":"BUILTIN","md5":""}
min_by(DECIMAL32,FLOAT)	DECIMAL32	Aggregate	VARBINARY	{"fid":"0","symbol":"","file":"","isolation":"isolated","type":"BUILTIN","md5":""}
min_by(DECIMAL32,HLL)	DECIMAL32	Aggregate	VARBINARY	{"fid":"0","symbol":"","file":"","isolation":"isolated","type":"BUILTIN","md5":""}
min_by(DECIMAL32,INT)	DECIMAL32	Aggregate	VARBINARY	{"fid":"0","symbol":"","file":"","isolation":"isolated","type":"BUILTIN","md5":""}
min_by(DECIMAL32,JSON)	DECIMAL32	Aggregate	VARBINARY	{"fid":"0","symbol":"","file":"","isolation":"isolated","type":"BUILTIN","md5":""}
min_by(DECIMAL32,LARGEINT)	DECIMAL32	Aggregate	VARBINARY	{"fid":"0","symbol":"","file":"","isolation":"isolated","type":"BUILTIN","md5":""}
min_by(DECIMAL32,PERCENTILE)	DECIMAL32	Aggregate	VARBINARY	{"fid":"0","symbol":"","file":"","isolation":"isolated","type":"BUILTIN","md5":""}
min_by(DECIMAL32,SMALLINT)	DECIMAL32	Aggregate	VARBINARY	{"fid":"0","symbol":"","file":"","isolation":"isolated","type":"BUILTIN","md5":""}
min_by(DECIMAL32,TIME)	DECIMAL32	Aggregate	VARBINARY	{"fid":"0","symbol":"","file":"","isolation":"isolated","type":"BUILTIN","md5":""}
min_by(DECIMAL32,TINYINT)	DECIMAL32	Aggregate	VARBINARY	{"fid":"0","symbol":"","file":"","isolation":"isolated","type":"BUILTIN","md5":""}
min_by(DECIMAL32,UNKNOWN_TYPE)	DECIMAL32	Aggregate	VARBINARY	{"fid":"0","symbol":"","file":"","isolation":"isolated","type":"BUILTIN","md5":""}
min_by(DECIMAL32,VARBINARY)	DECIMAL32	Aggregate	VARBINARY	{"fid":"0","symbol":"","file":"","isolation":"isolated","type":"BUILTIN","md5":""}
min_by(DECIMAL32,VARCHAR)	DECIMAL32	Aggregate	VARBINARY	{"fid":"0","symbol":"","file":"","isolation":"isolated","type":"BUILTIN","md5":""}
min_by(DECIMAL64,BIGINT)	DECIMAL64	Aggregate	VARBINARY	{"fid":"0","symbol":"","file":"","isolation":"isolated","type":"BUILTIN","md5":""}
min_by(DECIMAL64,BITMAP)	DECIMAL64	Aggregate	VARBINARY	{"fid":"0","symbol":"","file":"","isolation":"isolated","type":"BUILTIN","md5":""}
min_by(DECIMAL64,BOOLEAN)	DECIMAL64	Aggregate	VARBINARY	{"fid":"0","symbol":"","file":"","isolation":"isolated","type":"BUILTIN","md5":""}
min_by(DECIMAL64,DATE)	DECIMAL64	Aggregate	VARBINARY	{"fid":"0","symbol":"","file":"","isolation":"isolated","type":"BUILTIN","md5":""}
min_by(DECIMAL64,DATETIME)	DECIMAL64	Aggregate	VARBINARY	{"fid":"0","symbol":"","file":"","isolation":"isolated","type":"BUILTIN","md5":""}
min_by(DECIMAL64,DECIMAL128)	DECIMAL64	Aggregate	VARBINARY	{"fid":"0","symbol":"","file":"","isolation":"isolated","type":"BUILTIN","md5":""}
min_by(DECIMAL64,DECIMAL256)	DECIMAL64	Aggregate	VARBINARY	{"fid":"0","symbol":"","file":"","isolation":"isolated","type":"BUILTIN","md5":""}
min_by(DECIMAL64,DECIMAL32)	DECIMAL64	Aggregate	VARBINARY	{"fid":"0","symbol":"","file":"","isolation":"isolated","type":"BUILTIN","md5":""}
min_by(DECIMAL64,DECIMAL64)	DECIMAL64	Aggregate	VARBINARY	{"fid":"0","symbol":"","file":"","isolation":"isolated","type":"BUILTIN","md5":""}
min_by(DECIMAL64,DECIMALV2)	DECIMAL64	Aggregate	VARBINARY	{"fid":"0","symbol":"","file":"","isolation":"isolated","type":"BUILTIN","md5":""}
min_by(DECIMAL64,DOUBLE)	DECIMAL64	Aggregate	VARBINARY	{"fid":"0","symbol":"","file":"","isolation":"isolated","type":"BUILTIN","md5":""}
min_by(DECIMAL64,FLOAT)	DECIMAL64	Aggregate	VARBINARY	{"fid":"0","symbol":"","file":"","isolation":"isolated","type":"BUILTIN","md5":""}
min_by(DECIMAL64,HLL)	DECIMAL64	Aggregate	VARBINARY	{"fid":"0","symbol":"","file":"","isolation":"isolated","type":"BUILTIN","md5":""}
min_by(DECIMAL64,INT)	DECIMAL64	Aggregate	VARBINARY	{"fid":"0","symbol":"","file":"","isolation":"isolated","type":"BUILTIN","md5":""}
min_by(DECIMAL64,JSON)	DECIMAL64	Aggregate	VARBINARY	{"fid":"0","symbol":"","file":"","isolation":"isolated","type":"BUILTIN","md5":""}
min_by(DECIMAL64,LARGEINT)	DECIMAL64	Aggregate	VARBINARY	{"fid":"0","symbol":"","file":"","isolation":"isolated","type":"BUILTIN","md5":""}
min_by(DECIMAL64,PERCENTILE)	DECIMAL64	Aggregate	VARBINARY	{"fid":"0","symbol":"","file":"","isolation":"isolated","type":"BUILTIN","md5":""}
min_by(DECIMAL64,SMALLINT)	DECIMAL64	Aggregate	VARBINARY	{"fid":"0","symbol":"","file":"","isolation":"isolated","type":"BUILTIN","md5":""}
min_by(DECIMAL64,TIME)	DECIMAL64	Aggregate	VARBINARY	{"fid":"0","symbol":"","file":"","isolation":"isolated","type":"BUILTIN","md5":""}
min_by(DECIMAL64,TINYINT)	DECIMAL64	Aggregate	VARBINARY	{"fid":"0","symbol":"","file":"","isolation":"isolated","type":"BUILTIN","md5":""}
min_by(DECIMAL64,UNKNOWN_TYPE)	DECIMAL64	Aggregate	VARBINARY	{"fid":"0","symbol":"","file":"","isolation":"isolated","type":"BUILTIN","md5":""}
min_by(DECIMAL64,VARBINARY)	DECIMAL64	Aggregate	VARBINARY	{"fid":"0","symbol":"","file":"","isolation":"isolated","type":"BUILTIN","md5":""}
min_by(DECIMAL64,VARCHAR)	DECIMAL64	Aggregate	VARBINARY	{"fid":"0","symbol":"","file":"","isolation":"isolated","type":"BUILTIN","md5":""}
min_by(DECIMALV2,BIGINT)	DECIMALV2	Aggregate	VARBINARY	{"fid":"0","symbol":"","file":"","isolation":"isolated","type":"BUILTIN","md5":""}
min_by(DECIMALV2,BITMAP)	DECIMALV2	Aggregate	VARBINARY	{"fid":"0","symbol":"","file":"","isolation":"isolated","type":"BUILTIN","md5":""}
min_by(DECIMALV2,BOOLEAN)	DECIMALV2	Aggregate	VARBINARY	{"fid":"0","symbol":"","file":"","isolation":"isolated","type":"BUILTIN","md5":""}
min_by(DECIMALV2,DATE)	DECIMALV2	Aggregate	VARBINARY	{"fid":"0","symbol":"","file":"","isolation":"isolated","type":"BUILTIN","md5":""}
min_by(DECIMALV2,DATETIME)	DECIMALV2	Aggregate	VARBINARY	{"fid":"0","symbol":"","file":"","isolation":"isolated","type":"BUILTIN","md5":""}
min_by(DECIMALV2,DECIMAL128)	DECIMALV2	Aggregate	VARBINARY	{"fid":"0","symbol":"","file":"","isolation":"isolated","type":"BUILTIN","md5":""}
min_by(DECIMALV2,DECIMAL256)	DECIMALV2	Aggregate	VARBINARY	{"fid":"0","symbol":"","file":"","isolation":"isolated","type":"BUILTIN","md5":""}
min_by(DECIMALV2,DECIMAL32)	DECIMALV2	Aggregate	VARBINARY	{"fid":"0","symbol":"","file":"","isolation":"isolated","type":"BUILTIN","md5":""}
min_by(DECIMALV2,DECIMAL64)	DECIMALV2	Aggregate	VARBINARY	{"fid":"0","symbol":"","file":"","isolation":"isolated","type":"BUILTIN","md5":""}
min_by(DECIMALV2,DECIMALV2)	DECIMALV2	Aggregate	VARBINARY	{"fid":"0","symbol":"","file":"","isolation":"isolated","type":"BUILTIN","md5":""}
min_by(DECIMALV2,DOUBLE)	DECIMALV2	Aggregate	VARBINARY	{"fid":"0","symbol":"","file":"","isolation":"isolated","type":"BUILTIN","md5":""}
min_by(DECIMALV2,FLOAT)	DECIMALV2	Aggregate	VARBINARY	{"fid":"0","symbol":"","file":"","isolation":"isolated","type":"BUILTIN","md5":""}
min_by(DECIMALV2,HLL)	DECIMALV2	Aggregate	VARBINARY	{"fid":"0","symbol":"","file":"","isolation":"isolated","type":"BUILTIN","md5":""}
min_by(DECIMALV2,INT)	DECIMALV2	Aggregate	VARBINARY	{"fid":"0","symbol":"","file":"","isolation":"isolated","type":"BUILTIN","md5":""}
min_by(DECIMALV2,JSON)	DECIMALV2	Aggregate	VARBINARY	{"fid":"0","symbol":"","file":"","isolation":"isolated","type":"BUILTIN","md5":""}
min_by(DECIMALV2,LARGEINT)	DECIMALV2	Aggregate	VARBINARY	{"fid":"0","symbol":"","file":"","isolation":"isolated","type":"BUILTIN","md5":""}
min_by(DECIMALV2,PERCENTILE)	DECIMALV2	Aggregate	VARBINARY	{"fid":"0","symbol":"","file":"","isolation":"isolated","type":"BUILTIN","md5":""}
min_by(DECIMALV2,SMALLINT)	DECIMALV2	Aggregate	VARBINARY	{"fid":"0","symbol":"","file":"","isolation":"isolated","type":"BUILTIN","md5":""}
min_by(DECIMALV2,TIME)	DECIMALV2	Aggregate	VARBINARY	{"fid":"0","symbol":"","file":"","isolation":"isolated","type":"BUILTIN","md5":""}
min_by(DECIMALV2,TINYINT)	DECIMALV2	Aggregate	VARBINARY	{"fid":"0","symbol":"","file":"","isolation":"isolated","type":"BUILTIN","md5":""}
min_by(DECIMALV2,UNKNOWN_TYPE)	DECIMALV2	Aggregate	VARBINARY	{"fid":"0","symbol":"","file":"","isolation":"isolated","type":"BUILTIN","md5":""}
min_by(DECIMALV2,VARBINARY)	DECIMALV2	Aggregate	VARBINARY	{"fid":"0","symbol":"","file":"","isolation":"isolated","type":"BUILTIN","md5":""}
min_by(DECIMALV2,VARCHAR)	DECIMALV2	Aggregate	VARBINARY	{"fid":"0","symbol":"","file":"","isolation":"isolated","type":"BUILTIN","md5":""}
min_by(DOUBLE,BIGINT)	DOUBLE	Aggregate	VARBINARY	{"fid":"0","symbol":"","file":"","isolation":"isolated","type":"BUILTIN","md5":""}
min_by(DOUBLE,BITMAP)	DOUBLE	Aggregate	VARBINARY	{"fid":"0","symbol":"","file":"","isolation":"isolated","type":"BUILTIN","md5":""}
min_by(DOUBLE,BOOLEAN)	DOUBLE	Aggregate	VARBINARY	{"fid":"0","symbol":"","file":"","isolation":"isolated","type":"BUILTIN","md5":""}
min_by(DOUBLE,DATE)	DOUBLE	Aggregate	VARBINARY	{"fid":"0","symbol":"","file":"","isolation":"isolated","type":"BUILTIN","md5":""}
min_by(DOUBLE,DATETIME)	DOUBLE	Aggregate	VARBINARY	{"fid":"0","symbol":"","file":"","isolation":"isolated","type":"BUILTIN","md5":""}
min_by(DOUBLE,DECIMAL128)	DOUBLE	Aggregate	VARBINARY	{"fid":"0","symbol":"","file":"","isolation":"isolated","type":"BUILTIN","md5":""}
min_by(DOUBLE,DECIMAL256)	DOUBLE	Aggregate	VARBINARY	{"fid":"0","symbol":"","file":"","isolation":"isolated","type":"BUILTIN","md5":""}
min_by(DOUBLE,DECIMAL32)	DOUBLE	Aggregate	VARBINARY	{"fid":"0","symbol":"","file":"","isolation":"isolated","type":"BUILTIN","md5":""}
min_by(DOUBLE,DECIMAL64)	DOUBLE	Aggregate	VARBINARY	{"fid":"0","symbol":"","file":"","isolation":"isolated","type":"BUILTIN","md5":""}
min_by(DOUBLE,DECIMALV2)	DOUBLE	Aggregate	VARBINARY	{"fid":"0","symbol":"","file":"","isolation":"isolated","type":"BUILTIN","md5":""}
min_by(DOUBLE,DOUBLE)	DOUBLE	Aggregate	VARBINARY	{"fid":"0","symbol":"","file":"","isolation":"isolated","type":"BUILTIN","md5":""}
min_by(DOUBLE,FLOAT)	DOUBLE	Aggregate	VARBINARY	{"fid":"0","symbol":"","file":"","isolation":"isolated","type":"BUILTIN","md5":""}
min_by(DOUBLE,HLL)	DOUBLE	Aggregate	VARBINARY	{"fid":"0","symbol":"","file":"","isolation":"isolated","type":"BUILTIN","md5":""}
min_by(DOUBLE,INT)	DOUBLE	Aggregate	VARBINARY	{"fid":"0","symbol":"","file":"","isolation":"isolated","type":"BUILTIN","md5":""}
min_by(DOUBLE,JSON)	DOUBLE	Aggregate	VARBINARY	{"fid":"0","symbol":"","file":"","isolation":"isolated","type":"BUILTIN","md5":""}
min_by(DOUBLE,LARGEINT)	DOUBLE	Aggregate	VARBINARY	{"fid":"0","symbol":"","file":"","isolation":"isolated","type":"BUILTIN","md5":""}
min_by(DOUBLE,PERCENTILE)	DOUBLE	Aggregate	VARBINARY	{"fid":"0","symbol":"","file":"","isolation":"isolated","type":"BUILTIN","md5":""}
min_by(DOUBLE,SMALLINT)	DOUBLE	Aggregate	VARBINARY	{"fid":"0","symbol":"","file":"","isolation":"isolated","type":"BUILTIN","md5":""}
min_by(DOUBLE,TIME)	DOUBLE	Aggregate	VARBINARY	{"fid":"0","symbol":"","file":"","isolation":"isolated","type":"BUILTIN","md5":""}
min_by(DOUBLE,TINYINT)	DOUBLE	Aggregate	VARBINARY	{"fid":"0","symbol":"","file":"","isolation":"isolated","type":"BUILTIN","md5":""}
min_by(DOUBLE,UNKNOWN_TYPE)	DOUBLE	Aggregate	VARBINARY	{"fid":"0","symbol":"","file":"","isolation":"isolated","type":"BUILTIN","md5":""}
min_by(DOUBLE,VARBINARY)	DOUBLE	Aggregate	VARBINARY	{"fid":"0","symbol":"","file":"","isolation":"isolated","type":"BUILTIN","md5":""}
min_by(DOUBLE,VARCHAR)	DOUBLE	Aggregate	VARBINARY	{"fid":"0","symbol":"","file":"","isolation":"isolated","type":"BUILTIN","md5":""}
min_by(FLOAT,BIGINT)	FLOAT	Aggregate	VARBINARY	{"fid":"0","symbol":"","file":"","isolation":"isolated","type":"BUILTIN","md5":""}
min_by(FLOAT,BITMAP)	FLOAT	Aggregate	VARBINARY	{"fid":"0","symbol":"","file":"","isolation":"isolated","type":"BUILTIN","md5":""}
min_by(FLOAT,BOOLEAN)	FLOAT	Aggregate	VARBINARY	{"fid":"0","symbol":"","file":"","isolation":"isolated","type":"BUILTIN","md5":""}
min_by(FLOAT,DATE)	FLOAT	Aggregate	VARBINARY	{"fid":"0","symbol":"","file":"","isolation":"isolated","type":"BUILTIN","md5":""}
min_by(FLOAT,DATETIME)	FLOAT	Aggregate	VARBINARY	{"fid":"0","symbol":"","file":"","isolation":"isolated","type":"BUILTIN","md5":""}
min_by(FLOAT,DECIMAL128)	FLOAT	Aggregate	VARBINARY	{"fid":"0","symbol":"","file":"","isolation":"isolated","type":"BUILTIN","md5":""}
min_by(FLOAT,DECIMAL256)	FLOAT	Aggregate	VARBINARY	{"fid":"0","symbol":"","file":"","isolation":"isolated","type":"BUILTIN","md5":""}
min_by(FLOAT,DECIMAL32)	FLOAT	Aggregate	VARBINARY	{"fid":"0","symbol":"","file":"","isolation":"isolated","type":"BUILTIN","md5":""}
min_by(FLOAT,DECIMAL64)	FLOAT	Aggregate	VARBINARY	{"fid":"0","symbol":"","file":"","isolation":"isolated","type":"BUILTIN","md5":""}
min_by(FLOAT,DECIMALV2)	FLOAT	Aggregate	VARBINARY	{"fid":"0","symbol":"","file":"","isolation":"isolated","type":"BUILTIN","md5":""}
min_by(FLOAT,DOUBLE)	FLOAT	Aggregate	VARBINARY	{"fid":"0","symbol":"","file":"","isolation":"isolated","type":"BUILTIN","md5":""}
min_by(FLOAT,FLOAT)	FLOAT	Aggregate	VARBINARY	{"fid":"0","symbol":"","file":"","isolation":"isolated","type":"BUILTIN","md5":""}
min_by(FLOAT,HLL)	FLOAT	Aggregate	VARBINARY	{"fid":"0","symbol":"","file":"","isolation":"isolated","type":"BUILTIN","md5":""}
min_by(FLOAT,INT)	FLOAT	Aggregate	VARBINARY	{"fid":"0","symbol":"","file":"","isolation":"isolated","type":"BUILTIN","md5":""}
min_by(FLOAT,JSON)	FLOAT	Aggregate	VARBINARY	{"fid":"0","symbol":"","file":"","isolation":"isolated","type":"BUILTIN","md5":""}
min_by(FLOAT,LARGEINT)	FLOAT	Aggregate	VARBINARY	{"fid":"0","symbol":"","file":"","isolation":"isolated","type":"BUILTIN","md5":""}
min_by(FLOAT,PERCENTILE)	FLOAT	Aggregate	VARBINARY	{"fid":"0","symbol":"","file":"","isolation":"isolated","type":"BUILTIN","md5":""}
min_by(FLOAT,SMALLINT)	FLOAT	Aggregate	VARBINARY	{"fid":"0","symbol":"","file":"","isolation":"isolated","type":"BUILTIN","md5":""}
min_by(FLOAT,TIME)	FLOAT	Aggregate	VARBINARY	{"fid":"0","symbol":"","file":"","isolation":"isolated","type":"BUILTIN","md5":""}
min_by(FLOAT,TINYINT)	FLOAT	Aggregate	VARBINARY	{"fid":"0","symbol":"","file":"","isolation":"isolated","type":"BUILTIN","md5":""}
min_by(FLOAT,UNKNOWN_TYPE)	FLOAT	Aggregate	VARBINARY	{"fid":"0","symbol":"","file":"","isolation":"isolated","type":"BUILTIN","md5":""}
min_by(FLOAT,VARBINARY)	FLOAT	Aggregate	VARBINARY	{"fid":"0","symbol":"","file":"","isolation":"isolated","type":"BUILTIN","md5":""}
min_by(FLOAT,VARCHAR)	FLOAT	Aggregate	VARBINARY	{"fid":"0","symbol":"","file":"","isolation":"isolated","type":"BUILTIN","md5":""}
min_by(HLL,BIGINT)	HLL	Aggregate	VARBINARY	{"fid":"0","symbol":"","file":"","isolation":"isolated","type":"BUILTIN","md5":""}
min_by(HLL,BITMAP)	HLL	Aggregate	VARBINARY	{"fid":"0","symbol":"","file":"","isolation":"isolated","type":"BUILTIN","md5":""}
min_by(HLL,BOOLEAN)	HLL	Aggregate	VARBINARY	{"fid":"0","symbol":"","file":"","isolation":"isolated","type":"BUILTIN","md5":""}
min_by(HLL,DATE)	HLL	Aggregate	VARBINARY	{"fid":"0","symbol":"","file":"","isolation":"isolated","type":"BUILTIN","md5":""}
min_by(HLL,DATETIME)	HLL	Aggregate	VARBINARY	{"fid":"0","symbol":"","file":"","isolation":"isolated","type":"BUILTIN","md5":""}
min_by(HLL,DECIMAL128)	HLL	Aggregate	VARBINARY	{"fid":"0","symbol":"","file":"","isolation":"isolated","type":"BUILTIN","md5":""}
min_by(HLL,DECIMAL256)	HLL	Aggregate	VARBINARY	{"fid":"0","symbol":"","file":"","isolation":"isolated","type":"BUILTIN","md5":""}
min_by(HLL,DECIMAL32)	HLL	Aggregate	VARBINARY	{"fid":"0","symbol":"","file":"","isolation":"isolated","type":"BUILTIN","md5":""}
min_by(HLL,DECIMAL64)	HLL	Aggregate	VARBINARY	{"fid":"0","symbol":"","file":"","isolation":"isolated","type":"BUILTIN","md5":""}
min_by(HLL,DECIMALV2)	HLL	Aggregate	VARBINARY	{"fid":"0","symbol":"","file":"","isolation":"isolated","type":"BUILTIN","md5":""}
min_by(HLL,DOUBLE)	HLL	Aggregate	VARBINARY	{"fid":"0","symbol":"","file":"","isolation":"isolated","type":"BUILTIN","md5":""}
min_by(HLL,FLOAT)	HLL	Aggregate	VARBINARY	{"fid":"0","symbol":"","file":"","isolation":"isolated","type":"BUILTIN","md5":""}
min_by(HLL,HLL)	HLL	Aggregate	VARBINARY	{"fid":"0","symbol":"","file":"","isolation":"isolated","type":"BUILTIN","md5":""}
min_by(HLL,INT)	HLL	Aggregate	VARBINARY	{"fid":"0","symbol":"","file":"","isolation":"isolated","type":"BUILTIN","md5":""}
min_by(HLL,JSON)	HLL	Aggregate	VARBINARY	{"fid":"0","symbol":"","file":"","isolation":"isolated","type":"BUILTIN","md5":""}
min_by(HLL,LARGEINT)	HLL	Aggregate	VARBINARY	{"fid":"0","symbol":"","file":"","isolation":"isolated","type":"BUILTIN","md5":""}
min_by(HLL,PERCENTILE)	HLL	Aggregate	VARBINARY	{"fid":"0","symbol":"","file":"","isolation":"isolated","type":"BUILTIN","md5":""}
min_by(HLL,SMALLINT)	HLL	Aggregate	VARBINARY	{"fid":"0","symbol":"","file":"","isolation":"isolated","type":"BUILTIN","md5":""}
min_by(HLL,TIME)	HLL	Aggregate	VARBINARY	{"fid":"0","symbol":"","file":"","isolation":"isolated","type":"BUILTIN","md5":""}
min_by(HLL,TINYINT)	HLL	Aggregate	VARBINARY	{"fid":"0","symbol":"","file":"","isolation":"isolated","type":"BUILTIN","md5":""}
min_by(HLL,UNKNOWN_TYPE)	HLL	Aggregate	VARBINARY	{"fid":"0","symbol":"","file":"","isolation":"isolated","type":"BUILTIN","md5":""}
min_by(HLL,VARBINARY)	HLL	Aggregate	VARBINARY	{"fid":"0","symbol":"","file":"","isolation":"isolated","type":"BUILTIN","md5":""}
min_by(HLL,VARCHAR)	HLL	Aggregate	VARBINARY	{"fid":"0","symbol":"","file":"","isolation":"isolated","type":"BUILTIN","md5":""}
min_by(INT,BIGINT)	INT	Aggregate	VARBINARY	{"fid":"0","symbol":"","file":"","isolation":"isolated","type":"BUILTIN","md5":""}
min_by(INT,BITMAP)	INT	Aggregate	VARBINARY	{"fid":"0","symbol":"","file":"","isolation":"isolated","type":"BUILTIN","md5":""}
min_by(INT,BOOLEAN)	INT	Aggregate	VARBINARY	{"fid":"0","symbol":"","file":"","isolation":"isolated","type":"BUILTIN","md5":""}
min_by(INT,DATE)	INT	Aggregate	VARBINARY	{"fid":"0","symbol":"","file":"","isolation":"isolated","type":"BUILTIN","md5":""}
min_by(INT,DATETIME)	INT	Aggregate	VARBINARY	{"fid":"0","symbol":"","file":"","isolation":"isolated","type":"BUILTIN","md5":""}
min_by(INT,DECIMAL128)	INT	Aggregate	VARBINARY	{"fid":"0","symbol":"","file":"","isolation":"isolated","type":"BUILTIN","md5":""}
min_by(INT,DECIMAL256)	INT	Aggregate	VARBINARY	{"fid":"0","symbol":"","file":"","isolation":"isolated","type":"BUILTIN","md5":""}
min_by(INT,DECIMAL32)	INT	Aggregate	VARBINARY	{"fid":"0","symbol":"","file":"","isolation":"isolated","type":"BUILTIN","md5":""}
min_by(INT,DECIMAL64)	INT	Aggregate	VARBINARY	{"fid":"0","symbol":"","file":"","isolation":"isolated","type":"BUILTIN","md5":""}
min_by(INT,DECIMALV2)	INT	Aggregate	VARBINARY	{"fid":"0","symbol":"","file":"","isolation":"isolated","type":"BUILTIN","md5":""}
min_by(INT,DOUBLE)	INT	Aggregate	VARBINARY	{"fid":"0","symbol":"","file":"","isolation":"isolated","type":"BUILTIN","md5":""}
min_by(INT,FLOAT)	INT	Aggregate	VARBINARY	{"fid":"0","symbol":"","file":"","isolation":"isolated","type":"BUILTIN","md5":""}
min_by(INT,HLL)	INT	Aggregate	VARBINARY	{"fid":"0","symbol":"","file":"","isolation":"isolated","type":"BUILTIN","md5":""}
min_by(INT,INT)	INT	Aggregate	VARBINARY	{"fid":"0","symbol":"","file":"","isolation":"isolated","type":"BUILTIN","md5":""}
min_by(INT,JSON)	INT	Aggregate	VARBINARY	{"fid":"0","symbol":"","file":"","isolation":"isolated","type":"BUILTIN","md5":""}
min_by(INT,LARGEINT)	INT	Aggregate	VARBINARY	{"fid":"0","symbol":"","file":"","isolation":"isolated","type":"BUILTIN","md5":""}
min_by(INT,PERCENTILE)	INT	Aggregate	VARBINARY	{"fid":"0","symbol":"","file":"","isolation":"isolated","type":"BUILTIN","md5":""}
min_by(INT,SMALLINT)	INT	Aggregate	VARBINARY	{"fid":"0","symbol":"","file":"","isolation":"isolated","type":"BUILTIN","md5":""}
min_by(INT,TIME)	INT	Aggregate	VARBINARY	{"fid":"0","symbol":"","file":"","isolation":"isolated","type":"BUILTIN","md5":""}
min_by(INT,TINYINT)	INT	Aggregate	VARBINARY	{"fid":"0","symbol":"","file":"","isolation":"isolated","type":"BUILTIN","md5":""}
min_by(INT,UNKNOWN_TYPE)	INT	Aggregate	VARBINARY	{"fid":"0","symbol":"","file":"","isolation":"isolated","type":"BUILTIN","md5":""}
min_by(INT,VARBINARY)	INT	Aggregate	VARBINARY	{"fid":"0","symbol":"","file":"","isolation":"isolated","type":"BUILTIN","md5":""}
min_by(INT,VARCHAR)	INT	Aggregate	VARBINARY	{"fid":"0","symbol":"","file":"","isolation":"isolated","type":"BUILTIN","md5":""}
min_by(INVALID_TYPE,BIGINT)	INVALID_TYPE	Aggregate	VARBINARY	{"fid":"0","symbol":"","file":"","isolation":"isolated","type":"BUILTIN","md5":""}
min_by(INVALID_TYPE,BITMAP)	INVALID_TYPE	Aggregate	VARBINARY	{"fid":"0","symbol":"","file":"","isolation":"isolated","type":"BUILTIN","md5":""}
min_by(INVALID_TYPE,BOOLEAN)	INVALID_TYPE	Aggregate	VARBINARY	{"fid":"0","symbol":"","file":"","isolation":"isolated","type":"BUILTIN","md5":""}
min_by(INVALID_TYPE,DATE)	INVALID_TYPE	Aggregate	VARBINARY	{"fid":"0","symbol":"","file":"","isolation":"isolated","type":"BUILTIN","md5":""}
min_by(INVALID_TYPE,DATETIME)	INVALID_TYPE	Aggregate	VARBINARY	{"fid":"0","symbol":"","file":"","isolation":"isolated","type":"BUILTIN","md5":""}
min_by(INVALID_TYPE,DECIMAL128)	INVALID_TYPE	Aggregate	VARBINARY	{"fid":"0","symbol":"","file":"","isolation":"isolated","type":"BUILTIN","md5":""}
min_by(INVALID_TYPE,DECIMAL256)	INVALID_TYPE	Aggregate	VARBINARY	{"fid":"0","symbol":"","file":"","isolation":"isolated","type":"BUILTIN","md5":""}
min_by(INVALID_TYPE,DECIMAL32)	INVALID_TYPE	Aggregate	VARBINARY	{"fid":"0","symbol":"","file":"","isolation":"isolated","type":"BUILTIN","md5":""}
min_by(INVALID_TYPE,DECIMAL64)	INVALID_TYPE	Aggregate	VARBINARY	{"fid":"0","symbol":"","file":"","isolation":"isolated","type":"BUILTIN","md5":""}
min_by(INVALID_TYPE,DECIMALV2)	INVALID_TYPE	Aggregate	VARBINARY	{"fid":"0","symbol":"","file":"","isolation":"isolated","type":"BUILTIN","md5":""}
min_by(INVALID_TYPE,DOUBLE)	INVALID_TYPE	Aggregate	VARBINARY	{"fid":"0","symbol":"","file":"","isolation":"isolated","type":"BUILTIN","md5":""}
min_by(INVALID_TYPE,FLOAT)	INVALID_TYPE	Aggregate	VARBINARY	{"fid":"0","symbol":"","file":"","isolation":"isolated","type":"BUILTIN","md5":""}
min_by(INVALID_TYPE,HLL)	INVALID_TYPE	Aggregate	VARBINARY	{"fid":"0","symbol":"","file":"","isolation":"isolated","type":"BUILTIN","md5":""}
min_by(INVALID_TYPE,INT)	INVALID_TYPE	Aggregate	VARBINARY	{"fid":"0","symbol":"","file":"","isolation":"isolated","type":"BUILTIN","md5":""}
min_by(INVALID_TYPE,JSON)	INVALID_TYPE	Aggregate	VARBINARY	{"fid":"0","symbol":"","file":"","isolation":"isolated","type":"BUILTIN","md5":""}
min_by(INVALID_TYPE,LARGEINT)	INVALID_TYPE	Aggregate	VARBINARY	{"fid":"0","symbol":"","file":"","isolation":"isolated","type":"BUILTIN","md5":""}
min_by(INVALID_TYPE,PERCENTILE)	INVALID_TYPE	Aggregate	VARBINARY	{"fid":"0","symbol":"","file":"","isolation":"isolated","type":"BUILTIN","md5":""}
min_by(INVALID_TYPE,SMALLINT)	INVALID_TYPE	Aggregate	VARBINARY	{"fid":"0","symbol":"","file":"","isolation":"isolated","type":"BUILTIN","md5":""}
min_by(INVALID_TYPE,TIME)	INVALID_TYPE	Aggregate	VARBINARY	{"fid":"0","symbol":"","file":"","isolation":"isolated","type":"BUILTIN","md5":""}
min_by(INVALID_TYPE,TINYINT)	INVALID_TYPE	Aggregate	VARBINARY	{"fid":"0","symbol":"","file":"","isolation":"isolated","type":"BUILTIN","md5":""}
min_by(INVALID_TYPE,UNKNOWN_TYPE)	INVALID_TYPE	Aggregate	VARBINARY	{"fid":"0","symbol":"","file":"","isolation":"isolated","type":"BUILTIN","md5":""}
min_by(INVALID_TYPE,VARBINARY)	INVALID_TYPE	Aggregate	VARBINARY	{"fid":"0","symbol":"","file":"","isolation":"isolated","type":"BUILTIN","md5":""}
min_by(INVALID_TYPE,VARCHAR)	INVALID_TYPE	Aggregate	VARBINARY	{"fid":"0","symbol":"","file":"","isolation":"isolated","type":"BUILTIN","md5":""}
min_by(JSON,BIGINT)	JSON	Aggregate	VARBINARY	{"fid":"0","symbol":"","file":"","isolation":"isolated","type":"BUILTIN","md5":""}
min_by(JSON,BITMAP)	JSON	Aggregate	VARBINARY	{"fid":"0","symbol":"","file":"","isolation":"isolated","type":"BUILTIN","md5":""}
min_by(JSON,BOOLEAN)	JSON	Aggregate	VARBINARY	{"fid":"0","symbol":"","file":"","isolation":"isolated","type":"BUILTIN","md5":""}
min_by(JSON,DATE)	JSON	Aggregate	VARBINARY	{"fid":"0","symbol":"","file":"","isolation":"isolated","type":"BUILTIN","md5":""}
min_by(JSON,DATETIME)	JSON	Aggregate	VARBINARY	{"fid":"0","symbol":"","file":"","isolation":"isolated","type":"BUILTIN","md5":""}
min_by(JSON,DECIMAL128)	JSON	Aggregate	VARBINARY	{"fid":"0","symbol":"","file":"","isolation":"isolated","type":"BUILTIN","md5":""}
min_by(JSON,DECIMAL256)	JSON	Aggregate	VARBINARY	{"fid":"0","symbol":"","file":"","isolation":"isolated","type":"BUILTIN","md5":""}
min_by(JSON,DECIMAL32)	JSON	Aggregate	VARBINARY	{"fid":"0","symbol":"","file":"","isolation":"isolated","type":"BUILTIN","md5":""}
min_by(JSON,DECIMAL64)	JSON	Aggregate	VARBINARY	{"fid":"0","symbol":"","file":"","isolation":"isolated","type":"BUILTIN","md5":""}
min_by(JSON,DECIMALV2)	JSON	Aggregate	VARBINARY	{"fid":"0","symbol":"","file":"","isolation":"isolated","type":"BUILTIN","md5":""}
min_by(JSON,DOUBLE)	JSON	Aggregate	VARBINARY	{"fid":"0","symbol":"","file":"","isolation":"isolated","type":"BUILTIN","md5":""}
min_by(JSON,FLOAT)	JSON	Aggregate	VARBINARY	{"fid":"0","symbol":"","file":"","isolation":"isolated","type":"BUILTIN","md5":""}
min_by(JSON,HLL)	JSON	Aggregate	VARBINARY	{"fid":"0","symbol":"","file":"","isolation":"isolated","type":"BUILTIN","md5":""}
min_by(JSON,INT)	JSON	Aggregate	VARBINARY	{"fid":"0","symbol":"","file":"","isolation":"isolated","type":"BUILTIN","md5":""}
min_by(JSON,JSON)	JSON	Aggregate	VARBINARY	{"fid":"0","symbol":"","file":"","isolation":"isolated","type":"BUILTIN","md5":""}
min_by(JSON,LARGEINT)	JSON	Aggregate	VARBINARY	{"fid":"0","symbol":"","file":"","isolation":"isolated","type":"BUILTIN","md5":""}
min_by(JSON,PERCENTILE)	JSON	Aggregate	VARBINARY	{"fid":"0","symbol":"","file":"","isolation":"isolated","type":"BUILTIN","md5":""}
min_by(JSON,SMALLINT)	JSON	Aggregate	VARBINARY	{"fid":"0","symbol":"","file":"","isolation":"isolated","type":"BUILTIN","md5":""}
min_by(JSON,TIME)	JSON	Aggregate	VARBINARY	{"fid":"0","symbol":"","file":"","isolation":"isolated","type":"BUILTIN","md5":""}
min_by(JSON,TINYINT)	JSON	Aggregate	VARBINARY	{"fid":"0","symbol":"","file":"","isolation":"isolated","type":"BUILTIN","md5":""}
min_by(JSON,UNKNOWN_TYPE)	JSON	Aggregate	VARBINARY	{"fid":"0","symbol":"","file":"","isolation":"isolated","type":"BUILTIN","md5":""}
min_by(JSON,VARBINARY)	JSON	Aggregate	VARBINARY	{"fid":"0","symbol":"","file":"","isolation":"isolated","type":"BUILTIN","md5":""}
min_by(JSON,VARCHAR)	JSON	Aggregate	VARBINARY	{"fid":"0","symbol":"","file":"","isolation":"isolated","type":"BUILTIN","md5":""}
min_by(LARGEINT,BIGINT)	LARGEINT	Aggregate	VARBINARY	{"fid":"0","symbol":"","file":"","isolation":"isolated","type":"BUILTIN","md5":""}
min_by(LARGEINT,BITMAP)	LARGEINT	Aggregate	VARBINARY	{"fid":"0","symbol":"","file":"","isolation":"isolated","type":"BUILTIN","md5":""}
min_by(LARGEINT,BOOLEAN)	LARGEINT	Aggregate	VARBINARY	{"fid":"0","symbol":"","file":"","isolation":"isolated","type":"BUILTIN","md5":""}
min_by(LARGEINT,DATE)	LARGEINT	Aggregate	VARBINARY	{"fid":"0","symbol":"","file":"","isolation":"isolated","type":"BUILTIN","md5":""}
min_by(LARGEINT,DATETIME)	LARGEINT	Aggregate	VARBINARY	{"fid":"0","symbol":"","file":"","isolation":"isolated","type":"BUILTIN","md5":""}
min_by(LARGEINT,DECIMAL128)	LARGEINT	Aggregate	VARBINARY	{"fid":"0","symbol":"","file":"","isolation":"isolated","type":"BUILTIN","md5":""}
min_by(LARGEINT,DECIMAL256)	LARGEINT	Aggregate	VARBINARY	{"fid":"0","symbol":"","file":"","isolation":"isolated","type":"BUILTIN","md5":""}
min_by(LARGEINT,DECIMAL32)	LARGEINT	Aggregate	VARBINARY	{"fid":"0","symbol":"","file":"","isolation":"isolated","type":"BUILTIN","md5":""}
min_by(LARGEINT,DECIMAL64)	LARGEINT	Aggregate	VARBINARY	{"fid":"0","symbol":"","file":"","isolation":"isolated","type":"BUILTIN","md5":""}
min_by(LARGEINT,DECIMALV2)	LARGEINT	Aggregate	VARBINARY	{"fid":"0","symbol":"","file":"","isolation":"isolated","type":"BUILTIN","md5":""}
min_by(LARGEINT,DOUBLE)	LARGEINT	Aggregate	VARBINARY	{"fid":"0","symbol":"","file":"","isolation":"isolated","type":"BUILTIN","md5":""}
min_by(LARGEINT,FLOAT)	LARGEINT	Aggregate	VARBINARY	{"fid":"0","symbol":"","file":"","isolation":"isolated","type":"BUILTIN","md5":""}
min_by(LARGEINT,HLL)	LARGEINT	Aggregate	VARBINARY	{"fid":"0","symbol":"","file":"","isolation":"isolated","type":"BUILTIN","md5":""}
min_by(LARGEINT,INT)	LARGEINT	Aggregate	VARBINARY	{"fid":"0","symbol":"","file":"","isolation":"isolated","type":"BUILTIN","md5":""}
min_by(LARGEINT,JSON)	LARGEINT	Aggregate	VARBINARY	{"fid":"0","symbol":"","file":"","isolation":"isolated","type":"BUILTIN","md5":""}
min_by(LARGEINT,LARGEINT)	LARGEINT	Aggregate	VARBINARY	{"fid":"0","symbol":"","file":"","isolation":"isolated","type":"BUILTIN","md5":""}
min_by(LARGEINT,PERCENTILE)	LARGEINT	Aggregate	VARBINARY	{"fid":"0","symbol":"","file":"","isolation":"isolated","type":"BUILTIN","md5":""}
min_by(LARGEINT,SMALLINT)	LARGEINT	Aggregate	VARBINARY	{"fid":"0","symbol":"","file":"","isolation":"isolated","type":"BUILTIN","md5":""}
min_by(LARGEINT,TIME)	LARGEINT	Aggregate	VARBINARY	{"fid":"0","symbol":"","file":"","isolation":"isolated","type":"BUILTIN","md5":""}
min_by(LARGEINT,TINYINT)	LARGEINT	Aggregate	VARBINARY	{"fid":"0","symbol":"","file":"","isolation":"isolated","type":"BUILTIN","md5":""}
min_by(LARGEINT,UNKNOWN_TYPE)	LARGEINT	Aggregate	VARBINARY	{"fid":"0","symbol":"","file":"","isolation":"isolated","type":"BUILTIN","md5":""}
min_by(LARGEINT,VARBINARY)	LARGEINT	Aggregate	VARBINARY	{"fid":"0","symbol":"","file":"","isolation":"isolated","type":"BUILTIN","md5":""}
min_by(LARGEINT,VARCHAR)	LARGEINT	Aggregate	VARBINARY	{"fid":"0","symbol":"","file":"","isolation":"isolated","type":"BUILTIN","md5":""}
min_by(PERCENTILE,BIGINT)	PERCENTILE	Aggregate	VARBINARY	{"fid":"0","symbol":"","file":"","isolation":"isolated","type":"BUILTIN","md5":""}
min_by(PERCENTILE,BITMAP)	PERCENTILE	Aggregate	VARBINARY	{"fid":"0","symbol":"","file":"","isolation":"isolated","type":"BUILTIN","md5":""}
min_by(PERCENTILE,BOOLEAN)	PERCENTILE	Aggregate	VARBINARY	{"fid":"0","symbol":"","file":"","isolation":"isolated","type":"BUILTIN","md5":""}
min_by(PERCENTILE,DATE)	PERCENTILE	Aggregate	VARBINARY	{"fid":"0","symbol":"","file":"","isolation":"isolated","type":"BUILTIN","md5":""}
min_by(PERCENTILE,DATETIME)	PERCENTILE	Aggregate	VARBINARY	{"fid":"0","symbol":"","file":"","isolation":"isolated","type":"BUILTIN","md5":""}
min_by(PERCENTILE,DECIMAL128)	PERCENTILE	Aggregate	VARBINARY	{"fid":"0","symbol":"","file":"","isolation":"isolated","type":"BUILTIN","md5":""}
min_by(PERCENTILE,DECIMAL256)	PERCENTILE	Aggregate	VARBINARY	{"fid":"0","symbol":"","file":"","isolation":"isolated","type":"BUILTIN","md5":""}
min_by(PERCENTILE,DECIMAL32)	PERCENTILE	Aggregate	VARBINARY	{"fid":"0","symbol":"","file":"","isolation":"isolated","type":"BUILTIN","md5":""}
min_by(PERCENTILE,DECIMAL64)	PERCENTILE	Aggregate	VARBINARY	{"fid":"0","symbol":"","file":"","isolation":"isolated","type":"BUILTIN","md5":""}
min_by(PERCENTILE,DECIMALV2)	PERCENTILE	Aggregate	VARBINARY	{"fid":"0","symbol":"","file":"","isolation":"isolated","type":"BUILTIN","md5":""}
min_by(PERCENTILE,DOUBLE)	PERCENTILE	Aggregate	VARBINARY	{"fid":"0","symbol":"","file":"","isolation":"isolated","type":"BUILTIN","md5":""}
min_by(PERCENTILE,FLOAT)	PERCENTILE	Aggregate	VARBINARY	{"fid":"0","symbol":"","file":"","isolation":"isolated","type":"BUILTIN","md5":""}
min_by(PERCENTILE,HLL)	PERCENTILE	Aggregate	VARBINARY	{"fid":"0","symbol":"","file":"","isolation":"isolated","type":"BUILTIN","md5":""}
min_by(PERCENTILE,INT)	PERCENTILE	Aggregate	VARBINARY	{"fid":"0","symbol":"","file":"","isolation":"isolated","type":"BUILTIN","md5":""}
min_by(PERCENTILE,JSON)	PERCENTILE	Aggregate	VARBINARY	{"fid":"0","symbol":"","file":"","isolation":"isolated","type":"BUILTIN","md5":""}
min_by(PERCENTILE,LARGEINT)	PERCENTILE	Aggregate	VARBINARY	{"fid":"0","symbol":"","file":"","isolation":"isolated","type":"BUILTIN","md5":""}
min_by(PERCENTILE,PERCENTILE)	PERCENTILE	Aggregate	VARBINARY	{"fid":"0","symbol":"","file":"","isolation":"isolated","type":"BUILTIN","md5":""}
min_by(PERCENTILE,SMALLINT)	PERCENTILE	Aggregate	VARBINARY	{"fid":"0","symbol":"","file":"","isolation":"isolated","type":"BUILTIN","md5":""}
min_by(PERCENTILE,TIME)	PERCENTILE	Aggregate	VARBINARY	{"fid":"0","symbol":"","file":"","isolation":"isolated","type":"BUILTIN","md5":""}
min_by(PERCENTILE,TINYINT)	PERCENTILE	Aggregate	VARBINARY	{"fid":"0","symbol":"","file":"","isolation":"isolated","type":"BUILTIN","md5":""}
min_by(PERCENTILE,UNKNOWN_TYPE)	PERCENTILE	Aggregate	VARBINARY	{"fid":"0","symbol":"","file":"","isolation":"isolated","type":"BUILTIN","md5":""}
min_by(PERCENTILE,VARBINARY)	PERCENTILE	Aggregate	VARBINARY	{"fid":"0","symbol":"","file":"","isolation":"isolated","type":"BUILTIN","md5":""}
min_by(PERCENTILE,VARCHAR)	PERCENTILE	Aggregate	VARBINARY	{"fid":"0","symbol":"","file":"","isolation":"isolated","type":"BUILTIN","md5":""}
min_by(SMALLINT,BIGINT)	SMALLINT	Aggregate	VARBINARY	{"fid":"0","symbol":"","file":"","isolation":"isolated","type":"BUILTIN","md5":""}
min_by(SMALLINT,BITMAP)	SMALLINT	Aggregate	VARBINARY	{"fid":"0","symbol":"","file":"","isolation":"isolated","type":"BUILTIN","md5":""}
min_by(SMALLINT,BOOLEAN)	SMALLINT	Aggregate	VARBINARY	{"fid":"0","symbol":"","file":"","isolation":"isolated","type":"BUILTIN","md5":""}
min_by(SMALLINT,DATE)	SMALLINT	Aggregate	VARBINARY	{"fid":"0","symbol":"","file":"","isolation":"isolated","type":"BUILTIN","md5":""}
min_by(SMALLINT,DATETIME)	SMALLINT	Aggregate	VARBINARY	{"fid":"0","symbol":"","file":"","isolation":"isolated","type":"BUILTIN","md5":""}
min_by(SMALLINT,DECIMAL128)	SMALLINT	Aggregate	VARBINARY	{"fid":"0","symbol":"","file":"","isolation":"isolated","type":"BUILTIN","md5":""}
min_by(SMALLINT,DECIMAL256)	SMALLINT	Aggregate	VARBINARY	{"fid":"0","symbol":"","file":"","isolation":"isolated","type":"BUILTIN","md5":""}
min_by(SMALLINT,DECIMAL32)	SMALLINT	Aggregate	VARBINARY	{"fid":"0","symbol":"","file":"","isolation":"isolated","type":"BUILTIN","md5":""}
min_by(SMALLINT,DECIMAL64)	SMALLINT	Aggregate	VARBINARY	{"fid":"0","symbol":"","file":"","isolation":"isolated","type":"BUILTIN","md5":""}
min_by(SMALLINT,DECIMALV2)	SMALLINT	Aggregate	VARBINARY	{"fid":"0","symbol":"","file":"","isolation":"isolated","type":"BUILTIN","md5":""}
min_by(SMALLINT,DOUBLE)	SMALLINT	Aggregate	VARBINARY	{"fid":"0","symbol":"","file":"","isolation":"isolated","type":"BUILTIN","md5":""}
min_by(SMALLINT,FLOAT)	SMALLINT	Aggregate	VARBINARY	{"fid":"0","symbol":"","file":"","isolation":"isolated","type":"BUILTIN","md5":""}
min_by(SMALLINT,HLL)	SMALLINT	Aggregate	VARBINARY	{"fid":"0","symbol":"","file":"","isolation":"isolated","type":"BUILTIN","md5":""}
min_by(SMALLINT,INT)	SMALLINT	Aggregate	VARBINARY	{"fid":"0","symbol":"","file":"","isolation":"isolated","type":"BUILTIN","md5":""}
min_by(SMALLINT,JSON)	SMALLINT	Aggregate	VARBINARY	{"fid":"0","symbol":"","file":"","isolation":"isolated","type":"BUILTIN","md5":""}
min_by(SMALLINT,LARGEINT)	SMALLINT	Aggregate	VARBINARY	{"fid":"0","symbol":"","file":"","isolation":"isolated","type":"BUILTIN","md5":""}
min_by(SMALLINT,PERCENTILE)	SMALLINT	Aggregate	VARBINARY	{"fid":"0","symbol":"","file":"","isolation":"isolated","type":"BUILTIN","md5":""}
min_by(SMALLINT,SMALLINT)	SMALLINT	Aggregate	VARBINARY	{"fid":"0","symbol":"","file":"","isolation":"isolated","type":"BUILTIN","md5":""}
min_by(SMALLINT,TIME)	SMALLINT	Aggregate	VARBINARY	{"fid":"0","symbol":"","file":"","isolation":"isolated","type":"BUILTIN","md5":""}
min_by(SMALLINT,TINYINT)	SMALLINT	Aggregate	VARBINARY	{"fid":"0","symbol":"","file":"","isolation":"isolated","type":"BUILTIN","md5":""}
min_by(SMALLINT,UNKNOWN_TYPE)	SMALLINT	Aggregate	VARBINARY	{"fid":"0","symbol":"","file":"","isolation":"isolated","type":"BUILTIN","md5":""}
min_by(SMALLINT,VARBINARY)	SMALLINT	Aggregate	VARBINARY	{"fid":"0","symbol":"","file":"","isolation":"isolated","type":"BUILTIN","md5":""}
min_by(SMALLINT,VARCHAR)	SMALLINT	Aggregate	VARBINARY	{"fid":"0","symbol":"","file":"","isolation":"isolated","type":"BUILTIN","md5":""}
min_by(TIME,BIGINT)	TIME	Aggregate	VARBINARY	{"fid":"0","symbol":"","file":"","isolation":"isolated","type":"BUILTIN","md5":""}
min_by(TIME,BITMAP)	TIME	Aggregate	VARBINARY	{"fid":"0","symbol":"","file":"","isolation":"isolated","type":"BUILTIN","md5":""}
min_by(TIME,BOOLEAN)	TIME	Aggregate	VARBINARY	{"fid":"0","symbol":"","file":"","isolation":"isolated","type":"BUILTIN","md5":""}
min_by(TIME,DATE)	TIME	Aggregate	VARBINARY	{"fid":"0","symbol":"","file":"","isolation":"isolated","type":"BUILTIN","md5":""}
min_by(TIME,DATETIME)	TIME	Aggregate	VARBINARY	{"fid":"0","symbol":"","file":"","isolation":"isolated","type":"BUILTIN","md5":""}
min_by(TIME,DECIMAL128)	TIME	Aggregate	VARBINARY	{"fid":"0","symbol":"","file":"","isolation":"isolated","type":"BUILTIN","md5":""}
min_by(TIME,DECIMAL256)	TIME	Aggregate	VARBINARY	{"fid":"0","symbol":"","file":"","isolation":"isolated","type":"BUILTIN","md5":""}
min_by(TIME,DECIMAL32)	TIME	Aggregate	VARBINARY	{"fid":"0","symbol":"","file":"","isolation":"isolated","type":"BUILTIN","md5":""}
min_by(TIME,DECIMAL64)	TIME	Aggregate	VARBINARY	{"fid":"0","symbol":"","file":"","isolation":"isolated","type":"BUILTIN","md5":""}
min_by(TIME,DECIMALV2)	TIME	Aggregate	VARBINARY	{"fid":"0","symbol":"","file":"","isolation":"isolated","type":"BUILTIN","md5":""}
min_by(TIME,DOUBLE)	TIME	Aggregate	VARBINARY	{"fid":"0","symbol":"","file":"","isolation":"isolated","type":"BUILTIN","md5":""}
min_by(TIME,FLOAT)	TIME	Aggregate	VARBINARY	{"fid":"0","symbol":"","file":"","isolation":"isolated","type":"BUILTIN","md5":""}
min_by(TIME,HLL)	TIME	Aggregate	VARBINARY	{"fid":"0","symbol":"","file":"","isolation":"isolated","type":"BUILTIN","md5":""}
min_by(TIME,INT)	TIME	Aggregate	VARBINARY	{"fid":"0","symbol":"","file":"","isolation":"isolated","type":"BUILTIN","md5":""}
min_by(TIME,JSON)	TIME	Aggregate	VARBINARY	{"fid":"0","symbol":"","file":"","isolation":"isolated","type":"BUILTIN","md5":""}
min_by(TIME,LARGEINT)	TIME	Aggregate	VARBINARY	{"fid":"0","symbol":"","file":"","isolation":"isolated","type":"BUILTIN","md5":""}
min_by(TIME,PERCENTILE)	TIME	Aggregate	VARBINARY	{"fid":"0","symbol":"","file":"","isolation":"isolated","type":"BUILTIN","md5":""}
min_by(TIME,SMALLINT)	TIME	Aggregate	VARBINARY	{"fid":"0","symbol":"","file":"","isolation":"isolated","type":"BUILTIN","md5":""}
min_by(TIME,TIME)	TIME	Aggregate	VARBINARY	{"fid":"0","symbol":"","file":"","isolation":"isolated","type":"BUILTIN","md5":""}
min_by(TIME,TINYINT)	TIME	Aggregate	VARBINARY	{"fid":"0","symbol":"","file":"","isolation":"isolated","type":"BUILTIN","md5":""}
min_by(TIME,UNKNOWN_TYPE)	TIME	Aggregate	VARBINARY	{"fid":"0","symbol":"","file":"","isolation":"isolated","type":"BUILTIN","md5":""}
min_by(TIME,VARBINARY)	TIME	Aggregate	VARBINARY	{"fid":"0","symbol":"","file":"","isolation":"isolated","type":"BUILTIN","md5":""}
min_by(TIME,VARCHAR)	TIME	Aggregate	VARBINARY	{"fid":"0","symbol":"","file":"","isolation":"isolated","type":"BUILTIN","md5":""}
min_by(TINYINT,BIGINT)	TINYINT	Aggregate	VARBINARY	{"fid":"0","symbol":"","file":"","isolation":"isolated","type":"BUILTIN","md5":""}
min_by(TINYINT,BITMAP)	TINYINT	Aggregate	VARBINARY	{"fid":"0","symbol":"","file":"","isolation":"isolated","type":"BUILTIN","md5":""}
min_by(TINYINT,BOOLEAN)	TINYINT	Aggregate	VARBINARY	{"fid":"0","symbol":"","file":"","isolation":"isolated","type":"BUILTIN","md5":""}
min_by(TINYINT,DATE)	TINYINT	Aggregate	VARBINARY	{"fid":"0","symbol":"","file":"","isolation":"isolated","type":"BUILTIN","md5":""}
min_by(TINYINT,DATETIME)	TINYINT	Aggregate	VARBINARY	{"fid":"0","symbol":"","file":"","isolation":"isolated","type":"BUILTIN","md5":""}
min_by(TINYINT,DECIMAL128)	TINYINT	Aggregate	VARBINARY	{"fid":"0","symbol":"","file":"","isolation":"isolated","type":"BUILTIN","md5":""}
min_by(TINYINT,DECIMAL256)	TINYINT	Aggregate	VARBINARY	{"fid":"0","symbol":"","file":"","isolation":"isolated","type":"BUILTIN","md5":""}
min_by(TINYINT,DECIMAL32)	TINYINT	Aggregate	VARBINARY	{"fid":"0","symbol":"","file":"","isolation":"isolated","type":"BUILTIN","md5":""}
min_by(TINYINT,DECIMAL64)	TINYINT	Aggregate	VARBINARY	{"fid":"0","symbol":"","file":"","isolation":"isolated","type":"BUILTIN","md5":""}
min_by(TINYINT,DECIMALV2)	TINYINT	Aggregate	VARBINARY	{"fid":"0","symbol":"","file":"","isolation":"isolated","type":"BUILTIN","md5":""}
min_by(TINYINT,DOUBLE)	TINYINT	Aggregate	VARBINARY	{"fid":"0","symbol":"","file":"","isolation":"isolated","type":"BUILTIN","md5":""}
min_by(TINYINT,FLOAT)	TINYINT	Aggregate	VARBINARY	{"fid":"0","symbol":"","file":"","isolation":"isolated","type":"BUILTIN","md5":""}
min_by(TINYINT,HLL)	TINYINT	Aggregate	VARBINARY	{"fid":"0","symbol":"","file":"","isolation":"isolated","type":"BUILTIN","md5":""}
min_by(TINYINT,INT)	TINYINT	Aggregate	VARBINARY	{"fid":"0","symbol":"","file":"","isolation":"isolated","type":"BUILTIN","md5":""}
min_by(TINYINT,JSON)	TINYINT	Aggregate	VARBINARY	{"fid":"0","symbol":"","file":"","isolation":"isolated","type":"BUILTIN","md5":""}
min_by(TINYINT,LARGEINT)	TINYINT	Aggregate	VARBINARY	{"fid":"0","symbol":"","file":"","isolation":"isolated","type":"BUILTIN","md5":""}
min_by(TINYINT,PERCENTILE)	TINYINT	Aggregate	VARBINARY	{"fid":"0","symbol":"","file":"","isolation":"isolated","type":"BUILTIN","md5":""}
min_by(TINYINT,SMALLINT)	TINYINT	Aggregate	VARBINARY	{"fid":"0","symbol":"","file":"","isolation":"isolated","type":"BUILTIN","md5":""}
min_by(TINYINT,TIME)	TINYINT	Aggregate	VARBINARY	{"fid":"0","symbol":"","file":"","isolation":"isolated","type":"BUILTIN","md5":""}
min_by(TINYINT,TINYINT)	TINYINT	Aggregate	VARBINARY	{"fid":"0","symbol":"","file":"","isolation":"isolated","type":"BUILTIN","md5":""}
min_by(TINYINT,UNKNOWN_TYPE)	TINYINT	Aggregate	VARBINARY	{"fid":"0","symbol":"","file":"","isolation":"isolated","type":"BUILTIN","md5":""}
min_by(TINYINT,VARBINARY)	TINYINT	Aggregate	VARBINARY	{"fid":"0","symbol":"","file":"","isolation":"isolated","type":"BUILTIN","md5":""}
min_by(TINYINT,VARCHAR)	TINYINT	Aggregate	VARBINARY	{"fid":"0","symbol":"","file":"","isolation":"isolated","type":"BUILTIN","md5":""}
min_by(UNKNOWN_TYPE,BIGINT)	UNKNOWN_TYPE	Aggregate	VARBINARY	{"fid":"0","symbol":"","file":"","isolation":"isolated","type":"BUILTIN","md5":""}
min_by(UNKNOWN_TYPE,BITMAP)	UNKNOWN_TYPE	Aggregate	VARBINARY	{"fid":"0","symbol":"","file":"","isolation":"isolated","type":"BUILTIN","md5":""}
min_by(UNKNOWN_TYPE,BOOLEAN)	UNKNOWN_TYPE	Aggregate	VARBINARY	{"fid":"0","symbol":"","file":"","isolation":"isolated","type":"BUILTIN","md5":""}
min_by(UNKNOWN_TYPE,DATE)	UNKNOWN_TYPE	Aggregate	VARBINARY	{"fid":"0","symbol":"","file":"","isolation":"isolated","type":"BUILTIN","md5":""}
min_by(UNKNOWN_TYPE,DATETIME)	UNKNOWN_TYPE	Aggregate	VARBINARY	{"fid":"0","symbol":"","file":"","isolation":"isolated","type":"BUILTIN","md5":""}
min_by(UNKNOWN_TYPE,DECIMAL128)	UNKNOWN_TYPE	Aggregate	VARBINARY	{"fid":"0","symbol":"","file":"","isolation":"isolated","type":"BUILTIN","md5":""}
min_by(UNKNOWN_TYPE,DECIMAL256)	UNKNOWN_TYPE	Aggregate	VARBINARY	{"fid":"0","symbol":"","file":"","isolation":"isolated","type":"BUILTIN","md5":""}
min_by(UNKNOWN_TYPE,DECIMAL32)	UNKNOWN_TYPE	Aggregate	VARBINARY	{"fid":"0","symbol":"","file":"","isolation":"isolated","type":"BUILTIN","md5":""}
min_by(UNKNOWN_TYPE,DECIMAL64)	UNKNOWN_TYPE	Aggregate	VARBINARY	{"fid":"0","symbol":"","file":"","isolation":"isolated","type":"BUILTIN","md5":""}
min_by(UNKNOWN_TYPE,DECIMALV2)	UNKNOWN_TYPE	Aggregate	VARBINARY	{"fid":"0","symbol":"","file":"","isolation":"isolated","type":"BUILTIN","md5":""}
min_by(UNKNOWN_TYPE,DOUBLE)	UNKNOWN_TYPE	Aggregate	VARBINARY	{"fid":"0","symbol":"","file":"","isolation":"isolated","type":"BUILTIN","md5":""}
min_by(UNKNOWN_TYPE,FLOAT)	UNKNOWN_TYPE	Aggregate	VARBINARY	{"fid":"0","symbol":"","file":"","isolation":"isolated","type":"BUILTIN","md5":""}
min_by(UNKNOWN_TYPE,HLL)	UNKNOWN_TYPE	Aggregate	VARBINARY	{"fid":"0","symbol":"","file":"","isolation":"isolated","type":"BUILTIN","md5":""}
min_by(UNKNOWN_TYPE,INT)	UNKNOWN_TYPE	Aggregate	VARBINARY	{"fid":"0","symbol":"","file":"","isolation":"isolated","type":"BUILTIN","md5":""}
min_by(UNKNOWN_TYPE,JSON)	UNKNOWN_TYPE	Aggregate	VARBINARY	{"fid":"0","symbol":"","file":"","isolation":"isolated","type":"BUILTIN","md5":""}
min_by(UNKNOWN_TYPE,LARGEINT)	UNKNOWN_TYPE	Aggregate	VARBINARY	{"fid":"0","symbol":"","file":"","isolation":"isolated","type":"BUILTIN","md5":""}
min_by(UNKNOWN_TYPE,PERCENTILE)	UNKNOWN_TYPE	Aggregate	VARBINARY	{"fid":"0","symbol":"","file":"","isolation":"isolated","type":"BUILTIN","md5":""}
min_by(UNKNOWN_TYPE,SMALLINT)	UNKNOWN_TYPE	Aggregate	VARBINARY	{"fid":"0","symbol":"","file":"","isolation":"isolated","type":"BUILTIN","md5":""}
min_by(UNKNOWN_TYPE,TIME)	UNKNOWN_TYPE	Aggregate	VARBINARY	{"fid":"0","symbol":"","file":"","isolation":"isolated","type":"BUILTIN","md5":""}
min_by(UNKNOWN_TYPE,TINYINT)	UNKNOWN_TYPE	Aggregate	VARBINARY	{"fid":"0","symbol":"","file":"","isolation":"isolated","type":"BUILTIN","md5":""}
min_by(UNKNOWN_TYPE,UNKNOWN_TYPE)	UNKNOWN_TYPE	Aggregate	VARBINARY	{"fid":"0","symbol":"","file":"","isolation":"isolated","type":"BUILTIN","md5":""}
min_by(UNKNOWN_TYPE,VARBINARY)	UNKNOWN_TYPE	Aggregate	VARBINARY	{"fid":"0","symbol":"","file":"","isolation":"isolated","type":"BUILTIN","md5":""}
min_by(UNKNOWN_TYPE,VARCHAR)	UNKNOWN_TYPE	Aggregate	VARBINARY	{"fid":"0","symbol":"","file":"","isolation":"isolated","type":"BUILTIN","md5":""}
min_by(VARBINARY,BIGINT)	VARBINARY	Aggregate	NULL	{"fid":"0","symbol":"","file":"","isolation":"isolated","type":"BUILTIN","md5":""}
min_by(VARBINARY,BITMAP)	VARBINARY	Aggregate	NULL	{"fid":"0","symbol":"","file":"","isolation":"isolated","type":"BUILTIN","md5":""}
min_by(VARBINARY,BOOLEAN)	VARBINARY	Aggregate	NULL	{"fid":"0","symbol":"","file":"","isolation":"isolated","type":"BUILTIN","md5":""}
min_by(VARBINARY,DATE)	VARBINARY	Aggregate	NULL	{"fid":"0","symbol":"","file":"","isolation":"isolated","type":"BUILTIN","md5":""}
min_by(VARBINARY,DATETIME)	VARBINARY	Aggregate	NULL	{"fid":"0","symbol":"","file":"","isolation":"isolated","type":"BUILTIN","md5":""}
min_by(VARBINARY,DECIMAL128)	VARBINARY	Aggregate	NULL	{"fid":"0","symbol":"","file":"","isolation":"isolated","type":"BUILTIN","md5":""}
min_by(VARBINARY,DECIMAL256)	VARBINARY	Aggregate	NULL	{"fid":"0","symbol":"","file":"","isolation":"isolated","type":"BUILTIN","md5":""}
min_by(VARBINARY,DECIMAL32)	VARBINARY	Aggregate	NULL	{"fid":"0","symbol":"","file":"","isolation":"isolated","type":"BUILTIN","md5":""}
min_by(VARBINARY,DECIMAL64)	VARBINARY	Aggregate	NULL	{"fid":"0","symbol":"","file":"","isolation":"isolated","type":"BUILTIN","md5":""}
min_by(VARBINARY,DECIMALV2)	VARBINARY	Aggregate	NULL	{"fid":"0","symbol":"","file":"","isolation":"isolated","type":"BUILTIN","md5":""}
min_by(VARBINARY,DOUBLE)	VARBINARY	Aggregate	NULL	{"fid":"0","symbol":"","file":"","isolation":"isolated","type":"BUILTIN","md5":""}
min_by(VARBINARY,FLOAT)	VARBINARY	Aggregate	NULL	{"fid":"0","symbol":"","file":"","isolation":"isolated","type":"BUILTIN","md5":""}
min_by(VARBINARY,HLL)	VARBINARY	Aggregate	NULL	{"fid":"0","symbol":"","file":"","isolation":"isolated","type":"BUILTIN","md5":""}
min_by(VARBINARY,INT)	VARBINARY	Aggregate	NULL	{"fid":"0","symbol":"","file":"","isolation":"isolated","type":"BUILTIN","md5":""}
min_by(VARBINARY,JSON)	VARBINARY	Aggregate	NULL	{"fid":"0","symbol":"","file":"","isolation":"isolated","type":"BUILTIN","md5":""}
min_by(VARBINARY,LARGEINT)	VARBINARY	Aggregate	NULL	{"fid":"0","symbol":"","file":"","isolation":"isolated","type":"BUILTIN","md5":""}
min_by(VARBINARY,PERCENTILE)	VARBINARY	Aggregate	NULL	{"fid":"0","symbol":"","file":"","isolation":"isolated","type":"BUILTIN","md5":""}
min_by(VARBINARY,SMALLINT)	VARBINARY	Aggregate	NULL	{"fid":"0","symbol":"","file":"","isolation":"isolated","type":"BUILTIN","md5":""}
min_by(VARBINARY,TIME)	VARBINARY	Aggregate	NULL	{"fid":"0","symbol":"","file":"","isolation":"isolated","type":"BUILTIN","md5":""}
min_by(VARBINARY,TINYINT)	VARBINARY	Aggregate	NULL	{"fid":"0","symbol":"","file":"","isolation":"isolated","type":"BUILTIN","md5":""}
min_by(VARBINARY,UNKNOWN_TYPE)	VARBINARY	Aggregate	NULL	{"fid":"0","symbol":"","file":"","isolation":"isolated","type":"BUILTIN","md5":""}
min_by(VARBINARY,VARBINARY)	VARBINARY	Aggregate	NULL	{"fid":"0","symbol":"","file":"","isolation":"isolated","type":"BUILTIN","md5":""}
min_by(VARBINARY,VARCHAR)	VARBINARY	Aggregate	NULL	{"fid":"0","symbol":"","file":"","isolation":"isolated","type":"BUILTIN","md5":""}
min_by(VARCHAR,BIGINT)	VARCHAR	Aggregate	VARBINARY	{"fid":"0","symbol":"","file":"","isolation":"isolated","type":"BUILTIN","md5":""}
min_by(VARCHAR,BITMAP)	VARCHAR	Aggregate	VARBINARY	{"fid":"0","symbol":"","file":"","isolation":"isolated","type":"BUILTIN","md5":""}
min_by(VARCHAR,BOOLEAN)	VARCHAR	Aggregate	VARBINARY	{"fid":"0","symbol":"","file":"","isolation":"isolated","type":"BUILTIN","md5":""}
min_by(VARCHAR,DATE)	VARCHAR	Aggregate	VARBINARY	{"fid":"0","symbol":"","file":"","isolation":"isolated","type":"BUILTIN","md5":""}
min_by(VARCHAR,DATETIME)	VARCHAR	Aggregate	VARBINARY	{"fid":"0","symbol":"","file":"","isolation":"isolated","type":"BUILTIN","md5":""}
min_by(VARCHAR,DECIMAL128)	VARCHAR	Aggregate	VARBINARY	{"fid":"0","symbol":"","file":"","isolation":"isolated","type":"BUILTIN","md5":""}
min_by(VARCHAR,DECIMAL256)	VARCHAR	Aggregate	VARBINARY	{"fid":"0","symbol":"","file":"","isolation":"isolated","type":"BUILTIN","md5":""}
min_by(VARCHAR,DECIMAL32)	VARCHAR	Aggregate	VARBINARY	{"fid":"0","symbol":"","file":"","isolation":"isolated","type":"BUILTIN","md5":""}
min_by(VARCHAR,DECIMAL64)	VARCHAR	Aggregate	VARBINARY	{"fid":"0","symbol":"","file":"","isolation":"isolated","type":"BUILTIN","md5":""}
min_by(VARCHAR,DECIMALV2)	VARCHAR	Aggregate	VARBINARY	{"fid":"0","symbol":"","file":"","isolation":"isolated","type":"BUILTIN","md5":""}
min_by(VARCHAR,DOUBLE)	VARCHAR	Aggregate	VARBINARY	{"fid":"0","symbol":"","file":"","isolation":"isolated","type":"BUILTIN","md5":""}
min_by(VARCHAR,FLOAT)	VARCHAR	Aggregate	VARBINARY	{"fid":"0","symbol":"","file":"","isolation":"isolated","type":"BUILTIN","md5":""}
min_by(VARCHAR,HLL)	VARCHAR	Aggregate	VARBINARY	{"fid":"0","symbol":"","file":"","isolation":"isolated","type":"BUILTIN","md5":""}
min_by(VARCHAR,INT)	VARCHAR	Aggregate	VARBINARY	{"fid":"0","symbol":"","file":"","isolation":"isolated","type":"BUILTIN","md5":""}
min_by(VARCHAR,JSON)	VARCHAR	Aggregate	VARBINARY	{"fid":"0","symbol":"","file":"","isolation":"isolated","type":"BUILTIN","md5":""}
min_by(VARCHAR,LARGEINT)	VARCHAR	Aggregate	VARBINARY	{"fid":"0","symbol":"","file":"","isolation":"isolated","type":"BUILTIN","md5":""}
min_by(VARCHAR,PERCENTILE)	VARCHAR	Aggregate	VARBINARY	{"fid":"0","symbol":"","file":"","isolation":"isolated","type":"BUILTIN","md5":""}
min_by(VARCHAR,SMALLINT)	VARCHAR	Aggregate	VARBINARY	{"fid":"0","symbol":"","file":"","isolation":"isolated","type":"BUILTIN","md5":""}
min_by(VARCHAR,TIME)	VARCHAR	Aggregate	VARBINARY	{"fid":"0","symbol":"","file":"","isolation":"isolated","type":"BUILTIN","md5":""}
min_by(VARCHAR,TINYINT)	VARCHAR	Aggregate	VARBINARY	{"fid":"0","symbol":"","file":"","isolation":"isolated","type":"BUILTIN","md5":""}
min_by(VARCHAR,UNKNOWN_TYPE)	VARCHAR	Aggregate	VARBINARY	{"fid":"0","symbol":"","file":"","isolation":"isolated","type":"BUILTIN","md5":""}
min_by(VARCHAR,VARBINARY)	VARCHAR	Aggregate	VARBINARY	{"fid":"0","symbol":"","file":"","isolation":"isolated","type":"BUILTIN","md5":""}
min_by(VARCHAR,VARCHAR)	VARCHAR	Aggregate	VARBINARY	{"fid":"0","symbol":"","file":"","isolation":"isolated","type":"BUILTIN","md5":""}
min_by(VARIANT,BIGINT)	VARIANT	Aggregate	VARBINARY	{"fid":"0","symbol":"","file":"","isolation":"isolated","type":"BUILTIN","md5":""}
min_by(VARIANT,BITMAP)	VARIANT	Aggregate	VARBINARY	{"fid":"0","symbol":"","file":"","isolation":"isolated","type":"BUILTIN","md5":""}
min_by(VARIANT,BOOLEAN)	VARIANT	Aggregate	VARBINARY	{"fid":"0","symbol":"","file":"","isolation":"isolated","type":"BUILTIN","md5":""}
min_by(VARIANT,DATE)	VARIANT	Aggregate	VARBINARY	{"fid":"0","symbol":"","file":"","isolation":"isolated","type":"BUILTIN","md5":""}
min_by(VARIANT,DATETIME)	VARIANT	Aggregate	VARBINARY	{"fid":"0","symbol":"","file":"","isolation":"isolated","type":"BUILTIN","md5":""}
min_by(VARIANT,DECIMAL128)	VARIANT	Aggregate	VARBINARY	{"fid":"0","symbol":"","file":"","isolation":"isolated","type":"BUILTIN","md5":""}
min_by(VARIANT,DECIMAL256)	VARIANT	Aggregate	VARBINARY	{"fid":"0","symbol":"","file":"","isolation":"isolated","type":"BUILTIN","md5":""}
min_by(VARIANT,DECIMAL32)	VARIANT	Aggregate	VARBINARY	{"fid":"0","symbol":"","file":"","isolation":"isolated","type":"BUILTIN","md5":""}
min_by(VARIANT,DECIMAL64)	VARIANT	Aggregate	VARBINARY	{"fid":"0","symbol":"","file":"","isolation":"isolated","type":"BUILTIN","md5":""}
min_by(VARIANT,DECIMALV2)	VARIANT	Aggregate	VARBINARY	{"fid":"0","symbol":"","file":"","isolation":"isolated","type":"BUILTIN","md5":""}
min_by(VARIANT,DOUBLE)	VARIANT	Aggregate	VARBINARY	{"fid":"0","symbol":"","file":"","isolation":"isolated","type":"BUILTIN","md5":""}
min_by(VARIANT,FLOAT)	VARIANT	Aggregate	VARBINARY	{"fid":"0","symbol":"","file":"","isolation":"isolated","type":"BUILTIN","md5":""}
min_by(VARIANT,HLL)	VARIANT	Aggregate	VARBINARY	{"fid":"0","symbol":"","file":"","isolation":"isolated","type":"BUILTIN","md5":""}
min_by(VARIANT,INT)	VARIANT	Aggregate	VARBINARY	{"fid":"0","symbol":"","file":"","isolation":"isolated","type":"BUILTIN","md5":""}
min_by(VARIANT,JSON)	VARIANT	Aggregate	VARBINARY	{"fid":"0","symbol":"","file":"","isolation":"isolated","type":"BUILTIN","md5":""}
min_by(VARIANT,LARGEINT)	VARIANT	Aggregate	VARBINARY	{"fid":"0","symbol":"","file":"","isolation":"isolated","type":"BUILTIN","md5":""}
min_by(VARIANT,PERCENTILE)	VARIANT	Aggregate	VARBINARY	{"fid":"0","symbol":"","file":"","isolation":"isolated","type":"BUILTIN","md5":""}
min_by(VARIANT,SMALLINT)	VARIANT	Aggregate	VARBINARY	{"fid":"0","symbol":"","file":"","isolation":"isolated","type":"BUILTIN","md5":""}
min_by(VARIANT,TIME)	VARIANT	Aggregate	VARBINARY	{"fid":"0","symbol":"","file":"","isolation":"isolated","type":"BUILTIN","md5":""}
min_by(VARIANT,TINYINT)	VARIANT	Aggregate	VARBINARY	{"fid":"0","symbol":"","file":"","isolation":"isolated","type":"BUILTIN","md5":""}
min_by(VARIANT,UNKNOWN_TYPE)	VARIANT	Aggregate	VARBINARY	{"fid":"0","symbol":"","file":"","isolation":"isolated","type":"BUILTIN","md5":""}
min_by(VARIANT,VARBINARY)	VARIANT	Aggregate	VARBINARY	{"fid":"0","symbol":"","file":"","isolation":"isolated","type":"BUILTIN","md5":""}
min_by(VARIANT,VARCHAR)	VARIANT	Aggregate	VARBINARY	{"fid":"0","symbol":"","file":"","isolation":"isolated","type":"BUILTIN","md5":""}
min_by_combine(BIGINT,BIGINT)	VARBINARY	Aggregate	NULL	{"fid":"0","symbol":"","file":"","isolation":"isolated","type":"BUILTIN","md5":""}
min_by_combine(BIGINT,BOOLEAN)	VARBINARY	Aggregate	NULL	{"fid":"0","symbol":"","file":"","isolation":"isolated","type":"BUILTIN","md5":""}
min_by_combine(BIGINT,DATE)	VARBINARY	Aggregate	NULL	{"fid":"0","symbol":"","file":"","isolation":"isolated","type":"BUILTIN","md5":""}
min_by_combine(BIGINT,DATETIME)	VARBINARY	Aggregate	NULL	{"fid":"0","symbol":"","file":"","isolation":"isolated","type":"BUILTIN","md5":""}
min_by_combine(BIGINT,DECIMAL128)	VARBINARY	Aggregate	NULL	{"fid":"0","symbol":"","file":"","isolation":"isolated","type":"BUILTIN","md5":""}
min_by_combine(BIGINT,DECIMAL256)	VARBINARY	Aggregate	NULL	{"fid":"0","symbol":"","file":"","isolation":"isolated","type":"BUILTIN","md5":""}
min_by_combine(BIGINT,DECIMAL32)	VARBINARY	Aggregate	NULL	{"fid":"0","symbol":"","file":"","isolation":"isolated","type":"BUILTIN","md5":""}
min_by_combine(BIGINT,DECIMAL64)	VARBINARY	Aggregate	NULL	{"fid":"0","symbol":"","file":"","isolation":"isolated","type":"BUILTIN","md5":""}
min_by_combine(BIGINT,DOUBLE)	VARBINARY	Aggregate	NULL	{"fid":"0","symbol":"","file":"","isolation":"isolated","type":"BUILTIN","md5":""}
min_by_combine(BIGINT,FLOAT)	VARBINARY	Aggregate	NULL	{"fid":"0","symbol":"","file":"","isolation":"isolated","type":"BUILTIN","md5":""}
min_by_combine(BIGINT,INT)	VARBINARY	Aggregate	NULL	{"fid":"0","symbol":"","file":"","isolation":"isolated","type":"BUILTIN","md5":""}
min_by_combine(BIGINT,LARGEINT)	VARBINARY	Aggregate	NULL	{"fid":"0","symbol":"","file":"","isolation":"isolated","type":"BUILTIN","md5":""}
min_by_combine(BIGINT,SMALLINT)	VARBINARY	Aggregate	NULL	{"fid":"0","symbol":"","file":"","isolation":"isolated","type":"BUILTIN","md5":""}
min_by_combine(BIGINT,TINYINT)	VARBINARY	Aggregate	NULL	{"fid":"0","symbol":"","file":"","isolation":"isolated","type":"BUILTIN","md5":""}
min_by_combine(BIGINT,VARCHAR)	VARBINARY	Aggregate	NULL	{"fid":"0","symbol":"","file":"","isolation":"isolated","type":"BUILTIN","md5":""}
min_by_combine(BOOLEAN,BIGINT)	VARBINARY	Aggregate	NULL	{"fid":"0","symbol":"","file":"","isolation":"isolated","type":"BUILTIN","md5":""}
min_by_combine(BOOLEAN,BOOLEAN)	VARBINARY	Aggregate	NULL	{"fid":"0","symbol":"","file":"","isolation":"isolated","type":"BUILTIN","md5":""}
min_by_combine(BOOLEAN,DATE)	VARBINARY	Aggregate	NULL	{"fid":"0","symbol":"","file":"","isolation":"isolated","type":"BUILTIN","md5":""}
min_by_combine(BOOLEAN,DATETIME)	VARBINARY	Aggregate	NULL	{"fid":"0","symbol":"","file":"","isolation":"isolated","type":"BUILTIN","md5":""}
min_by_combine(BOOLEAN,DECIMAL128)	VARBINARY	Aggregate	NULL	{"fid":"0","symbol":"","file":"","isolation":"isolated","type":"BUILTIN","md5":""}
min_by_combine(BOOLEAN,DECIMAL256)	VARBINARY	Aggregate	NULL	{"fid":"0","symbol":"","file":"","isolation":"isolated","type":"BUILTIN","md5":""}
min_by_combine(BOOLEAN,DECIMAL32)	VARBINARY	Aggregate	NULL	{"fid":"0","symbol":"","file":"","isolation":"isolated","type":"BUILTIN","md5":""}
min_by_combine(BOOLEAN,DECIMAL64)	VARBINARY	Aggregate	NULL	{"fid":"0","symbol":"","file":"","isolation":"isolated","type":"BUILTIN","md5":""}
min_by_combine(BOOLEAN,DOUBLE)	VARBINARY	Aggregate	NULL	{"fid":"0","symbol":"","file":"","isolation":"isolated","type":"BUILTIN","md5":""}
min_by_combine(BOOLEAN,FLOAT)	VARBINARY	Aggregate	NULL	{"fid":"0","symbol":"","file":"","isolation":"isolated","type":"BUILTIN","md5":""}
min_by_combine(BOOLEAN,INT)	VARBINARY	Aggregate	NULL	{"fid":"0","symbol":"","file":"","isolation":"isolated","type":"BUILTIN","md5":""}
min_by_combine(BOOLEAN,LARGEINT)	VARBINARY	Aggregate	NULL	{"fid":"0","symbol":"","file":"","isolation":"isolated","type":"BUILTIN","md5":""}
min_by_combine(BOOLEAN,SMALLINT)	VARBINARY	Aggregate	NULL	{"fid":"0","symbol":"","file":"","isolation":"isolated","type":"BUILTIN","md5":""}
min_by_combine(BOOLEAN,TINYINT)	VARBINARY	Aggregate	NULL	{"fid":"0","symbol":"","file":"","isolation":"isolated","type":"BUILTIN","md5":""}
min_by_combine(BOOLEAN,VARCHAR)	VARBINARY	Aggregate	NULL	{"fid":"0","symbol":"","file":"","isolation":"isolated","type":"BUILTIN","md5":""}
min_by_combine(DATE,BIGINT)	VARBINARY	Aggregate	NULL	{"fid":"0","symbol":"","file":"","isolation":"isolated","type":"BUILTIN","md5":""}
min_by_combine(DATE,BOOLEAN)	VARBINARY	Aggregate	NULL	{"fid":"0","symbol":"","file":"","isolation":"isolated","type":"BUILTIN","md5":""}
min_by_combine(DATE,DATE)	VARBINARY	Aggregate	NULL	{"fid":"0","symbol":"","file":"","isolation":"isolated","type":"BUILTIN","md5":""}
min_by_combine(DATE,DATETIME)	VARBINARY	Aggregate	NULL	{"fid":"0","symbol":"","file":"","isolation":"isolated","type":"BUILTIN","md5":""}
min_by_combine(DATE,DECIMAL128)	VARBINARY	Aggregate	NULL	{"fid":"0","symbol":"","file":"","isolation":"isolated","type":"BUILTIN","md5":""}
min_by_combine(DATE,DECIMAL256)	VARBINARY	Aggregate	NULL	{"fid":"0","symbol":"","file":"","isolation":"isolated","type":"BUILTIN","md5":""}
min_by_combine(DATE,DECIMAL32)	VARBINARY	Aggregate	NULL	{"fid":"0","symbol":"","file":"","isolation":"isolated","type":"BUILTIN","md5":""}
min_by_combine(DATE,DECIMAL64)	VARBINARY	Aggregate	NULL	{"fid":"0","symbol":"","file":"","isolation":"isolated","type":"BUILTIN","md5":""}
min_by_combine(DATE,DOUBLE)	VARBINARY	Aggregate	NULL	{"fid":"0","symbol":"","file":"","isolation":"isolated","type":"BUILTIN","md5":""}
min_by_combine(DATE,FLOAT)	VARBINARY	Aggregate	NULL	{"fid":"0","symbol":"","file":"","isolation":"isolated","type":"BUILTIN","md5":""}
min_by_combine(DATE,INT)	VARBINARY	Aggregate	NULL	{"fid":"0","symbol":"","file":"","isolation":"isolated","type":"BUILTIN","md5":""}
min_by_combine(DATE,LARGEINT)	VARBINARY	Aggregate	NULL	{"fid":"0","symbol":"","file":"","isolation":"isolated","type":"BUILTIN","md5":""}
min_by_combine(DATE,SMALLINT)	VARBINARY	Aggregate	NULL	{"fid":"0","symbol":"","file":"","isolation":"isolated","type":"BUILTIN","md5":""}
min_by_combine(DATE,TINYINT)	VARBINARY	Aggregate	NULL	{"fid":"0","symbol":"","file":"","isolation":"isolated","type":"BUILTIN","md5":""}
min_by_combine(DATE,VARCHAR)	VARBINARY	Aggregate	NULL	{"fid":"0","symbol":"","file":"","isolation":"isolated","type":"BUILTIN","md5":""}
min_by_combine(DATETIME,BIGINT)	VARBINARY	Aggregate	NULL	{"fid":"0","symbol":"","file":"","isolation":"isolated","type":"BUILTIN","md5":""}
min_by_combine(DATETIME,BOOLEAN)	VARBINARY	Aggregate	NULL	{"fid":"0","symbol":"","file":"","isolation":"isolated","type":"BUILTIN","md5":""}
min_by_combine(DATETIME,DATE)	VARBINARY	Aggregate	NULL	{"fid":"0","symbol":"","file":"","isolation":"isolated","type":"BUILTIN","md5":""}
min_by_combine(DATETIME,DATETIME)	VARBINARY	Aggregate	NULL	{"fid":"0","symbol":"","file":"","isolation":"isolated","type":"BUILTIN","md5":""}
min_by_combine(DATETIME,DECIMAL128)	VARBINARY	Aggregate	NULL	{"fid":"0","symbol":"","file":"","isolation":"isolated","type":"BUILTIN","md5":""}
min_by_combine(DATETIME,DECIMAL256)	VARBINARY	Aggregate	NULL	{"fid":"0","symbol":"","file":"","isolation":"isolated","type":"BUILTIN","md5":""}
min_by_combine(DATETIME,DECIMAL32)	VARBINARY	Aggregate	NULL	{"fid":"0","symbol":"","file":"","isolation":"isolated","type":"BUILTIN","md5":""}
min_by_combine(DATETIME,DECIMAL64)	VARBINARY	Aggregate	NULL	{"fid":"0","symbol":"","file":"","isolation":"isolated","type":"BUILTIN","md5":""}
min_by_combine(DATETIME,DOUBLE)	VARBINARY	Aggregate	NULL	{"fid":"0","symbol":"","file":"","isolation":"isolated","type":"BUILTIN","md5":""}
min_by_combine(DATETIME,FLOAT)	VARBINARY	Aggregate	NULL	{"fid":"0","symbol":"","file":"","isolation":"isolated","type":"BUILTIN","md5":""}
min_by_combine(DATETIME,INT)	VARBINARY	Aggregate	NULL	{"fid":"0","symbol":"","file":"","isolation":"isolated","type":"BUILTIN","md5":""}
min_by_combine(DATETIME,LARGEINT)	VARBINARY	Aggregate	NULL	{"fid":"0","symbol":"","file":"","isolation":"isolated","type":"BUILTIN","md5":""}
min_by_combine(DATETIME,SMALLINT)	VARBINARY	Aggregate	NULL	{"fid":"0","symbol":"","file":"","isolation":"isolated","type":"BUILTIN","md5":""}
min_by_combine(DATETIME,TINYINT)	VARBINARY	Aggregate	NULL	{"fid":"0","symbol":"","file":"","isolation":"isolated","type":"BUILTIN","md5":""}
min_by_combine(DATETIME,VARCHAR)	VARBINARY	Aggregate	NULL	{"fid":"0","symbol":"","file":"","isolation":"isolated","type":"BUILTIN","md5":""}
min_by_combine(DECIMAL128,BIGINT)	VARBINARY	Aggregate	NULL	{"fid":"0","symbol":"","file":"","isolation":"isolated","type":"BUILTIN","md5":""}
min_by_combine(DECIMAL128,BOOLEAN)	VARBINARY	Aggregate	NULL	{"fid":"0","symbol":"","file":"","isolation":"isolated","type":"BUILTIN","md5":""}
min_by_combine(DECIMAL128,DATE)	VARBINARY	Aggregate	NULL	{"fid":"0","symbol":"","file":"","isolation":"isolated","type":"BUILTIN","md5":""}
min_by_combine(DECIMAL128,DATETIME)	VARBINARY	Aggregate	NULL	{"fid":"0","symbol":"","file":"","isolation":"isolated","type":"BUILTIN","md5":""}
min_by_combine(DECIMAL128,DECIMAL128)	VARBINARY	Aggregate	NULL	{"fid":"0","symbol":"","file":"","isolation":"isolated","type":"BUILTIN","md5":""}
min_by_combine(DECIMAL128,DECIMAL256)	VARBINARY	Aggregate	NULL	{"fid":"0","symbol":"","file":"","isolation":"isolated","type":"BUILTIN","md5":""}
min_by_combine(DECIMAL128,DECIMAL32)	VARBINARY	Aggregate	NULL	{"fid":"0","symbol":"","file":"","isolation":"isolated","type":"BUILTIN","md5":""}
min_by_combine(DECIMAL128,DECIMAL64)	VARBINARY	Aggregate	NULL	{"fid":"0","symbol":"","file":"","isolation":"isolated","type":"BUILTIN","md5":""}
min_by_combine(DECIMAL128,DOUBLE)	VARBINARY	Aggregate	NULL	{"fid":"0","symbol":"","file":"","isolation":"isolated","type":"BUILTIN","md5":""}
min_by_combine(DECIMAL128,FLOAT)	VARBINARY	Aggregate	NULL	{"fid":"0","symbol":"","file":"","isolation":"isolated","type":"BUILTIN","md5":""}
min_by_combine(DECIMAL128,INT)	VARBINARY	Aggregate	NULL	{"fid":"0","symbol":"","file":"","isolation":"isolated","type":"BUILTIN","md5":""}
min_by_combine(DECIMAL128,LARGEINT)	VARBINARY	Aggregate	NULL	{"fid":"0","symbol":"","file":"","isolation":"isolated","type":"BUILTIN","md5":""}
min_by_combine(DECIMAL128,SMALLINT)	VARBINARY	Aggregate	NULL	{"fid":"0","symbol":"","file":"","isolation":"isolated","type":"BUILTIN","md5":""}
min_by_combine(DECIMAL128,TINYINT)	VARBINARY	Aggregate	NULL	{"fid":"0","symbol":"","file":"","isolation":"isolated","type":"BUILTIN","md5":""}
min_by_combine(DECIMAL128,VARCHAR)	VARBINARY	Aggregate	NULL	{"fid":"0","symbol":"","file":"","isolation":"isolated","type":"BUILTIN","md5":""}
min_by_combine(DECIMAL256,BIGINT)	VARBINARY	Aggregate	NULL	{"fid":"0","symbol":"","file":"","isolation":"isolated","type":"BUILTIN","md5":""}
min_by_combine(DECIMAL256,BOOLEAN)	VARBINARY	Aggregate	NULL	{"fid":"0","symbol":"","file":"","isolation":"isolated","type":"BUILTIN","md5":""}
min_by_combine(DECIMAL256,DATE)	VARBINARY	Aggregate	NULL	{"fid":"0","symbol":"","file":"","isolation":"isolated","type":"BUILTIN","md5":""}
min_by_combine(DECIMAL256,DATETIME)	VARBINARY	Aggregate	NULL	{"fid":"0","symbol":"","file":"","isolation":"isolated","type":"BUILTIN","md5":""}
min_by_combine(DECIMAL256,DECIMAL128)	VARBINARY	Aggregate	NULL	{"fid":"0","symbol":"","file":"","isolation":"isolated","type":"BUILTIN","md5":""}
min_by_combine(DECIMAL256,DECIMAL256)	VARBINARY	Aggregate	NULL	{"fid":"0","symbol":"","file":"","isolation":"isolated","type":"BUILTIN","md5":""}
min_by_combine(DECIMAL256,DECIMAL32)	VARBINARY	Aggregate	NULL	{"fid":"0","symbol":"","file":"","isolation":"isolated","type":"BUILTIN","md5":""}
min_by_combine(DECIMAL256,DECIMAL64)	VARBINARY	Aggregate	NULL	{"fid":"0","symbol":"","file":"","isolation":"isolated","type":"BUILTIN","md5":""}
min_by_combine(DECIMAL256,DOUBLE)	VARBINARY	Aggregate	NULL	{"fid":"0","symbol":"","file":"","isolation":"isolated","type":"BUILTIN","md5":""}
min_by_combine(DECIMAL256,FLOAT)	VARBINARY	Aggregate	NULL	{"fid":"0","symbol":"","file":"","isolation":"isolated","type":"BUILTIN","md5":""}
min_by_combine(DECIMAL256,INT)	VARBINARY	Aggregate	NULL	{"fid":"0","symbol":"","file":"","isolation":"isolated","type":"BUILTIN","md5":""}
min_by_combine(DECIMAL256,LARGEINT)	VARBINARY	Aggregate	NULL	{"fid":"0","symbol":"","file":"","isolation":"isolated","type":"BUILTIN","md5":""}
min_by_combine(DECIMAL256,SMALLINT)	VARBINARY	Aggregate	NULL	{"fid":"0","symbol":"","file":"","isolation":"isolated","type":"BUILTIN","md5":""}
min_by_combine(DECIMAL256,TINYINT)	VARBINARY	Aggregate	NULL	{"fid":"0","symbol":"","file":"","isolation":"isolated","type":"BUILTIN","md5":""}
min_by_combine(DECIMAL256,VARCHAR)	VARBINARY	Aggregate	NULL	{"fid":"0","symbol":"","file":"","isolation":"isolated","type":"BUILTIN","md5":""}
min_by_combine(DECIMAL32,BIGINT)	VARBINARY	Aggregate	NULL	{"fid":"0","symbol":"","file":"","isolation":"isolated","type":"BUILTIN","md5":""}
min_by_combine(DECIMAL32,BOOLEAN)	VARBINARY	Aggregate	NULL	{"fid":"0","symbol":"","file":"","isolation":"isolated","type":"BUILTIN","md5":""}
min_by_combine(DECIMAL32,DATE)	VARBINARY	Aggregate	NULL	{"fid":"0","symbol":"","file":"","isolation":"isolated","type":"BUILTIN","md5":""}
min_by_combine(DECIMAL32,DATETIME)	VARBINARY	Aggregate	NULL	{"fid":"0","symbol":"","file":"","isolation":"isolated","type":"BUILTIN","md5":""}
min_by_combine(DECIMAL32,DECIMAL128)	VARBINARY	Aggregate	NULL	{"fid":"0","symbol":"","file":"","isolation":"isolated","type":"BUILTIN","md5":""}
min_by_combine(DECIMAL32,DECIMAL256)	VARBINARY	Aggregate	NULL	{"fid":"0","symbol":"","file":"","isolation":"isolated","type":"BUILTIN","md5":""}
min_by_combine(DECIMAL32,DECIMAL32)	VARBINARY	Aggregate	NULL	{"fid":"0","symbol":"","file":"","isolation":"isolated","type":"BUILTIN","md5":""}
min_by_combine(DECIMAL32,DECIMAL64)	VARBINARY	Aggregate	NULL	{"fid":"0","symbol":"","file":"","isolation":"isolated","type":"BUILTIN","md5":""}
min_by_combine(DECIMAL32,DOUBLE)	VARBINARY	Aggregate	NULL	{"fid":"0","symbol":"","file":"","isolation":"isolated","type":"BUILTIN","md5":""}
min_by_combine(DECIMAL32,FLOAT)	VARBINARY	Aggregate	NULL	{"fid":"0","symbol":"","file":"","isolation":"isolated","type":"BUILTIN","md5":""}
min_by_combine(DECIMAL32,INT)	VARBINARY	Aggregate	NULL	{"fid":"0","symbol":"","file":"","isolation":"isolated","type":"BUILTIN","md5":""}
min_by_combine(DECIMAL32,LARGEINT)	VARBINARY	Aggregate	NULL	{"fid":"0","symbol":"","file":"","isolation":"isolated","type":"BUILTIN","md5":""}
min_by_combine(DECIMAL32,SMALLINT)	VARBINARY	Aggregate	NULL	{"fid":"0","symbol":"","file":"","isolation":"isolated","type":"BUILTIN","md5":""}
min_by_combine(DECIMAL32,TINYINT)	VARBINARY	Aggregate	NULL	{"fid":"0","symbol":"","file":"","isolation":"isolated","type":"BUILTIN","md5":""}
min_by_combine(DECIMAL32,VARCHAR)	VARBINARY	Aggregate	NULL	{"fid":"0","symbol":"","file":"","isolation":"isolated","type":"BUILTIN","md5":""}
min_by_combine(DECIMAL64,BIGINT)	VARBINARY	Aggregate	NULL	{"fid":"0","symbol":"","file":"","isolation":"isolated","type":"BUILTIN","md5":""}
min_by_combine(DECIMAL64,BOOLEAN)	VARBINARY	Aggregate	NULL	{"fid":"0","symbol":"","file":"","isolation":"isolated","type":"BUILTIN","md5":""}
min_by_combine(DECIMAL64,DATE)	VARBINARY	Aggregate	NULL	{"fid":"0","symbol":"","file":"","isolation":"isolated","type":"BUILTIN","md5":""}
min_by_combine(DECIMAL64,DATETIME)	VARBINARY	Aggregate	NULL	{"fid":"0","symbol":"","file":"","isolation":"isolated","type":"BUILTIN","md5":""}
min_by_combine(DECIMAL64,DECIMAL128)	VARBINARY	Aggregate	NULL	{"fid":"0","symbol":"","file":"","isolation":"isolated","type":"BUILTIN","md5":""}
min_by_combine(DECIMAL64,DECIMAL256)	VARBINARY	Aggregate	NULL	{"fid":"0","symbol":"","file":"","isolation":"isolated","type":"BUILTIN","md5":""}
min_by_combine(DECIMAL64,DECIMAL32)	VARBINARY	Aggregate	NULL	{"fid":"0","symbol":"","file":"","isolation":"isolated","type":"BUILTIN","md5":""}
min_by_combine(DECIMAL64,DECIMAL64)	VARBINARY	Aggregate	NULL	{"fid":"0","symbol":"","file":"","isolation":"isolated","type":"BUILTIN","md5":""}
min_by_combine(DECIMAL64,DOUBLE)	VARBINARY	Aggregate	NULL	{"fid":"0","symbol":"","file":"","isolation":"isolated","type":"BUILTIN","md5":""}
min_by_combine(DECIMAL64,FLOAT)	VARBINARY	Aggregate	NULL	{"fid":"0","symbol":"","file":"","isolation":"isolated","type":"BUILTIN","md5":""}
min_by_combine(DECIMAL64,INT)	VARBINARY	Aggregate	NULL	{"fid":"0","symbol":"","file":"","isolation":"isolated","type":"BUILTIN","md5":""}
min_by_combine(DECIMAL64,LARGEINT)	VARBINARY	Aggregate	NULL	{"fid":"0","symbol":"","file":"","isolation":"isolated","type":"BUILTIN","md5":""}
min_by_combine(DECIMAL64,SMALLINT)	VARBINARY	Aggregate	NULL	{"fid":"0","symbol":"","file":"","isolation":"isolated","type":"BUILTIN","md5":""}
min_by_combine(DECIMAL64,TINYINT)	VARBINARY	Aggregate	NULL	{"fid":"0","symbol":"","file":"","isolation":"isolated","type":"BUILTIN","md5":""}
min_by_combine(DECIMAL64,VARCHAR)	VARBINARY	Aggregate	NULL	{"fid":"0","symbol":"","file":"","isolation":"isolated","type":"BUILTIN","md5":""}
min_by_combine(DOUBLE,BIGINT)	VARBINARY	Aggregate	NULL	{"fid":"0","symbol":"","file":"","isolation":"isolated","type":"BUILTIN","md5":""}
min_by_combine(DOUBLE,BOOLEAN)	VARBINARY	Aggregate	NULL	{"fid":"0","symbol":"","file":"","isolation":"isolated","type":"BUILTIN","md5":""}
min_by_combine(DOUBLE,DATE)	VARBINARY	Aggregate	NULL	{"fid":"0","symbol":"","file":"","isolation":"isolated","type":"BUILTIN","md5":""}
min_by_combine(DOUBLE,DATETIME)	VARBINARY	Aggregate	NULL	{"fid":"0","symbol":"","file":"","isolation":"isolated","type":"BUILTIN","md5":""}
min_by_combine(DOUBLE,DECIMAL128)	VARBINARY	Aggregate	NULL	{"fid":"0","symbol":"","file":"","isolation":"isolated","type":"BUILTIN","md5":""}
min_by_combine(DOUBLE,DECIMAL256)	VARBINARY	Aggregate	NULL	{"fid":"0","symbol":"","file":"","isolation":"isolated","type":"BUILTIN","md5":""}
min_by_combine(DOUBLE,DECIMAL32)	VARBINARY	Aggregate	NULL	{"fid":"0","symbol":"","file":"","isolation":"isolated","type":"BUILTIN","md5":""}
min_by_combine(DOUBLE,DECIMAL64)	VARBINARY	Aggregate	NULL	{"fid":"0","symbol":"","file":"","isolation":"isolated","type":"BUILTIN","md5":""}
min_by_combine(DOUBLE,DOUBLE)	VARBINARY	Aggregate	NULL	{"fid":"0","symbol":"","file":"","isolation":"isolated","type":"BUILTIN","md5":""}
min_by_combine(DOUBLE,FLOAT)	VARBINARY	Aggregate	NULL	{"fid":"0","symbol":"","file":"","isolation":"isolated","type":"BUILTIN","md5":""}
min_by_combine(DOUBLE,INT)	VARBINARY	Aggregate	NULL	{"fid":"0","symbol":"","file":"","isolation":"isolated","type":"BUILTIN","md5":""}
min_by_combine(DOUBLE,LARGEINT)	VARBINARY	Aggregate	NULL	{"fid":"0","symbol":"","file":"","isolation":"isolated","type":"BUILTIN","md5":""}
min_by_combine(DOUBLE,SMALLINT)	VARBINARY	Aggregate	NULL	{"fid":"0","symbol":"","file":"","isolation":"isolated","type":"BUILTIN","md5":""}
min_by_combine(DOUBLE,TINYINT)	VARBINARY	Aggregate	NULL	{"fid":"0","symbol":"","file":"","isolation":"isolated","type":"BUILTIN","md5":""}
min_by_combine(DOUBLE,VARCHAR)	VARBINARY	Aggregate	NULL	{"fid":"0","symbol":"","file":"","isolation":"isolated","type":"BUILTIN","md5":""}
min_by_combine(FLOAT,BIGINT)	VARBINARY	Aggregate	NULL	{"fid":"0","symbol":"","file":"","isolation":"isolated","type":"BUILTIN","md5":""}
min_by_combine(FLOAT,BOOLEAN)	VARBINARY	Aggregate	NULL	{"fid":"0","symbol":"","file":"","isolation":"isolated","type":"BUILTIN","md5":""}
min_by_combine(FLOAT,DATE)	VARBINARY	Aggregate	NULL	{"fid":"0","symbol":"","file":"","isolation":"isolated","type":"BUILTIN","md5":""}
min_by_combine(FLOAT,DATETIME)	VARBINARY	Aggregate	NULL	{"fid":"0","symbol":"","file":"","isolation":"isolated","type":"BUILTIN","md5":""}
min_by_combine(FLOAT,DECIMAL128)	VARBINARY	Aggregate	NULL	{"fid":"0","symbol":"","file":"","isolation":"isolated","type":"BUILTIN","md5":""}
min_by_combine(FLOAT,DECIMAL256)	VARBINARY	Aggregate	NULL	{"fid":"0","symbol":"","file":"","isolation":"isolated","type":"BUILTIN","md5":""}
min_by_combine(FLOAT,DECIMAL32)	VARBINARY	Aggregate	NULL	{"fid":"0","symbol":"","file":"","isolation":"isolated","type":"BUILTIN","md5":""}
min_by_combine(FLOAT,DECIMAL64)	VARBINARY	Aggregate	NULL	{"fid":"0","symbol":"","file":"","isolation":"isolated","type":"BUILTIN","md5":""}
min_by_combine(FLOAT,DOUBLE)	VARBINARY	Aggregate	NULL	{"fid":"0","symbol":"","file":"","isolation":"isolated","type":"BUILTIN","md5":""}
min_by_combine(FLOAT,FLOAT)	VARBINARY	Aggregate	NULL	{"fid":"0","symbol":"","file":"","isolation":"isolated","type":"BUILTIN","md5":""}
min_by_combine(FLOAT,INT)	VARBINARY	Aggregate	NULL	{"fid":"0","symbol":"","file":"","isolation":"isolated","type":"BUILTIN","md5":""}
min_by_combine(FLOAT,LARGEINT)	VARBINARY	Aggregate	NULL	{"fid":"0","symbol":"","file":"","isolation":"isolated","type":"BUILTIN","md5":""}
min_by_combine(FLOAT,SMALLINT)	VARBINARY	Aggregate	NULL	{"fid":"0","symbol":"","file":"","isolation":"isolated","type":"BUILTIN","md5":""}
min_by_combine(FLOAT,TINYINT)	VARBINARY	Aggregate	NULL	{"fid":"0","symbol":"","file":"","isolation":"isolated","type":"BUILTIN","md5":""}
min_by_combine(FLOAT,VARCHAR)	VARBINARY	Aggregate	NULL	{"fid":"0","symbol":"","file":"","isolation":"isolated","type":"BUILTIN","md5":""}
min_by_combine(INT,BIGINT)	VARBINARY	Aggregate	NULL	{"fid":"0","symbol":"","file":"","isolation":"isolated","type":"BUILTIN","md5":""}
min_by_combine(INT,BOOLEAN)	VARBINARY	Aggregate	NULL	{"fid":"0","symbol":"","file":"","isolation":"isolated","type":"BUILTIN","md5":""}
min_by_combine(INT,DATE)	VARBINARY	Aggregate	NULL	{"fid":"0","symbol":"","file":"","isolation":"isolated","type":"BUILTIN","md5":""}
min_by_combine(INT,DATETIME)	VARBINARY	Aggregate	NULL	{"fid":"0","symbol":"","file":"","isolation":"isolated","type":"BUILTIN","md5":""}
min_by_combine(INT,DECIMAL128)	VARBINARY	Aggregate	NULL	{"fid":"0","symbol":"","file":"","isolation":"isolated","type":"BUILTIN","md5":""}
min_by_combine(INT,DECIMAL256)	VARBINARY	Aggregate	NULL	{"fid":"0","symbol":"","file":"","isolation":"isolated","type":"BUILTIN","md5":""}
min_by_combine(INT,DECIMAL32)	VARBINARY	Aggregate	NULL	{"fid":"0","symbol":"","file":"","isolation":"isolated","type":"BUILTIN","md5":""}
min_by_combine(INT,DECIMAL64)	VARBINARY	Aggregate	NULL	{"fid":"0","symbol":"","file":"","isolation":"isolated","type":"BUILTIN","md5":""}
min_by_combine(INT,DOUBLE)	VARBINARY	Aggregate	NULL	{"fid":"0","symbol":"","file":"","isolation":"isolated","type":"BUILTIN","md5":""}
min_by_combine(INT,FLOAT)	VARBINARY	Aggregate	NULL	{"fid":"0","symbol":"","file":"","isolation":"isolated","type":"BUILTIN","md5":""}
min_by_combine(INT,INT)	VARBINARY	Aggregate	NULL	{"fid":"0","symbol":"","file":"","isolation":"isolated","type":"BUILTIN","md5":""}
min_by_combine(INT,LARGEINT)	VARBINARY	Aggregate	NULL	{"fid":"0","symbol":"","file":"","isolation":"isolated","type":"BUILTIN","md5":""}
min_by_combine(INT,SMALLINT)	VARBINARY	Aggregate	NULL	{"fid":"0","symbol":"","file":"","isolation":"isolated","type":"BUILTIN","md5":""}
min_by_combine(INT,TINYINT)	VARBINARY	Aggregate	NULL	{"fid":"0","symbol":"","file":"","isolation":"isolated","type":"BUILTIN","md5":""}
min_by_combine(INT,VARCHAR)	VARBINARY	Aggregate	NULL	{"fid":"0","symbol":"","file":"","isolation":"isolated","type":"BUILTIN","md5":""}
min_by_combine(INVALID_TYPE,BIGINT)	VARBINARY	Aggregate	NULL	{"fid":"0","symbol":"","file":"","isolation":"isolated","type":"BUILTIN","md5":""}
min_by_combine(INVALID_TYPE,BOOLEAN)	VARBINARY	Aggregate	NULL	{"fid":"0","symbol":"","file":"","isolation":"isolated","type":"BUILTIN","md5":""}
min_by_combine(INVALID_TYPE,DATE)	VARBINARY	Aggregate	NULL	{"fid":"0","symbol":"","file":"","isolation":"isolated","type":"BUILTIN","md5":""}
min_by_combine(INVALID_TYPE,DATETIME)	VARBINARY	Aggregate	NULL	{"fid":"0","symbol":"","file":"","isolation":"isolated","type":"BUILTIN","md5":""}
min_by_combine(INVALID_TYPE,DECIMAL128)	VARBINARY	Aggregate	NULL	{"fid":"0","symbol":"","file":"","isolation":"isolated","type":"BUILTIN","md5":""}
min_by_combine(INVALID_TYPE,DECIMAL256)	VARBINARY	Aggregate	NULL	{"fid":"0","symbol":"","file":"","isolation":"isolated","type":"BUILTIN","md5":""}
min_by_combine(INVALID_TYPE,DECIMAL32)	VARBINARY	Aggregate	NULL	{"fid":"0","symbol":"","file":"","isolation":"isolated","type":"BUILTIN","md5":""}
min_by_combine(INVALID_TYPE,DECIMAL64)	VARBINARY	Aggregate	NULL	{"fid":"0","symbol":"","file":"","isolation":"isolated","type":"BUILTIN","md5":""}
min_by_combine(INVALID_TYPE,DOUBLE)	VARBINARY	Aggregate	NULL	{"fid":"0","symbol":"","file":"","isolation":"isolated","type":"BUILTIN","md5":""}
min_by_combine(INVALID_TYPE,FLOAT)	VARBINARY	Aggregate	NULL	{"fid":"0","symbol":"","file":"","isolation":"isolated","type":"BUILTIN","md5":""}
min_by_combine(INVALID_TYPE,INT)	VARBINARY	Aggregate	NULL	{"fid":"0","symbol":"","file":"","isolation":"isolated","type":"BUILTIN","md5":""}
min_by_combine(INVALID_TYPE,LARGEINT)	VARBINARY	Aggregate	NULL	{"fid":"0","symbol":"","file":"","isolation":"isolated","type":"BUILTIN","md5":""}
min_by_combine(INVALID_TYPE,SMALLINT)	VARBINARY	Aggregate	NULL	{"fid":"0","symbol":"","file":"","isolation":"isolated","type":"BUILTIN","md5":""}
min_by_combine(INVALID_TYPE,TINYINT)	VARBINARY	Aggregate	NULL	{"fid":"0","symbol":"","file":"","isolation":"isolated","type":"BUILTIN","md5":""}
min_by_combine(INVALID_TYPE,VARCHAR)	VARBINARY	Aggregate	NULL	{"fid":"0","symbol":"","file":"","isolation":"isolated","type":"BUILTIN","md5":""}
min_by_combine(JSON,BIGINT)	VARBINARY	Aggregate	NULL	{"fid":"0","symbol":"","file":"","isolation":"isolated","type":"BUILTIN","md5":""}
min_by_combine(JSON,BOOLEAN)	VARBINARY	Aggregate	NULL	{"fid":"0","symbol":"","file":"","isolation":"isolated","type":"BUILTIN","md5":""}
min_by_combine(JSON,DATE)	VARBINARY	Aggregate	NULL	{"fid":"0","symbol":"","file":"","isolation":"isolated","type":"BUILTIN","md5":""}
min_by_combine(JSON,DATETIME)	VARBINARY	Aggregate	NULL	{"fid":"0","symbol":"","file":"","isolation":"isolated","type":"BUILTIN","md5":""}
min_by_combine(JSON,DECIMAL128)	VARBINARY	Aggregate	NULL	{"fid":"0","symbol":"","file":"","isolation":"isolated","type":"BUILTIN","md5":""}
min_by_combine(JSON,DECIMAL256)	VARBINARY	Aggregate	NULL	{"fid":"0","symbol":"","file":"","isolation":"isolated","type":"BUILTIN","md5":""}
min_by_combine(JSON,DECIMAL32)	VARBINARY	Aggregate	NULL	{"fid":"0","symbol":"","file":"","isolation":"isolated","type":"BUILTIN","md5":""}
min_by_combine(JSON,DECIMAL64)	VARBINARY	Aggregate	NULL	{"fid":"0","symbol":"","file":"","isolation":"isolated","type":"BUILTIN","md5":""}
min_by_combine(JSON,DOUBLE)	VARBINARY	Aggregate	NULL	{"fid":"0","symbol":"","file":"","isolation":"isolated","type":"BUILTIN","md5":""}
min_by_combine(JSON,FLOAT)	VARBINARY	Aggregate	NULL	{"fid":"0","symbol":"","file":"","isolation":"isolated","type":"BUILTIN","md5":""}
min_by_combine(JSON,INT)	VARBINARY	Aggregate	NULL	{"fid":"0","symbol":"","file":"","isolation":"isolated","type":"BUILTIN","md5":""}
min_by_combine(JSON,LARGEINT)	VARBINARY	Aggregate	NULL	{"fid":"0","symbol":"","file":"","isolation":"isolated","type":"BUILTIN","md5":""}
min_by_combine(JSON,SMALLINT)	VARBINARY	Aggregate	NULL	{"fid":"0","symbol":"","file":"","isolation":"isolated","type":"BUILTIN","md5":""}
min_by_combine(JSON,TINYINT)	VARBINARY	Aggregate	NULL	{"fid":"0","symbol":"","file":"","isolation":"isolated","type":"BUILTIN","md5":""}
min_by_combine(JSON,VARCHAR)	VARBINARY	Aggregate	NULL	{"fid":"0","symbol":"","file":"","isolation":"isolated","type":"BUILTIN","md5":""}
min_by_combine(LARGEINT,BIGINT)	VARBINARY	Aggregate	NULL	{"fid":"0","symbol":"","file":"","isolation":"isolated","type":"BUILTIN","md5":""}
min_by_combine(LARGEINT,BOOLEAN)	VARBINARY	Aggregate	NULL	{"fid":"0","symbol":"","file":"","isolation":"isolated","type":"BUILTIN","md5":""}
min_by_combine(LARGEINT,DATE)	VARBINARY	Aggregate	NULL	{"fid":"0","symbol":"","file":"","isolation":"isolated","type":"BUILTIN","md5":""}
min_by_combine(LARGEINT,DATETIME)	VARBINARY	Aggregate	NULL	{"fid":"0","symbol":"","file":"","isolation":"isolated","type":"BUILTIN","md5":""}
min_by_combine(LARGEINT,DECIMAL128)	VARBINARY	Aggregate	NULL	{"fid":"0","symbol":"","file":"","isolation":"isolated","type":"BUILTIN","md5":""}
min_by_combine(LARGEINT,DECIMAL256)	VARBINARY	Aggregate	NULL	{"fid":"0","symbol":"","file":"","isolation":"isolated","type":"BUILTIN","md5":""}
min_by_combine(LARGEINT,DECIMAL32)	VARBINARY	Aggregate	NULL	{"fid":"0","symbol":"","file":"","isolation":"isolated","type":"BUILTIN","md5":""}
min_by_combine(LARGEINT,DECIMAL64)	VARBINARY	Aggregate	NULL	{"fid":"0","symbol":"","file":"","isolation":"isolated","type":"BUILTIN","md5":""}
min_by_combine(LARGEINT,DOUBLE)	VARBINARY	Aggregate	NULL	{"fid":"0","symbol":"","file":"","isolation":"isolated","type":"BUILTIN","md5":""}
min_by_combine(LARGEINT,FLOAT)	VARBINARY	Aggregate	NULL	{"fid":"0","symbol":"","file":"","isolation":"isolated","type":"BUILTIN","md5":""}
min_by_combine(LARGEINT,INT)	VARBINARY	Aggregate	NULL	{"fid":"0","symbol":"","file":"","isolation":"isolated","type":"BUILTIN","md5":""}
min_by_combine(LARGEINT,LARGEINT)	VARBINARY	Aggregate	NULL	{"fid":"0","symbol":"","file":"","isolation":"isolated","type":"BUILTIN","md5":""}
min_by_combine(LARGEINT,SMALLINT)	VARBINARY	Aggregate	NULL	{"fid":"0","symbol":"","file":"","isolation":"isolated","type":"BUILTIN","md5":""}
min_by_combine(LARGEINT,TINYINT)	VARBINARY	Aggregate	NULL	{"fid":"0","symbol":"","file":"","isolation":"isolated","type":"BUILTIN","md5":""}
min_by_combine(LARGEINT,VARCHAR)	VARBINARY	Aggregate	NULL	{"fid":"0","symbol":"","file":"","isolation":"isolated","type":"BUILTIN","md5":""}
min_by_combine(SMALLINT,BIGINT)	VARBINARY	Aggregate	NULL	{"fid":"0","symbol":"","file":"","isolation":"isolated","type":"BUILTIN","md5":""}
min_by_combine(SMALLINT,BOOLEAN)	VARBINARY	Aggregate	NULL	{"fid":"0","symbol":"","file":"","isolation":"isolated","type":"BUILTIN","md5":""}
min_by_combine(SMALLINT,DATE)	VARBINARY	Aggregate	NULL	{"fid":"0","symbol":"","file":"","isolation":"isolated","type":"BUILTIN","md5":""}
min_by_combine(SMALLINT,DATETIME)	VARBINARY	Aggregate	NULL	{"fid":"0","symbol":"","file":"","isolation":"isolated","type":"BUILTIN","md5":""}
min_by_combine(SMALLINT,DECIMAL128)	VARBINARY	Aggregate	NULL	{"fid":"0","symbol":"","file":"","isolation":"isolated","type":"BUILTIN","md5":""}
min_by_combine(SMALLINT,DECIMAL256)	VARBINARY	Aggregate	NULL	{"fid":"0","symbol":"","file":"","isolation":"isolated","type":"BUILTIN","md5":""}
min_by_combine(SMALLINT,DECIMAL32)	VARBINARY	Aggregate	NULL	{"fid":"0","symbol":"","file":"","isolation":"isolated","type":"BUILTIN","md5":""}
min_by_combine(SMALLINT,DECIMAL64)	VARBINARY	Aggregate	NULL	{"fid":"0","symbol":"","file":"","isolation":"isolated","type":"BUILTIN","md5":""}
min_by_combine(SMALLINT,DOUBLE)	VARBINARY	Aggregate	NULL	{"fid":"0","symbol":"","file":"","isolation":"isolated","type":"BUILTIN","md5":""}
min_by_combine(SMALLINT,FLOAT)	VARBINARY	Aggregate	NULL	{"fid":"0","symbol":"","file":"","isolation":"isolated","type":"BUILTIN","md5":""}
min_by_combine(SMALLINT,INT)	VARBINARY	Aggregate	NULL	{"fid":"0","symbol":"","file":"","isolation":"isolated","type":"BUILTIN","md5":""}
min_by_combine(SMALLINT,LARGEINT)	VARBINARY	Aggregate	NULL	{"fid":"0","symbol":"","file":"","isolation":"isolated","type":"BUILTIN","md5":""}
min_by_combine(SMALLINT,SMALLINT)	VARBINARY	Aggregate	NULL	{"fid":"0","symbol":"","file":"","isolation":"isolated","type":"BUILTIN","md5":""}
min_by_combine(SMALLINT,TINYINT)	VARBINARY	Aggregate	NULL	{"fid":"0","symbol":"","file":"","isolation":"isolated","type":"BUILTIN","md5":""}
min_by_combine(SMALLINT,VARCHAR)	VARBINARY	Aggregate	NULL	{"fid":"0","symbol":"","file":"","isolation":"isolated","type":"BUILTIN","md5":""}
min_by_combine(TINYINT,BIGINT)	VARBINARY	Aggregate	NULL	{"fid":"0","symbol":"","file":"","isolation":"isolated","type":"BUILTIN","md5":""}
min_by_combine(TINYINT,BOOLEAN)	VARBINARY	Aggregate	NULL	{"fid":"0","symbol":"","file":"","isolation":"isolated","type":"BUILTIN","md5":""}
min_by_combine(TINYINT,DATE)	VARBINARY	Aggregate	NULL	{"fid":"0","symbol":"","file":"","isolation":"isolated","type":"BUILTIN","md5":""}
min_by_combine(TINYINT,DATETIME)	VARBINARY	Aggregate	NULL	{"fid":"0","symbol":"","file":"","isolation":"isolated","type":"BUILTIN","md5":""}
min_by_combine(TINYINT,DECIMAL128)	VARBINARY	Aggregate	NULL	{"fid":"0","symbol":"","file":"","isolation":"isolated","type":"BUILTIN","md5":""}
min_by_combine(TINYINT,DECIMAL256)	VARBINARY	Aggregate	NULL	{"fid":"0","symbol":"","file":"","isolation":"isolated","type":"BUILTIN","md5":""}
min_by_combine(TINYINT,DECIMAL32)	VARBINARY	Aggregate	NULL	{"fid":"0","symbol":"","file":"","isolation":"isolated","type":"BUILTIN","md5":""}
min_by_combine(TINYINT,DECIMAL64)	VARBINARY	Aggregate	NULL	{"fid":"0","symbol":"","file":"","isolation":"isolated","type":"BUILTIN","md5":""}
min_by_combine(TINYINT,DOUBLE)	VARBINARY	Aggregate	NULL	{"fid":"0","symbol":"","file":"","isolation":"isolated","type":"BUILTIN","md5":""}
min_by_combine(TINYINT,FLOAT)	VARBINARY	Aggregate	NULL	{"fid":"0","symbol":"","file":"","isolation":"isolated","type":"BUILTIN","md5":""}
min_by_combine(TINYINT,INT)	VARBINARY	Aggregate	NULL	{"fid":"0","symbol":"","file":"","isolation":"isolated","type":"BUILTIN","md5":""}
min_by_combine(TINYINT,LARGEINT)	VARBINARY	Aggregate	NULL	{"fid":"0","symbol":"","file":"","isolation":"isolated","type":"BUILTIN","md5":""}
min_by_combine(TINYINT,SMALLINT)	VARBINARY	Aggregate	NULL	{"fid":"0","symbol":"","file":"","isolation":"isolated","type":"BUILTIN","md5":""}
min_by_combine(TINYINT,TINYINT)	VARBINARY	Aggregate	NULL	{"fid":"0","symbol":"","file":"","isolation":"isolated","type":"BUILTIN","md5":""}
min_by_combine(TINYINT,VARCHAR)	VARBINARY	Aggregate	NULL	{"fid":"0","symbol":"","file":"","isolation":"isolated","type":"BUILTIN","md5":""}
min_by_combine(VARCHAR,BIGINT)	VARBINARY	Aggregate	NULL	{"fid":"0","symbol":"","file":"","isolation":"isolated","type":"BUILTIN","md5":""}
min_by_combine(VARCHAR,BOOLEAN)	VARBINARY	Aggregate	NULL	{"fid":"0","symbol":"","file":"","isolation":"isolated","type":"BUILTIN","md5":""}
min_by_combine(VARCHAR,DATE)	VARBINARY	Aggregate	NULL	{"fid":"0","symbol":"","file":"","isolation":"isolated","type":"BUILTIN","md5":""}
min_by_combine(VARCHAR,DATETIME)	VARBINARY	Aggregate	NULL	{"fid":"0","symbol":"","file":"","isolation":"isolated","type":"BUILTIN","md5":""}
min_by_combine(VARCHAR,DECIMAL128)	VARBINARY	Aggregate	NULL	{"fid":"0","symbol":"","file":"","isolation":"isolated","type":"BUILTIN","md5":""}
min_by_combine(VARCHAR,DECIMAL256)	VARBINARY	Aggregate	NULL	{"fid":"0","symbol":"","file":"","isolation":"isolated","type":"BUILTIN","md5":""}
min_by_combine(VARCHAR,DECIMAL32)	VARBINARY	Aggregate	NULL	{"fid":"0","symbol":"","file":"","isolation":"isolated","type":"BUILTIN","md5":""}
min_by_combine(VARCHAR,DECIMAL64)	VARBINARY	Aggregate	NULL	{"fid":"0","symbol":"","file":"","isolation":"isolated","type":"BUILTIN","md5":""}
min_by_combine(VARCHAR,DOUBLE)	VARBINARY	Aggregate	NULL	{"fid":"0","symbol":"","file":"","isolation":"isolated","type":"BUILTIN","md5":""}
min_by_combine(VARCHAR,FLOAT)	VARBINARY	Aggregate	NULL	{"fid":"0","symbol":"","file":"","isolation":"isolated","type":"BUILTIN","md5":""}
min_by_combine(VARCHAR,INT)	VARBINARY	Aggregate	NULL	{"fid":"0","symbol":"","file":"","isolation":"isolated","type":"BUILTIN","md5":""}
min_by_combine(VARCHAR,LARGEINT)	VARBINARY	Aggregate	NULL	{"fid":"0","symbol":"","file":"","isolation":"isolated","type":"BUILTIN","md5":""}
min_by_combine(VARCHAR,SMALLINT)	VARBINARY	Aggregate	NULL	{"fid":"0","symbol":"","file":"","isolation":"isolated","type":"BUILTIN","md5":""}
min_by_combine(VARCHAR,TINYINT)	VARBINARY	Aggregate	NULL	{"fid":"0","symbol":"","file":"","isolation":"isolated","type":"BUILTIN","md5":""}
min_by_combine(VARCHAR,VARCHAR)	VARBINARY	Aggregate	NULL	{"fid":"0","symbol":"","file":"","isolation":"isolated","type":"BUILTIN","md5":""}
min_by_combine(VARIANT,BIGINT)	VARBINARY	Aggregate	NULL	{"fid":"0","symbol":"","file":"","isolation":"isolated","type":"BUILTIN","md5":""}
min_by_combine(VARIANT,BOOLEAN)	VARBINARY	Aggregate	NULL	{"fid":"0","symbol":"","file":"","isolation":"isolated","type":"BUILTIN","md5":""}
min_by_combine(VARIANT,DATE)	VARBINARY	Aggregate	NULL	{"fid":"0","symbol":"","file":"","isolation":"isolated","type":"BUILTIN","md5":""}
min_by_combine(VARIANT,DATETIME)	VARBINARY	Aggregate	NULL	{"fid":"0","symbol":"","file":"","isolation":"isolated","type":"BUILTIN","md5":""}
min_by_combine(VARIANT,DECIMAL128)	VARBINARY	Aggregate	NULL	{"fid":"0","symbol":"","file":"","isolation":"isolated","type":"BUILTIN","md5":""}
min_by_combine(VARIANT,DECIMAL256)	VARBINARY	Aggregate	NULL	{"fid":"0","symbol":"","file":"","isolation":"isolated","type":"BUILTIN","md5":""}
min_by_combine(VARIANT,DECIMAL32)	VARBINARY	Aggregate	NULL	{"fid":"0","symbol":"","file":"","isolation":"isolated","type":"BUILTIN","md5":""}
min_by_combine(VARIANT,DECIMAL64)	VARBINARY	Aggregate	NULL	{"fid":"0","symbol":"","file":"","isolation":"isolated","type":"BUILTIN","md5":""}
min_by_combine(VARIANT,DOUBLE)	VARBINARY	Aggregate	NULL	{"fid":"0","symbol":"","file":"","isolation":"isolated","type":"BUILTIN","md5":""}
min_by_combine(VARIANT,FLOAT)	VARBINARY	Aggregate	NULL	{"fid":"0","symbol":"","file":"","isolation":"isolated","type":"BUILTIN","md5":""}
min_by_combine(VARIANT,INT)	VARBINARY	Aggregate	NULL	{"fid":"0","symbol":"","file":"","isolation":"isolated","type":"BUILTIN","md5":""}
min_by_combine(VARIANT,LARGEINT)	VARBINARY	Aggregate	NULL	{"fid":"0","symbol":"","file":"","isolation":"isolated","type":"BUILTIN","md5":""}
min_by_combine(VARIANT,SMALLINT)	VARBINARY	Aggregate	NULL	{"fid":"0","symbol":"","file":"","isolation":"isolated","type":"BUILTIN","md5":""}
min_by_combine(VARIANT,TINYINT)	VARBINARY	Aggregate	NULL	{"fid":"0","symbol":"","file":"","isolation":"isolated","type":"BUILTIN","md5":""}
min_by_combine(VARIANT,VARCHAR)	VARBINARY	Aggregate	NULL	{"fid":"0","symbol":"","file":"","isolation":"isolated","type":"BUILTIN","md5":""}
min_by_if(BIGINT,BIGINT,BOOLEAN)	BIGINT	Aggregate	VARBINARY	{"fid":"0","symbol":"","file":"","isolation":"isolated","type":"BUILTIN","md5":""}
min_by_if(BIGINT,BOOLEAN,BOOLEAN)	BIGINT	Aggregate	VARBINARY	{"fid":"0","symbol":"","file":"","isolation":"isolated","type":"BUILTIN","md5":""}
min_by_if(BIGINT,DATE,BOOLEAN)	BIGINT	Aggregate	VARBINARY	{"fid":"0","symbol":"","file":"","isolation":"isolated","type":"BUILTIN","md5":""}
min_by_if(BIGINT,DATETIME,BOOLEAN)	BIGINT	Aggregate	VARBINARY	{"fid":"0","symbol":"","file":"","isolation":"isolated","type":"BUILTIN","md5":""}
min_by_if(BIGINT,DECIMAL128,BOOLEAN)	BIGINT	Aggregate	VARBINARY	{"fid":"0","symbol":"","file":"","isolation":"isolated","type":"BUILTIN","md5":""}
min_by_if(BIGINT,DECIMAL256,BOOLEAN)	BIGINT	Aggregate	VARBINARY	{"fid":"0","symbol":"","file":"","isolation":"isolated","type":"BUILTIN","md5":""}
min_by_if(BIGINT,DECIMAL32,BOOLEAN)	BIGINT	Aggregate	VARBINARY	{"fid":"0","symbol":"","file":"","isolation":"isolated","type":"BUILTIN","md5":""}
min_by_if(BIGINT,DECIMAL64,BOOLEAN)	BIGINT	Aggregate	VARBINARY	{"fid":"0","symbol":"","file":"","isolation":"isolated","type":"BUILTIN","md5":""}
min_by_if(BIGINT,DOUBLE,BOOLEAN)	BIGINT	Aggregate	VARBINARY	{"fid":"0","symbol":"","file":"","isolation":"isolated","type":"BUILTIN","md5":""}
min_by_if(BIGINT,FLOAT,BOOLEAN)	BIGINT	Aggregate	VARBINARY	{"fid":"0","symbol":"","file":"","isolation":"isolated","type":"BUILTIN","md5":""}
min_by_if(BIGINT,INT,BOOLEAN)	BIGINT	Aggregate	VARBINARY	{"fid":"0","symbol":"","file":"","isolation":"isolated","type":"BUILTIN","md5":""}
min_by_if(BIGINT,LARGEINT,BOOLEAN)	BIGINT	Aggregate	VARBINARY	{"fid":"0","symbol":"","file":"","isolation":"isolated","type":"BUILTIN","md5":""}
min_by_if(BIGINT,SMALLINT,BOOLEAN)	BIGINT	Aggregate	VARBINARY	{"fid":"0","symbol":"","file":"","isolation":"isolated","type":"BUILTIN","md5":""}
min_by_if(BIGINT,TINYINT,BOOLEAN)	BIGINT	Aggregate	VARBINARY	{"fid":"0","symbol":"","file":"","isolation":"isolated","type":"BUILTIN","md5":""}
min_by_if(BIGINT,VARCHAR,BOOLEAN)	BIGINT	Aggregate	VARBINARY	{"fid":"0","symbol":"","file":"","isolation":"isolated","type":"BUILTIN","md5":""}
min_by_if(BOOLEAN,BIGINT,BOOLEAN)	BOOLEAN	Aggregate	VARBINARY	{"fid":"0","symbol":"","file":"","isolation":"isolated","type":"BUILTIN","md5":""}
min_by_if(BOOLEAN,BOOLEAN,BOOLEAN)	BOOLEAN	Aggregate	VARBINARY	{"fid":"0","symbol":"","file":"","isolation":"isolated","type":"BUILTIN","md5":""}
min_by_if(BOOLEAN,DATE,BOOLEAN)	BOOLEAN	Aggregate	VARBINARY	{"fid":"0","symbol":"","file":"","isolation":"isolated","type":"BUILTIN","md5":""}
min_by_if(BOOLEAN,DATETIME,BOOLEAN)	BOOLEAN	Aggregate	VARBINARY	{"fid":"0","symbol":"","file":"","isolation":"isolated","type":"BUILTIN","md5":""}
min_by_if(BOOLEAN,DECIMAL128,BOOLEAN)	BOOLEAN	Aggregate	VARBINARY	{"fid":"0","symbol":"","file":"","isolation":"isolated","type":"BUILTIN","md5":""}
min_by_if(BOOLEAN,DECIMAL256,BOOLEAN)	BOOLEAN	Aggregate	VARBINARY	{"fid":"0","symbol":"","file":"","isolation":"isolated","type":"BUILTIN","md5":""}
min_by_if(BOOLEAN,DECIMAL32,BOOLEAN)	BOOLEAN	Aggregate	VARBINARY	{"fid":"0","symbol":"","file":"","isolation":"isolated","type":"BUILTIN","md5":""}
min_by_if(BOOLEAN,DECIMAL64,BOOLEAN)	BOOLEAN	Aggregate	VARBINARY	{"fid":"0","symbol":"","file":"","isolation":"isolated","type":"BUILTIN","md5":""}
min_by_if(BOOLEAN,DOUBLE,BOOLEAN)	BOOLEAN	Aggregate	VARBINARY	{"fid":"0","symbol":"","file":"","isolation":"isolated","type":"BUILTIN","md5":""}
min_by_if(BOOLEAN,FLOAT,BOOLEAN)	BOOLEAN	Aggregate	VARBINARY	{"fid":"0","symbol":"","file":"","isolation":"isolated","type":"BUILTIN","md5":""}
min_by_if(BOOLEAN,INT,BOOLEAN)	BOOLEAN	Aggregate	VARBINARY	{"fid":"0","symbol":"","file":"","isolation":"isolated","type":"BUILTIN","md5":""}
min_by_if(BOOLEAN,LARGEINT,BOOLEAN)	BOOLEAN	Aggregate	VARBINARY	{"fid":"0","symbol":"","file":"","isolation":"isolated","type":"BUILTIN","md5":""}
min_by_if(BOOLEAN,SMALLINT,BOOLEAN)	BOOLEAN	Aggregate	VARBINARY	{"fid":"0","symbol":"","file":"","isolation":"isolated","type":"BUILTIN","md5":""}
min_by_if(BOOLEAN,TINYINT,BOOLEAN)	BOOLEAN	Aggregate	VARBINARY	{"fid":"0","symbol":"","file":"","isolation":"isolated","type":"BUILTIN","md5":""}
min_by_if(BOOLEAN,VARCHAR,BOOLEAN)	BOOLEAN	Aggregate	VARBINARY	{"fid":"0","symbol":"","file":"","isolation":"isolated","type":"BUILTIN","md5":""}
min_by_if(DATE,BIGINT,BOOLEAN)	DATE	Aggregate	VARBINARY	{"fid":"0","symbol":"","file":"","isolation":"isolated","type":"BUILTIN","md5":""}
min_by_if(DATE,BOOLEAN,BOOLEAN)	DATE	Aggregate	VARBINARY	{"fid":"0","symbol":"","file":"","isolation":"isolated","type":"BUILTIN","md5":""}
min_by_if(DATE,DATE,BOOLEAN)	DATE	Aggregate	VARBINARY	{"fid":"0","symbol":"","file":"","isolation":"isolated","type":"BUILTIN","md5":""}
min_by_if(DATE,DATETIME,BOOLEAN)	DATE	Aggregate	VARBINARY	{"fid":"0","symbol":"","file":"","isolation":"isolated","type":"BUILTIN","md5":""}
min_by_if(DATE,DECIMAL128,BOOLEAN)	DATE	Aggregate	VARBINARY	{"fid":"0","symbol":"","file":"","isolation":"isolated","type":"BUILTIN","md5":""}
min_by_if(DATE,DECIMAL256,BOOLEAN)	DATE	Aggregate	VARBINARY	{"fid":"0","symbol":"","file":"","isolation":"isolated","type":"BUILTIN","md5":""}
min_by_if(DATE,DECIMAL32,BOOLEAN)	DATE	Aggregate	VARBINARY	{"fid":"0","symbol":"","file":"","isolation":"isolated","type":"BUILTIN","md5":""}
min_by_if(DATE,DECIMAL64,BOOLEAN)	DATE	Aggregate	VARBINARY	{"fid":"0","symbol":"","file":"","isolation":"isolated","type":"BUILTIN","md5":""}
min_by_if(DATE,DOUBLE,BOOLEAN)	DATE	Aggregate	VARBINARY	{"fid":"0","symbol":"","file":"","isolation":"isolated","type":"BUILTIN","md5":""}
min_by_if(DATE,FLOAT,BOOLEAN)	DATE	Aggregate	VARBINARY	{"fid":"0","symbol":"","file":"","isolation":"isolated","type":"BUILTIN","md5":""}
min_by_if(DATE,INT,BOOLEAN)	DATE	Aggregate	VARBINARY	{"fid":"0","symbol":"","file":"","isolation":"isolated","type":"BUILTIN","md5":""}
min_by_if(DATE,LARGEINT,BOOLEAN)	DATE	Aggregate	VARBINARY	{"fid":"0","symbol":"","file":"","isolation":"isolated","type":"BUILTIN","md5":""}
min_by_if(DATE,SMALLINT,BOOLEAN)	DATE	Aggregate	VARBINARY	{"fid":"0","symbol":"","file":"","isolation":"isolated","type":"BUILTIN","md5":""}
min_by_if(DATE,TINYINT,BOOLEAN)	DATE	Aggregate	VARBINARY	{"fid":"0","symbol":"","file":"","isolation":"isolated","type":"BUILTIN","md5":""}
min_by_if(DATE,VARCHAR,BOOLEAN)	DATE	Aggregate	VARBINARY	{"fid":"0","symbol":"","file":"","isolation":"isolated","type":"BUILTIN","md5":""}
min_by_if(DATETIME,BIGINT,BOOLEAN)	DATETIME	Aggregate	VARBINARY	{"fid":"0","symbol":"","file":"","isolation":"isolated","type":"BUILTIN","md5":""}
min_by_if(DATETIME,BOOLEAN,BOOLEAN)	DATETIME	Aggregate	VARBINARY	{"fid":"0","symbol":"","file":"","isolation":"isolated","type":"BUILTIN","md5":""}
min_by_if(DATETIME,DATE,BOOLEAN)	DATETIME	Aggregate	VARBINARY	{"fid":"0","symbol":"","file":"","isolation":"isolated","type":"BUILTIN","md5":""}
min_by_if(DATETIME,DATETIME,BOOLEAN)	DATETIME	Aggregate	VARBINARY	{"fid":"0","symbol":"","file":"","isolation":"isolated","type":"BUILTIN","md5":""}
min_by_if(DATETIME,DECIMAL128,BOOLEAN)	DATETIME	Aggregate	VARBINARY	{"fid":"0","symbol":"","file":"","isolation":"isolated","type":"BUILTIN","md5":""}
min_by_if(DATETIME,DECIMAL256,BOOLEAN)	DATETIME	Aggregate	VARBINARY	{"fid":"0","symbol":"","file":"","isolation":"isolated","type":"BUILTIN","md5":""}
min_by_if(DATETIME,DECIMAL32,BOOLEAN)	DATETIME	Aggregate	VARBINARY	{"fid":"0","symbol":"","file":"","isolation":"isolated","type":"BUILTIN","md5":""}
min_by_if(DATETIME,DECIMAL64,BOOLEAN)	DATETIME	Aggregate	VARBINARY	{"fid":"0","symbol":"","file":"","isolation":"isolated","type":"BUILTIN","md5":""}
min_by_if(DATETIME,DOUBLE,BOOLEAN)	DATETIME	Aggregate	VARBINARY	{"fid":"0","symbol":"","file":"","isolation":"isolated","type":"BUILTIN","md5":""}
min_by_if(DATETIME,FLOAT,BOOLEAN)	DATETIME	Aggregate	VARBINARY	{"fid":"0","symbol":"","file":"","isolation":"isolated","type":"BUILTIN","md5":""}
min_by_if(DATETIME,INT,BOOLEAN)	DATETIME	Aggregate	VARBINARY	{"fid":"0","symbol":"","file":"","isolation":"isolated","type":"BUILTIN","md5":""}
min_by_if(DATETIME,LARGEINT,BOOLEAN)	DATETIME	Aggregate	VARBINARY	{"fid":"0","symbol":"","file":"","isolation":"isolated","type":"BUILTIN","md5":""}
min_by_if(DATETIME,SMALLINT,BOOLEAN)	DATETIME	Aggregate	VARBINARY	{"fid":"0","symbol":"","file":"","isolation":"isolated","type":"BUILTIN","md5":""}
min_by_if(DATETIME,TINYINT,BOOLEAN)	DATETIME	Aggregate	VARBINARY	{"fid":"0","symbol":"","file":"","isolation":"isolated","type":"BUILTIN","md5":""}
min_by_if(DATETIME,VARCHAR,BOOLEAN)	DATETIME	Aggregate	VARBINARY	{"fid":"0","symbol":"","file":"","isolation":"isolated","type":"BUILTIN","md5":""}
min_by_if(DECIMAL128,BIGINT,BOOLEAN)	DECIMAL128	Aggregate	VARBINARY	{"fid":"0","symbol":"","file":"","isolation":"isolated","type":"BUILTIN","md5":""}
min_by_if(DECIMAL128,BOOLEAN,BOOLEAN)	DECIMAL128	Aggregate	VARBINARY	{"fid":"0","symbol":"","file":"","isolation":"isolated","type":"BUILTIN","md5":""}
min_by_if(DECIMAL128,DATE,BOOLEAN)	DECIMAL128	Aggregate	VARBINARY	{"fid":"0","symbol":"","file":"","isolation":"isolated","type":"BUILTIN","md5":""}
min_by_if(DECIMAL128,DATETIME,BOOLEAN)	DECIMAL128	Aggregate	VARBINARY	{"fid":"0","symbol":"","file":"","isolation":"isolated","type":"BUILTIN","md5":""}
min_by_if(DECIMAL128,DECIMAL128,BOOLEAN)	DECIMAL128	Aggregate	VARBINARY	{"fid":"0","symbol":"","file":"","isolation":"isolated","type":"BUILTIN","md5":""}
min_by_if(DECIMAL128,DECIMAL256,BOOLEAN)	DECIMAL128	Aggregate	VARBINARY	{"fid":"0","symbol":"","file":"","isolation":"isolated","type":"BUILTIN","md5":""}
min_by_if(DECIMAL128,DECIMAL32,BOOLEAN)	DECIMAL128	Aggregate	VARBINARY	{"fid":"0","symbol":"","file":"","isolation":"isolated","type":"BUILTIN","md5":""}
min_by_if(DECIMAL128,DECIMAL64,BOOLEAN)	DECIMAL128	Aggregate	VARBINARY	{"fid":"0","symbol":"","file":"","isolation":"isolated","type":"BUILTIN","md5":""}
min_by_if(DECIMAL128,DOUBLE,BOOLEAN)	DECIMAL128	Aggregate	VARBINARY	{"fid":"0","symbol":"","file":"","isolation":"isolated","type":"BUILTIN","md5":""}
min_by_if(DECIMAL128,FLOAT,BOOLEAN)	DECIMAL128	Aggregate	VARBINARY	{"fid":"0","symbol":"","file":"","isolation":"isolated","type":"BUILTIN","md5":""}
min_by_if(DECIMAL128,INT,BOOLEAN)	DECIMAL128	Aggregate	VARBINARY	{"fid":"0","symbol":"","file":"","isolation":"isolated","type":"BUILTIN","md5":""}
min_by_if(DECIMAL128,LARGEINT,BOOLEAN)	DECIMAL128	Aggregate	VARBINARY	{"fid":"0","symbol":"","file":"","isolation":"isolated","type":"BUILTIN","md5":""}
min_by_if(DECIMAL128,SMALLINT,BOOLEAN)	DECIMAL128	Aggregate	VARBINARY	{"fid":"0","symbol":"","file":"","isolation":"isolated","type":"BUILTIN","md5":""}
min_by_if(DECIMAL128,TINYINT,BOOLEAN)	DECIMAL128	Aggregate	VARBINARY	{"fid":"0","symbol":"","file":"","isolation":"isolated","type":"BUILTIN","md5":""}
min_by_if(DECIMAL128,VARCHAR,BOOLEAN)	DECIMAL128	Aggregate	VARBINARY	{"fid":"0","symbol":"","file":"","isolation":"isolated","type":"BUILTIN","md5":""}
min_by_if(DECIMAL256,BIGINT,BOOLEAN)	DECIMAL256	Aggregate	VARBINARY	{"fid":"0","symbol":"","file":"","isolation":"isolated","type":"BUILTIN","md5":""}
min_by_if(DECIMAL256,BOOLEAN,BOOLEAN)	DECIMAL256	Aggregate	VARBINARY	{"fid":"0","symbol":"","file":"","isolation":"isolated","type":"BUILTIN","md5":""}
min_by_if(DECIMAL256,DATE,BOOLEAN)	DECIMAL256	Aggregate	VARBINARY	{"fid":"0","symbol":"","file":"","isolation":"isolated","type":"BUILTIN","md5":""}
min_by_if(DECIMAL256,DATETIME,BOOLEAN)	DECIMAL256	Aggregate	VARBINARY	{"fid":"0","symbol":"","file":"","isolation":"isolated","type":"BUILTIN","md5":""}
min_by_if(DECIMAL256,DECIMAL128,BOOLEAN)	DECIMAL256	Aggregate	VARBINARY	{"fid":"0","symbol":"","file":"","isolation":"isolated","type":"BUILTIN","md5":""}
min_by_if(DECIMAL256,DECIMAL256,BOOLEAN)	DECIMAL256	Aggregate	VARBINARY	{"fid":"0","symbol":"","file":"","isolation":"isolated","type":"BUILTIN","md5":""}
min_by_if(DECIMAL256,DECIMAL32,BOOLEAN)	DECIMAL256	Aggregate	VARBINARY	{"fid":"0","symbol":"","file":"","isolation":"isolated","type":"BUILTIN","md5":""}
min_by_if(DECIMAL256,DECIMAL64,BOOLEAN)	DECIMAL256	Aggregate	VARBINARY	{"fid":"0","symbol":"","file":"","isolation":"isolated","type":"BUILTIN","md5":""}
min_by_if(DECIMAL256,DOUBLE,BOOLEAN)	DECIMAL256	Aggregate	VARBINARY	{"fid":"0","symbol":"","file":"","isolation":"isolated","type":"BUILTIN","md5":""}
min_by_if(DECIMAL256,FLOAT,BOOLEAN)	DECIMAL256	Aggregate	VARBINARY	{"fid":"0","symbol":"","file":"","isolation":"isolated","type":"BUILTIN","md5":""}
min_by_if(DECIMAL256,INT,BOOLEAN)	DECIMAL256	Aggregate	VARBINARY	{"fid":"0","symbol":"","file":"","isolation":"isolated","type":"BUILTIN","md5":""}
min_by_if(DECIMAL256,LARGEINT,BOOLEAN)	DECIMAL256	Aggregate	VARBINARY	{"fid":"0","symbol":"","file":"","isolation":"isolated","type":"BUILTIN","md5":""}
min_by_if(DECIMAL256,SMALLINT,BOOLEAN)	DECIMAL256	Aggregate	VARBINARY	{"fid":"0","symbol":"","file":"","isolation":"isolated","type":"BUILTIN","md5":""}
min_by_if(DECIMAL256,TINYINT,BOOLEAN)	DECIMAL256	Aggregate	VARBINARY	{"fid":"0","symbol":"","file":"","isolation":"isolated","type":"BUILTIN","md5":""}
min_by_if(DECIMAL256,VARCHAR,BOOLEAN)	DECIMAL256	Aggregate	VARBINARY	{"fid":"0","symbol":"","file":"","isolation":"isolated","type":"BUILTIN","md5":""}
min_by_if(DECIMAL32,BIGINT,BOOLEAN)	DECIMAL32	Aggregate	VARBINARY	{"fid":"0","symbol":"","file":"","isolation":"isolated","type":"BUILTIN","md5":""}
min_by_if(DECIMAL32,BOOLEAN,BOOLEAN)	DECIMAL32	Aggregate	VARBINARY	{"fid":"0","symbol":"","file":"","isolation":"isolated","type":"BUILTIN","md5":""}
min_by_if(DECIMAL32,DATE,BOOLEAN)	DECIMAL32	Aggregate	VARBINARY	{"fid":"0","symbol":"","file":"","isolation":"isolated","type":"BUILTIN","md5":""}
min_by_if(DECIMAL32,DATETIME,BOOLEAN)	DECIMAL32	Aggregate	VARBINARY	{"fid":"0","symbol":"","file":"","isolation":"isolated","type":"BUILTIN","md5":""}
min_by_if(DECIMAL32,DECIMAL128,BOOLEAN)	DECIMAL32	Aggregate	VARBINARY	{"fid":"0","symbol":"","file":"","isolation":"isolated","type":"BUILTIN","md5":""}
min_by_if(DECIMAL32,DECIMAL256,BOOLEAN)	DECIMAL32	Aggregate	VARBINARY	{"fid":"0","symbol":"","file":"","isolation":"isolated","type":"BUILTIN","md5":""}
min_by_if(DECIMAL32,DECIMAL32,BOOLEAN)	DECIMAL32	Aggregate	VARBINARY	{"fid":"0","symbol":"","file":"","isolation":"isolated","type":"BUILTIN","md5":""}
min_by_if(DECIMAL32,DECIMAL64,BOOLEAN)	DECIMAL32	Aggregate	VARBINARY	{"fid":"0","symbol":"","file":"","isolation":"isolated","type":"BUILTIN","md5":""}
min_by_if(DECIMAL32,DOUBLE,BOOLEAN)	DECIMAL32	Aggregate	VARBINARY	{"fid":"0","symbol":"","file":"","isolation":"isolated","type":"BUILTIN","md5":""}
min_by_if(DECIMAL32,FLOAT,BOOLEAN)	DECIMAL32	Aggregate	VARBINARY	{"fid":"0","symbol":"","file":"","isolation":"isolated","type":"BUILTIN","md5":""}
min_by_if(DECIMAL32,INT,BOOLEAN)	DECIMAL32	Aggregate	VARBINARY	{"fid":"0","symbol":"","file":"","isolation":"isolated","type":"BUILTIN","md5":""}
min_by_if(DECIMAL32,LARGEINT,BOOLEAN)	DECIMAL32	Aggregate	VARBINARY	{"fid":"0","symbol":"","file":"","isolation":"isolated","type":"BUILTIN","md5":""}
min_by_if(DECIMAL32,SMALLINT,BOOLEAN)	DECIMAL32	Aggregate	VARBINARY	{"fid":"0","symbol":"","file":"","isolation":"isolated","type":"BUILTIN","md5":""}
min_by_if(DECIMAL32,TINYINT,BOOLEAN)	DECIMAL32	Aggregate	VARBINARY	{"fid":"0","symbol":"","file":"","isolation":"isolated","type":"BUILTIN","md5":""}
min_by_if(DECIMAL32,VARCHAR,BOOLEAN)	DECIMAL32	Aggregate	VARBINARY	{"fid":"0","symbol":"","file":"","isolation":"isolated","type":"BUILTIN","md5":""}
min_by_if(DECIMAL64,BIGINT,BOOLEAN)	DECIMAL64	Aggregate	VARBINARY	{"fid":"0","symbol":"","file":"","isolation":"isolated","type":"BUILTIN","md5":""}
min_by_if(DECIMAL64,BOOLEAN,BOOLEAN)	DECIMAL64	Aggregate	VARBINARY	{"fid":"0","symbol":"","file":"","isolation":"isolated","type":"BUILTIN","md5":""}
min_by_if(DECIMAL64,DATE,BOOLEAN)	DECIMAL64	Aggregate	VARBINARY	{"fid":"0","symbol":"","file":"","isolation":"isolated","type":"BUILTIN","md5":""}
min_by_if(DECIMAL64,DATETIME,BOOLEAN)	DECIMAL64	Aggregate	VARBINARY	{"fid":"0","symbol":"","file":"","isolation":"isolated","type":"BUILTIN","md5":""}
min_by_if(DECIMAL64,DECIMAL128,BOOLEAN)	DECIMAL64	Aggregate	VARBINARY	{"fid":"0","symbol":"","file":"","isolation":"isolated","type":"BUILTIN","md5":""}
min_by_if(DECIMAL64,DECIMAL256,BOOLEAN)	DECIMAL64	Aggregate	VARBINARY	{"fid":"0","symbol":"","file":"","isolation":"isolated","type":"BUILTIN","md5":""}
min_by_if(DECIMAL64,DECIMAL32,BOOLEAN)	DECIMAL64	Aggregate	VARBINARY	{"fid":"0","symbol":"","file":"","isolation":"isolated","type":"BUILTIN","md5":""}
min_by_if(DECIMAL64,DECIMAL64,BOOLEAN)	DECIMAL64	Aggregate	VARBINARY	{"fid":"0","symbol":"","file":"","isolation":"isolated","type":"BUILTIN","md5":""}
min_by_if(DECIMAL64,DOUBLE,BOOLEAN)	DECIMAL64	Aggregate	VARBINARY	{"fid":"0","symbol":"","file":"","isolation":"isolated","type":"BUILTIN","md5":""}
min_by_if(DECIMAL64,FLOAT,BOOLEAN)	DECIMAL64	Aggregate	VARBINARY	{"fid":"0","symbol":"","file":"","isolation":"isolated","type":"BUILTIN","md5":""}
min_by_if(DECIMAL64,INT,BOOLEAN)	DECIMAL64	Aggregate	VARBINARY	{"fid":"0","symbol":"","file":"","isolation":"isolated","type":"BUILTIN","md5":""}
min_by_if(DECIMAL64,LARGEINT,BOOLEAN)	DECIMAL64	Aggregate	VARBINARY	{"fid":"0","symbol":"","file":"","isolation":"isolated","type":"BUILTIN","md5":""}
min_by_if(DECIMAL64,SMALLINT,BOOLEAN)	DECIMAL64	Aggregate	VARBINARY	{"fid":"0","symbol":"","file":"","isolation":"isolated","type":"BUILTIN","md5":""}
min_by_if(DECIMAL64,TINYINT,BOOLEAN)	DECIMAL64	Aggregate	VARBINARY	{"fid":"0","symbol":"","file":"","isolation":"isolated","type":"BUILTIN","md5":""}
min_by_if(DECIMAL64,VARCHAR,BOOLEAN)	DECIMAL64	Aggregate	VARBINARY	{"fid":"0","symbol":"","file":"","isolation":"isolated","type":"BUILTIN","md5":""}
min_by_if(DOUBLE,BIGINT,BOOLEAN)	DOUBLE	Aggregate	VARBINARY	{"fid":"0","symbol":"","file":"","isolation":"isolated","type":"BUILTIN","md5":""}
min_by_if(DOUBLE,BOOLEAN,BOOLEAN)	DOUBLE	Aggregate	VARBINARY	{"fid":"0","symbol":"","file":"","isolation":"isolated","type":"BUILTIN","md5":""}
min_by_if(DOUBLE,DATE,BOOLEAN)	DOUBLE	Aggregate	VARBINARY	{"fid":"0","symbol":"","file":"","isolation":"isolated","type":"BUILTIN","md5":""}
min_by_if(DOUBLE,DATETIME,BOOLEAN)	DOUBLE	Aggregate	VARBINARY	{"fid":"0","symbol":"","file":"","isolation":"isolated","type":"BUILTIN","md5":""}
min_by_if(DOUBLE,DECIMAL128,BOOLEAN)	DOUBLE	Aggregate	VARBINARY	{"fid":"0","symbol":"","file":"","isolation":"isolated","type":"BUILTIN","md5":""}
min_by_if(DOUBLE,DECIMAL256,BOOLEAN)	DOUBLE	Aggregate	VARBINARY	{"fid":"0","symbol":"","file":"","isolation":"isolated","type":"BUILTIN","md5":""}
min_by_if(DOUBLE,DECIMAL32,BOOLEAN)	DOUBLE	Aggregate	VARBINARY	{"fid":"0","symbol":"","file":"","isolation":"isolated","type":"BUILTIN","md5":""}
min_by_if(DOUBLE,DECIMAL64,BOOLEAN)	DOUBLE	Aggregate	VARBINARY	{"fid":"0","symbol":"","file":"","isolation":"isolated","type":"BUILTIN","md5":""}
min_by_if(DOUBLE,DOUBLE,BOOLEAN)	DOUBLE	Aggregate	VARBINARY	{"fid":"0","symbol":"","file":"","isolation":"isolated","type":"BUILTIN","md5":""}
min_by_if(DOUBLE,FLOAT,BOOLEAN)	DOUBLE	Aggregate	VARBINARY	{"fid":"0","symbol":"","file":"","isolation":"isolated","type":"BUILTIN","md5":""}
min_by_if(DOUBLE,INT,BOOLEAN)	DOUBLE	Aggregate	VARBINARY	{"fid":"0","symbol":"","file":"","isolation":"isolated","type":"BUILTIN","md5":""}
min_by_if(DOUBLE,LARGEINT,BOOLEAN)	DOUBLE	Aggregate	VARBINARY	{"fid":"0","symbol":"","file":"","isolation":"isolated","type":"BUILTIN","md5":""}
min_by_if(DOUBLE,SMALLINT,BOOLEAN)	DOUBLE	Aggregate	VARBINARY	{"fid":"0","symbol":"","file":"","isolation":"isolated","type":"BUILTIN","md5":""}
min_by_if(DOUBLE,TINYINT,BOOLEAN)	DOUBLE	Aggregate	VARBINARY	{"fid":"0","symbol":"","file":"","isolation":"isolated","type":"BUILTIN","md5":""}
min_by_if(DOUBLE,VARCHAR,BOOLEAN)	DOUBLE	Aggregate	VARBINARY	{"fid":"0","symbol":"","file":"","isolation":"isolated","type":"BUILTIN","md5":""}
min_by_if(FLOAT,BIGINT,BOOLEAN)	FLOAT	Aggregate	VARBINARY	{"fid":"0","symbol":"","file":"","isolation":"isolated","type":"BUILTIN","md5":""}
min_by_if(FLOAT,BOOLEAN,BOOLEAN)	FLOAT	Aggregate	VARBINARY	{"fid":"0","symbol":"","file":"","isolation":"isolated","type":"BUILTIN","md5":""}
min_by_if(FLOAT,DATE,BOOLEAN)	FLOAT	Aggregate	VARBINARY	{"fid":"0","symbol":"","file":"","isolation":"isolated","type":"BUILTIN","md5":""}
min_by_if(FLOAT,DATETIME,BOOLEAN)	FLOAT	Aggregate	VARBINARY	{"fid":"0","symbol":"","file":"","isolation":"isolated","type":"BUILTIN","md5":""}
min_by_if(FLOAT,DECIMAL128,BOOLEAN)	FLOAT	Aggregate	VARBINARY	{"fid":"0","symbol":"","file":"","isolation":"isolated","type":"BUILTIN","md5":""}
min_by_if(FLOAT,DECIMAL256,BOOLEAN)	FLOAT	Aggregate	VARBINARY	{"fid":"0","symbol":"","file":"","isolation":"isolated","type":"BUILTIN","md5":""}
min_by_if(FLOAT,DECIMAL32,BOOLEAN)	FLOAT	Aggregate	VARBINARY	{"fid":"0","symbol":"","file":"","isolation":"isolated","type":"BUILTIN","md5":""}
min_by_if(FLOAT,DECIMAL64,BOOLEAN)	FLOAT	Aggregate	VARBINARY	{"fid":"0","symbol":"","file":"","isolation":"isolated","type":"BUILTIN","md5":""}
min_by_if(FLOAT,DOUBLE,BOOLEAN)	FLOAT	Aggregate	VARBINARY	{"fid":"0","symbol":"","file":"","isolation":"isolated","type":"BUILTIN","md5":""}
min_by_if(FLOAT,FLOAT,BOOLEAN)	FLOAT	Aggregate	VARBINARY	{"fid":"0","symbol":"","file":"","isolation":"isolated","type":"BUILTIN","md5":""}
min_by_if(FLOAT,INT,BOOLEAN)	FLOAT	Aggregate	VARBINARY	{"fid":"0","symbol":"","file":"","isolation":"isolated","type":"BUILTIN","md5":""}
min_by_if(FLOAT,LARGEINT,BOOLEAN)	FLOAT	Aggregate	VARBINARY	{"fid":"0","symbol":"","file":"","isolation":"isolated","type":"BUILTIN","md5":""}
min_by_if(FLOAT,SMALLINT,BOOLEAN)	FLOAT	Aggregate	VARBINARY	{"fid":"0","symbol":"","file":"","isolation":"isolated","type":"BUILTIN","md5":""}
min_by_if(FLOAT,TINYINT,BOOLEAN)	FLOAT	Aggregate	VARBINARY	{"fid":"0","symbol":"","file":"","isolation":"isolated","type":"BUILTIN","md5":""}
min_by_if(FLOAT,VARCHAR,BOOLEAN)	FLOAT	Aggregate	VARBINARY	{"fid":"0","symbol":"","file":"","isolation":"isolated","type":"BUILTIN","md5":""}
min_by_if(INT,BIGINT,BOOLEAN)	INT	Aggregate	VARBINARY	{"fid":"0","symbol":"","file":"","isolation":"isolated","type":"BUILTIN","md5":""}
min_by_if(INT,BOOLEAN,BOOLEAN)	INT	Aggregate	VARBINARY	{"fid":"0","symbol":"","file":"","isolation":"isolated","type":"BUILTIN","md5":""}
min_by_if(INT,DATE,BOOLEAN)	INT	Aggregate	VARBINARY	{"fid":"0","symbol":"","file":"","isolation":"isolated","type":"BUILTIN","md5":""}
min_by_if(INT,DATETIME,BOOLEAN)	INT	Aggregate	VARBINARY	{"fid":"0","symbol":"","file":"","isolation":"isolated","type":"BUILTIN","md5":""}
min_by_if(INT,DECIMAL128,BOOLEAN)	INT	Aggregate	VARBINARY	{"fid":"0","symbol":"","file":"","isolation":"isolated","type":"BUILTIN","md5":""}
min_by_if(INT,DECIMAL256,BOOLEAN)	INT	Aggregate	VARBINARY	{"fid":"0","symbol":"","file":"","isolation":"isolated","type":"BUILTIN","md5":""}
min_by_if(INT,DECIMAL32,BOOLEAN)	INT	Aggregate	VARBINARY	{"fid":"0","symbol":"","file":"","isolation":"isolated","type":"BUILTIN","md5":""}
min_by_if(INT,DECIMAL64,BOOLEAN)	INT	Aggregate	VARBINARY	{"fid":"0","symbol":"","file":"","isolation":"isolated","type":"BUILTIN","md5":""}
min_by_if(INT,DOUBLE,BOOLEAN)	INT	Aggregate	VARBINARY	{"fid":"0","symbol":"","file":"","isolation":"isolated","type":"BUILTIN","md5":""}
min_by_if(INT,FLOAT,BOOLEAN)	INT	Aggregate	VARBINARY	{"fid":"0","symbol":"","file":"","isolation":"isolated","type":"BUILTIN","md5":""}
min_by_if(INT,INT,BOOLEAN)	INT	Aggregate	VARBINARY	{"fid":"0","symbol":"","file":"","isolation":"isolated","type":"BUILTIN","md5":""}
min_by_if(INT,LARGEINT,BOOLEAN)	INT	Aggregate	VARBINARY	{"fid":"0","symbol":"","file":"","isolation":"isolated","type":"BUILTIN","md5":""}
min_by_if(INT,SMALLINT,BOOLEAN)	INT	Aggregate	VARBINARY	{"fid":"0","symbol":"","file":"","isolation":"isolated","type":"BUILTIN","md5":""}
min_by_if(INT,TINYINT,BOOLEAN)	INT	Aggregate	VARBINARY	{"fid":"0","symbol":"","file":"","isolation":"isolated","type":"BUILTIN","md5":""}
min_by_if(INT,VARCHAR,BOOLEAN)	INT	Aggregate	VARBINARY	{"fid":"0","symbol":"","file":"","isolation":"isolated","type":"BUILTIN","md5":""}
min_by_if(INVALID_TYPE,BIGINT,BOOLEAN)	INVALID_TYPE	Aggregate	VARBINARY	{"fid":"0","symbol":"","file":"","isolation":"isolated","type":"BUILTIN","md5":""}
min_by_if(INVALID_TYPE,BOOLEAN,BOOLEAN)	INVALID_TYPE	Aggregate	VARBINARY	{"fid":"0","symbol":"","file":"","isolation":"isolated","type":"BUILTIN","md5":""}
min_by_if(INVALID_TYPE,DATE,BOOLEAN)	INVALID_TYPE	Aggregate	VARBINARY	{"fid":"0","symbol":"","file":"","isolation":"isolated","type":"BUILTIN","md5":""}
min_by_if(INVALID_TYPE,DATETIME,BOOLEAN)	INVALID_TYPE	Aggregate	VARBINARY	{"fid":"0","symbol":"","file":"","isolation":"isolated","type":"BUILTIN","md5":""}
min_by_if(INVALID_TYPE,DECIMAL128,BOOLEAN)	INVALID_TYPE	Aggregate	VARBINARY	{"fid":"0","symbol":"","file":"","isolation":"isolated","type":"BUILTIN","md5":""}
min_by_if(INVALID_TYPE,DECIMAL256,BOOLEAN)	INVALID_TYPE	Aggregate	VARBINARY	{"fid":"0","symbol":"","file":"","isolation":"isolated","type":"BUILTIN","md5":""}
min_by_if(INVALID_TYPE,DECIMAL32,BOOLEAN)	INVALID_TYPE	Aggregate	VARBINARY	{"fid":"0","symbol":"","file":"","isolation":"isolated","type":"BUILTIN","md5":""}
min_by_if(INVALID_TYPE,DECIMAL64,BOOLEAN)	INVALID_TYPE	Aggregate	VARBINARY	{"fid":"0","symbol":"","file":"","isolation":"isolated","type":"BUILTIN","md5":""}
min_by_if(INVALID_TYPE,DOUBLE,BOOLEAN)	INVALID_TYPE	Aggregate	VARBINARY	{"fid":"0","symbol":"","file":"","isolation":"isolated","type":"BUILTIN","md5":""}
min_by_if(INVALID_TYPE,FLOAT,BOOLEAN)	INVALID_TYPE	Aggregate	VARBINARY	{"fid":"0","symbol":"","file":"","isolation":"isolated","type":"BUILTIN","md5":""}
min_by_if(INVALID_TYPE,INT,BOOLEAN)	INVALID_TYPE	Aggregate	VARBINARY	{"fid":"0","symbol":"","file":"","isolation":"isolated","type":"BUILTIN","md5":""}
min_by_if(INVALID_TYPE,LARGEINT,BOOLEAN)	INVALID_TYPE	Aggregate	VARBINARY	{"fid":"0","symbol":"","file":"","isolation":"isolated","type":"BUILTIN","md5":""}
min_by_if(INVALID_TYPE,SMALLINT,BOOLEAN)	INVALID_TYPE	Aggregate	VARBINARY	{"fid":"0","symbol":"","file":"","isolation":"isolated","type":"BUILTIN","md5":""}
min_by_if(INVALID_TYPE,TINYINT,BOOLEAN)	INVALID_TYPE	Aggregate	VARBINARY	{"fid":"0","symbol":"","file":"","isolation":"isolated","type":"BUILTIN","md5":""}
min_by_if(INVALID_TYPE,VARCHAR,BOOLEAN)	INVALID_TYPE	Aggregate	VARBINARY	{"fid":"0","symbol":"","file":"","isolation":"isolated","type":"BUILTIN","md5":""}
min_by_if(JSON,BIGINT,BOOLEAN)	JSON	Aggregate	VARBINARY	{"fid":"0","symbol":"","file":"","isolation":"isolated","type":"BUILTIN","md5":""}
min_by_if(JSON,BOOLEAN,BOOLEAN)	JSON	Aggregate	VARBINARY	{"fid":"0","symbol":"","file":"","isolation":"isolated","type":"BUILTIN","md5":""}
min_by_if(JSON,DATE,BOOLEAN)	JSON	Aggregate	VARBINARY	{"fid":"0","symbol":"","file":"","isolation":"isolated","type":"BUILTIN","md5":""}
min_by_if(JSON,DATETIME,BOOLEAN)	JSON	Aggregate	VARBINARY	{"fid":"0","symbol":"","file":"","isolation":"isolated","type":"BUILTIN","md5":""}
min_by_if(JSON,DECIMAL128,BOOLEAN)	JSON	Aggregate	VARBINARY	{"fid":"0","symbol":"","file":"","isolation":"isolated","type":"BUILTIN","md5":""}
min_by_if(JSON,DECIMAL256,BOOLEAN)	JSON	Aggregate	VARBINARY	{"fid":"0","symbol":"","file":"","isolation":"isolated","type":"BUILTIN","md5":""}
min_by_if(JSON,DECIMAL32,BOOLEAN)	JSON	Aggregate	VARBINARY	{"fid":"0","symbol":"","file":"","isolation":"isolated","type":"BUILTIN","md5":""}
min_by_if(JSON,DECIMAL64,BOOLEAN)	JSON	Aggregate	VARBINARY	{"fid":"0","symbol":"","file":"","isolation":"isolated","type":"BUILTIN","md5":""}
min_by_if(JSON,DOUBLE,BOOLEAN)	JSON	Aggregate	VARBINARY	{"fid":"0","symbol":"","file":"","isolation":"isolated","type":"BUILTIN","md5":""}
min_by_if(JSON,FLOAT,BOOLEAN)	JSON	Aggregate	VARBINARY	{"fid":"0","symbol":"","file":"","isolation":"isolated","type":"BUILTIN","md5":""}
min_by_if(JSON,INT,BOOLEAN)	JSON	Aggregate	VARBINARY	{"fid":"0","symbol":"","file":"","isolation":"isolated","type":"BUILTIN","md5":""}
min_by_if(JSON,LARGEINT,BOOLEAN)	JSON	Aggregate	VARBINARY	{"fid":"0","symbol":"","file":"","isolation":"isolated","type":"BUILTIN","md5":""}
min_by_if(JSON,SMALLINT,BOOLEAN)	JSON	Aggregate	VARBINARY	{"fid":"0","symbol":"","file":"","isolation":"isolated","type":"BUILTIN","md5":""}
min_by_if(JSON,TINYINT,BOOLEAN)	JSON	Aggregate	VARBINARY	{"fid":"0","symbol":"","file":"","isolation":"isolated","type":"BUILTIN","md5":""}
min_by_if(JSON,VARCHAR,BOOLEAN)	JSON	Aggregate	VARBINARY	{"fid":"0","symbol":"","file":"","isolation":"isolated","type":"BUILTIN","md5":""}
min_by_if(LARGEINT,BIGINT,BOOLEAN)	LARGEINT	Aggregate	VARBINARY	{"fid":"0","symbol":"","file":"","isolation":"isolated","type":"BUILTIN","md5":""}
min_by_if(LARGEINT,BOOLEAN,BOOLEAN)	LARGEINT	Aggregate	VARBINARY	{"fid":"0","symbol":"","file":"","isolation":"isolated","type":"BUILTIN","md5":""}
min_by_if(LARGEINT,DATE,BOOLEAN)	LARGEINT	Aggregate	VARBINARY	{"fid":"0","symbol":"","file":"","isolation":"isolated","type":"BUILTIN","md5":""}
min_by_if(LARGEINT,DATETIME,BOOLEAN)	LARGEINT	Aggregate	VARBINARY	{"fid":"0","symbol":"","file":"","isolation":"isolated","type":"BUILTIN","md5":""}
min_by_if(LARGEINT,DECIMAL128,BOOLEAN)	LARGEINT	Aggregate	VARBINARY	{"fid":"0","symbol":"","file":"","isolation":"isolated","type":"BUILTIN","md5":""}
min_by_if(LARGEINT,DECIMAL256,BOOLEAN)	LARGEINT	Aggregate	VARBINARY	{"fid":"0","symbol":"","file":"","isolation":"isolated","type":"BUILTIN","md5":""}
min_by_if(LARGEINT,DECIMAL32,BOOLEAN)	LARGEINT	Aggregate	VARBINARY	{"fid":"0","symbol":"","file":"","isolation":"isolated","type":"BUILTIN","md5":""}
min_by_if(LARGEINT,DECIMAL64,BOOLEAN)	LARGEINT	Aggregate	VARBINARY	{"fid":"0","symbol":"","file":"","isolation":"isolated","type":"BUILTIN","md5":""}
min_by_if(LARGEINT,DOUBLE,BOOLEAN)	LARGEINT	Aggregate	VARBINARY	{"fid":"0","symbol":"","file":"","isolation":"isolated","type":"BUILTIN","md5":""}
min_by_if(LARGEINT,FLOAT,BOOLEAN)	LARGEINT	Aggregate	VARBINARY	{"fid":"0","symbol":"","file":"","isolation":"isolated","type":"BUILTIN","md5":""}
min_by_if(LARGEINT,INT,BOOLEAN)	LARGEINT	Aggregate	VARBINARY	{"fid":"0","symbol":"","file":"","isolation":"isolated","type":"BUILTIN","md5":""}
min_by_if(LARGEINT,LARGEINT,BOOLEAN)	LARGEINT	Aggregate	VARBINARY	{"fid":"0","symbol":"","file":"","isolation":"isolated","type":"BUILTIN","md5":""}
min_by_if(LARGEINT,SMALLINT,BOOLEAN)	LARGEINT	Aggregate	VARBINARY	{"fid":"0","symbol":"","file":"","isolation":"isolated","type":"BUILTIN","md5":""}
min_by_if(LARGEINT,TINYINT,BOOLEAN)	LARGEINT	Aggregate	VARBINARY	{"fid":"0","symbol":"","file":"","isolation":"isolated","type":"BUILTIN","md5":""}
min_by_if(LARGEINT,VARCHAR,BOOLEAN)	LARGEINT	Aggregate	VARBINARY	{"fid":"0","symbol":"","file":"","isolation":"isolated","type":"BUILTIN","md5":""}
min_by_if(SMALLINT,BIGINT,BOOLEAN)	SMALLINT	Aggregate	VARBINARY	{"fid":"0","symbol":"","file":"","isolation":"isolated","type":"BUILTIN","md5":""}
min_by_if(SMALLINT,BOOLEAN,BOOLEAN)	SMALLINT	Aggregate	VARBINARY	{"fid":"0","symbol":"","file":"","isolation":"isolated","type":"BUILTIN","md5":""}
min_by_if(SMALLINT,DATE,BOOLEAN)	SMALLINT	Aggregate	VARBINARY	{"fid":"0","symbol":"","file":"","isolation":"isolated","type":"BUILTIN","md5":""}
min_by_if(SMALLINT,DATETIME,BOOLEAN)	SMALLINT	Aggregate	VARBINARY	{"fid":"0","symbol":"","file":"","isolation":"isolated","type":"BUILTIN","md5":""}
min_by_if(SMALLINT,DECIMAL128,BOOLEAN)	SMALLINT	Aggregate	VARBINARY	{"fid":"0","symbol":"","file":"","isolation":"isolated","type":"BUILTIN","md5":""}
min_by_if(SMALLINT,DECIMAL256,BOOLEAN)	SMALLINT	Aggregate	VARBINARY	{"fid":"0","symbol":"","file":"","isolation":"isolated","type":"BUILTIN","md5":""}
min_by_if(SMALLINT,DECIMAL32,BOOLEAN)	SMALLINT	Aggregate	VARBINARY	{"fid":"0","symbol":"","file":"","isolation":"isolated","type":"BUILTIN","md5":""}
min_by_if(SMALLINT,DECIMAL64,BOOLEAN)	SMALLINT	Aggregate	VARBINARY	{"fid":"0","symbol":"","file":"","isolation":"isolated","type":"BUILTIN","md5":""}
min_by_if(SMALLINT,DOUBLE,BOOLEAN)	SMALLINT	Aggregate	VARBINARY	{"fid":"0","symbol":"","file":"","isolation":"isolated","type":"BUILTIN","md5":""}
min_by_if(SMALLINT,FLOAT,BOOLEAN)	SMALLINT	Aggregate	VARBINARY	{"fid":"0","symbol":"","file":"","isolation":"isolated","type":"BUILTIN","md5":""}
min_by_if(SMALLINT,INT,BOOLEAN)	SMALLINT	Aggregate	VARBINARY	{"fid":"0","symbol":"","file":"","isolation":"isolated","type":"BUILTIN","md5":""}
min_by_if(SMALLINT,LARGEINT,BOOLEAN)	SMALLINT	Aggregate	VARBINARY	{"fid":"0","symbol":"","file":"","isolation":"isolated","type":"BUILTIN","md5":""}
min_by_if(SMALLINT,SMALLINT,BOOLEAN)	SMALLINT	Aggregate	VARBINARY	{"fid":"0","symbol":"","file":"","isolation":"isolated","type":"BUILTIN","md5":""}
min_by_if(SMALLINT,TINYINT,BOOLEAN)	SMALLINT	Aggregate	VARBINARY	{"fid":"0","symbol":"","file":"","isolation":"isolated","type":"BUILTIN","md5":""}
min_by_if(SMALLINT,VARCHAR,BOOLEAN)	SMALLINT	Aggregate	VARBINARY	{"fid":"0","symbol":"","file":"","isolation":"isolated","type":"BUILTIN","md5":""}
min_by_if(TINYINT,BIGINT,BOOLEAN)	TINYINT	Aggregate	VARBINARY	{"fid":"0","symbol":"","file":"","isolation":"isolated","type":"BUILTIN","md5":""}
min_by_if(TINYINT,BOOLEAN,BOOLEAN)	TINYINT	Aggregate	VARBINARY	{"fid":"0","symbol":"","file":"","isolation":"isolated","type":"BUILTIN","md5":""}
min_by_if(TINYINT,DATE,BOOLEAN)	TINYINT	Aggregate	VARBINARY	{"fid":"0","symbol":"","file":"","isolation":"isolated","type":"BUILTIN","md5":""}
min_by_if(TINYINT,DATETIME,BOOLEAN)	TINYINT	Aggregate	VARBINARY	{"fid":"0","symbol":"","file":"","isolation":"isolated","type":"BUILTIN","md5":""}
min_by_if(TINYINT,DECIMAL128,BOOLEAN)	TINYINT	Aggregate	VARBINARY	{"fid":"0","symbol":"","file":"","isolation":"isolated","type":"BUILTIN","md5":""}
min_by_if(TINYINT,DECIMAL256,BOOLEAN)	TINYINT	Aggregate	VARBINARY	{"fid":"0","symbol":"","file":"","isolation":"isolated","type":"BUILTIN","md5":""}
min_by_if(TINYINT,DECIMAL32,BOOLEAN)	TINYINT	Aggregate	VARBINARY	{"fid":"0","symbol":"","file":"","isolation":"isolated","type":"BUILTIN","md5":""}
min_by_if(TINYINT,DECIMAL64,BOOLEAN)	TINYINT	Aggregate	VARBINARY	{"fid":"0","symbol":"","file":"","isolation":"isolated","type":"BUILTIN","md5":""}
min_by_if(TINYINT,DOUBLE,BOOLEAN)	TINYINT	Aggregate	VARBINARY	{"fid":"0","symbol":"","file":"","isolation":"isolated","type":"BUILTIN","md5":""}
min_by_if(TINYINT,FLOAT,BOOLEAN)	TINYINT	Aggregate	VARBINARY	{"fid":"0","symbol":"","file":"","isolation":"isolated","type":"BUILTIN","md5":""}
min_by_if(TINYINT,INT,BOOLEAN)	TINYINT	Aggregate	VARBINARY	{"fid":"0","symbol":"","file":"","isolation":"isolated","type":"BUILTIN","md5":""}
min_by_if(TINYINT,LARGEINT,BOOLEAN)	TINYINT	Aggregate	VARBINARY	{"fid":"0","symbol":"","file":"","isolation":"isolated","type":"BUILTIN","md5":""}
min_by_if(TINYINT,SMALLINT,BOOLEAN)	TINYINT	Aggregate	VARBINARY	{"fid":"0","symbol":"","file":"","isolation":"isolated","type":"BUILTIN","md5":""}
min_by_if(TINYINT,TINYINT,BOOLEAN)	TINYINT	Aggregate	VARBINARY	{"fid":"0","symbol":"","file":"","isolation":"isolated","type":"BUILTIN","md5":""}
min_by_if(TINYINT,VARCHAR,BOOLEAN)	TINYINT	Aggregate	VARBINARY	{"fid":"0","symbol":"","file":"","isolation":"isolated","type":"BUILTIN","md5":""}
min_by_if(VARCHAR,BIGINT,BOOLEAN)	VARCHAR	Aggregate	VARBINARY	{"fid":"0","symbol":"","file":"","isolation":"isolated","type":"BUILTIN","md5":""}
min_by_if(VARCHAR,BOOLEAN,BOOLEAN)	VARCHAR	Aggregate	VARBINARY	{"fid":"0","symbol":"","file":"","isolation":"isolated","type":"BUILTIN","md5":""}
min_by_if(VARCHAR,DATE,BOOLEAN)	VARCHAR	Aggregate	VARBINARY	{"fid":"0","symbol":"","file":"","isolation":"isolated","type":"BUILTIN","md5":""}
min_by_if(VARCHAR,DATETIME,BOOLEAN)	VARCHAR	Aggregate	VARBINARY	{"fid":"0","symbol":"","file":"","isolation":"isolated","type":"BUILTIN","md5":""}
min_by_if(VARCHAR,DECIMAL128,BOOLEAN)	VARCHAR	Aggregate	VARBINARY	{"fid":"0","symbol":"","file":"","isolation":"isolated","type":"BUILTIN","md5":""}
min_by_if(VARCHAR,DECIMAL256,BOOLEAN)	VARCHAR	Aggregate	VARBINARY	{"fid":"0","symbol":"","file":"","isolation":"isolated","type":"BUILTIN","md5":""}
min_by_if(VARCHAR,DECIMAL32,BOOLEAN)	VARCHAR	Aggregate	VARBINARY	{"fid":"0","symbol":"","file":"","isolation":"isolated","type":"BUILTIN","md5":""}
min_by_if(VARCHAR,DECIMAL64,BOOLEAN)	VARCHAR	Aggregate	VARBINARY	{"fid":"0","symbol":"","file":"","isolation":"isolated","type":"BUILTIN","md5":""}
min_by_if(VARCHAR,DOUBLE,BOOLEAN)	VARCHAR	Aggregate	VARBINARY	{"fid":"0","symbol":"","file":"","isolation":"isolated","type":"BUILTIN","md5":""}
min_by_if(VARCHAR,FLOAT,BOOLEAN)	VARCHAR	Aggregate	VARBINARY	{"fid":"0","symbol":"","file":"","isolation":"isolated","type":"BUILTIN","md5":""}
min_by_if(VARCHAR,INT,BOOLEAN)	VARCHAR	Aggregate	VARBINARY	{"fid":"0","symbol":"","file":"","isolation":"isolated","type":"BUILTIN","md5":""}
min_by_if(VARCHAR,LARGEINT,BOOLEAN)	VARCHAR	Aggregate	VARBINARY	{"fid":"0","symbol":"","file":"","isolation":"isolated","type":"BUILTIN","md5":""}
min_by_if(VARCHAR,SMALLINT,BOOLEAN)	VARCHAR	Aggregate	VARBINARY	{"fid":"0","symbol":"","file":"","isolation":"isolated","type":"BUILTIN","md5":""}
min_by_if(VARCHAR,TINYINT,BOOLEAN)	VARCHAR	Aggregate	VARBINARY	{"fid":"0","symbol":"","file":"","isolation":"isolated","type":"BUILTIN","md5":""}
min_by_if(VARCHAR,VARCHAR,BOOLEAN)	VARCHAR	Aggregate	VARBINARY	{"fid":"0","symbol":"","file":"","isolation":"isolated","type":"BUILTIN","md5":""}
min_by_if(VARIANT,BIGINT,BOOLEAN)	VARIANT	Aggregate	VARBINARY	{"fid":"0","symbol":"","file":"","isolation":"isolated","type":"BUILTIN","md5":""}
min_by_if(VARIANT,BOOLEAN,BOOLEAN)	VARIANT	Aggregate	VARBINARY	{"fid":"0","symbol":"","file":"","isolation":"isolated","type":"BUILTIN","md5":""}
min_by_if(VARIANT,DATE,BOOLEAN)	VARIANT	Aggregate	VARBINARY	{"fid":"0","symbol":"","file":"","isolation":"isolated","type":"BUILTIN","md5":""}
min_by_if(VARIANT,DATETIME,BOOLEAN)	VARIANT	Aggregate	VARBINARY	{"fid":"0","symbol":"","file":"","isolation":"isolated","type":"BUILTIN","md5":""}
min_by_if(VARIANT,DECIMAL128,BOOLEAN)	VARIANT	Aggregate	VARBINARY	{"fid":"0","symbol":"","file":"","isolation":"isolated","type":"BUILTIN","md5":""}
min_by_if(VARIANT,DECIMAL256,BOOLEAN)	VARIANT	Aggregate	VARBINARY	{"fid":"0","symbol":"","file":"","isolation":"isolated","type":"BUILTIN","md5":""}
min_by_if(VARIANT,DECIMAL32,BOOLEAN)	VARIANT	Aggregate	VARBINARY	{"fid":"0","symbol":"","file":"","isolation":"isolated","type":"BUILTIN","md5":""}
min_by_if(VARIANT,DECIMAL64,BOOLEAN)	VARIANT	Aggregate	VARBINARY	{"fid":"0","symbol":"","file":"","isolation":"isolated","type":"BUILTIN","md5":""}
min_by_if(VARIANT,DOUBLE,BOOLEAN)	VARIANT	Aggregate	VARBINARY	{"fid":"0","symbol":"","file":"","isolation":"isolated","type":"BUILTIN","md5":""}
min_by_if(VARIANT,FLOAT,BOOLEAN)	VARIANT	Aggregate	VARBINARY	{"fid":"0","symbol":"","file":"","isolation":"isolated","type":"BUILTIN","md5":""}
min_by_if(VARIANT,INT,BOOLEAN)	VARIANT	Aggregate	VARBINARY	{"fid":"0","symbol":"","file":"","isolation":"isolated","type":"BUILTIN","md5":""}
min_by_if(VARIANT,LARGEINT,BOOLEAN)	VARIANT	Aggregate	VARBINARY	{"fid":"0","symbol":"","file":"","isolation":"isolated","type":"BUILTIN","md5":""}
min_by_if(VARIANT,SMALLINT,BOOLEAN)	VARIANT	Aggregate	VARBINARY	{"fid":"0","symbol":"","file":"","isolation":"isolated","type":"BUILTIN","md5":""}
min_by_if(VARIANT,TINYINT,BOOLEAN)	VARIANT	Aggregate	VARBINARY	{"fid":"0","symbol":"","file":"","isolation":"isolated","type":"BUILTIN","md5":""}
min_by_if(VARIANT,VARCHAR,BOOLEAN)	VARIANT	Aggregate	VARBINARY	{"fid":"0","symbol":"","file":"","isolation":"isolated","type":"BUILTIN","md5":""}
min_by_merge(VARBINARY)	BOOLEAN	Aggregate	VARBINARY	{"fid":"0","symbol":"","file":"","isolation":"isolated","type":"BUILTIN","md5":""}
min_by_state(BIGINT,BIGINT)	VARBINARY	Scalar	NULL	{"fid":"0","symbol":"","file":"","isolation":"isolated","type":"BUILTIN","md5":""}
min_by_state(BIGINT,BOOLEAN)	VARBINARY	Scalar	NULL	{"fid":"0","symbol":"","file":"","isolation":"isolated","type":"BUILTIN","md5":""}
min_by_state(BIGINT,DATE)	VARBINARY	Scalar	NULL	{"fid":"0","symbol":"","file":"","isolation":"isolated","type":"BUILTIN","md5":""}
min_by_state(BIGINT,DATETIME)	VARBINARY	Scalar	NULL	{"fid":"0","symbol":"","file":"","isolation":"isolated","type":"BUILTIN","md5":""}
min_by_state(BIGINT,DECIMAL128)	VARBINARY	Scalar	NULL	{"fid":"0","symbol":"","file":"","isolation":"isolated","type":"BUILTIN","md5":""}
min_by_state(BIGINT,DECIMAL256)	VARBINARY	Scalar	NULL	{"fid":"0","symbol":"","file":"","isolation":"isolated","type":"BUILTIN","md5":""}
min_by_state(BIGINT,DECIMAL32)	VARBINARY	Scalar	NULL	{"fid":"0","symbol":"","file":"","isolation":"isolated","type":"BUILTIN","md5":""}
min_by_state(BIGINT,DECIMAL64)	VARBINARY	Scalar	NULL	{"fid":"0","symbol":"","file":"","isolation":"isolated","type":"BUILTIN","md5":""}
min_by_state(BIGINT,DOUBLE)	VARBINARY	Scalar	NULL	{"fid":"0","symbol":"","file":"","isolation":"isolated","type":"BUILTIN","md5":""}
min_by_state(BIGINT,FLOAT)	VARBINARY	Scalar	NULL	{"fid":"0","symbol":"","file":"","isolation":"isolated","type":"BUILTIN","md5":""}
min_by_state(BIGINT,INT)	VARBINARY	Scalar	NULL	{"fid":"0","symbol":"","file":"","isolation":"isolated","type":"BUILTIN","md5":""}
min_by_state(BIGINT,LARGEINT)	VARBINARY	Scalar	NULL	{"fid":"0","symbol":"","file":"","isolation":"isolated","type":"BUILTIN","md5":""}
min_by_state(BIGINT,SMALLINT)	VARBINARY	Scalar	NULL	{"fid":"0","symbol":"","file":"","isolation":"isolated","type":"BUILTIN","md5":""}
min_by_state(BIGINT,TINYINT)	VARBINARY	Scalar	NULL	{"fid":"0","symbol":"","file":"","isolation":"isolated","type":"BUILTIN","md5":""}
min_by_state(BIGINT,VARCHAR)	VARBINARY	Scalar	NULL	{"fid":"0","symbol":"","file":"","isolation":"isolated","type":"BUILTIN","md5":""}
min_by_state(BOOLEAN,BIGINT)	VARBINARY	Scalar	NULL	{"fid":"0","symbol":"","file":"","isolation":"isolated","type":"BUILTIN","md5":""}
min_by_state(BOOLEAN,BOOLEAN)	VARBINARY	Scalar	NULL	{"fid":"0","symbol":"","file":"","isolation":"isolated","type":"BUILTIN","md5":""}
min_by_state(BOOLEAN,DATE)	VARBINARY	Scalar	NULL	{"fid":"0","symbol":"","file":"","isolation":"isolated","type":"BUILTIN","md5":""}
min_by_state(BOOLEAN,DATETIME)	VARBINARY	Scalar	NULL	{"fid":"0","symbol":"","file":"","isolation":"isolated","type":"BUILTIN","md5":""}
min_by_state(BOOLEAN,DECIMAL128)	VARBINARY	Scalar	NULL	{"fid":"0","symbol":"","file":"","isolation":"isolated","type":"BUILTIN","md5":""}
min_by_state(BOOLEAN,DECIMAL256)	VARBINARY	Scalar	NULL	{"fid":"0","symbol":"","file":"","isolation":"isolated","type":"BUILTIN","md5":""}
min_by_state(BOOLEAN,DECIMAL32)	VARBINARY	Scalar	NULL	{"fid":"0","symbol":"","file":"","isolation":"isolated","type":"BUILTIN","md5":""}
min_by_state(BOOLEAN,DECIMAL64)	VARBINARY	Scalar	NULL	{"fid":"0","symbol":"","file":"","isolation":"isolated","type":"BUILTIN","md5":""}
min_by_state(BOOLEAN,DOUBLE)	VARBINARY	Scalar	NULL	{"fid":"0","symbol":"","file":"","isolation":"isolated","type":"BUILTIN","md5":""}
min_by_state(BOOLEAN,FLOAT)	VARBINARY	Scalar	NULL	{"fid":"0","symbol":"","file":"","isolation":"isolated","type":"BUILTIN","md5":""}
min_by_state(BOOLEAN,INT)	VARBINARY	Scalar	NULL	{"fid":"0","symbol":"","file":"","isolation":"isolated","type":"BUILTIN","md5":""}
min_by_state(BOOLEAN,LARGEINT)	VARBINARY	Scalar	NULL	{"fid":"0","symbol":"","file":"","isolation":"isolated","type":"BUILTIN","md5":""}
min_by_state(BOOLEAN,SMALLINT)	VARBINARY	Scalar	NULL	{"fid":"0","symbol":"","file":"","isolation":"isolated","type":"BUILTIN","md5":""}
min_by_state(BOOLEAN,TINYINT)	VARBINARY	Scalar	NULL	{"fid":"0","symbol":"","file":"","isolation":"isolated","type":"BUILTIN","md5":""}
min_by_state(BOOLEAN,VARCHAR)	VARBINARY	Scalar	NULL	{"fid":"0","symbol":"","file":"","isolation":"isolated","type":"BUILTIN","md5":""}
min_by_state(DATE,BIGINT)	VARBINARY	Scalar	NULL	{"fid":"0","symbol":"","file":"","isolation":"isolated","type":"BUILTIN","md5":""}
min_by_state(DATE,BOOLEAN)	VARBINARY	Scalar	NULL	{"fid":"0","symbol":"","file":"","isolation":"isolated","type":"BUILTIN","md5":""}
min_by_state(DATE,DATE)	VARBINARY	Scalar	NULL	{"fid":"0","symbol":"","file":"","isolation":"isolated","type":"BUILTIN","md5":""}
min_by_state(DATE,DATETIME)	VARBINARY	Scalar	NULL	{"fid":"0","symbol":"","file":"","isolation":"isolated","type":"BUILTIN","md5":""}
min_by_state(DATE,DECIMAL128)	VARBINARY	Scalar	NULL	{"fid":"0","symbol":"","file":"","isolation":"isolated","type":"BUILTIN","md5":""}
min_by_state(DATE,DECIMAL256)	VARBINARY	Scalar	NULL	{"fid":"0","symbol":"","file":"","isolation":"isolated","type":"BUILTIN","md5":""}
min_by_state(DATE,DECIMAL32)	VARBINARY	Scalar	NULL	{"fid":"0","symbol":"","file":"","isolation":"isolated","type":"BUILTIN","md5":""}
min_by_state(DATE,DECIMAL64)	VARBINARY	Scalar	NULL	{"fid":"0","symbol":"","file":"","isolation":"isolated","type":"BUILTIN","md5":""}
min_by_state(DATE,DOUBLE)	VARBINARY	Scalar	NULL	{"fid":"0","symbol":"","file":"","isolation":"isolated","type":"BUILTIN","md5":""}
min_by_state(DATE,FLOAT)	VARBINARY	Scalar	NULL	{"fid":"0","symbol":"","file":"","isolation":"isolated","type":"BUILTIN","md5":""}
min_by_state(DATE,INT)	VARBINARY	Scalar	NULL	{"fid":"0","symbol":"","file":"","isolation":"isolated","type":"BUILTIN","md5":""}
min_by_state(DATE,LARGEINT)	VARBINARY	Scalar	NULL	{"fid":"0","symbol":"","file":"","isolation":"isolated","type":"BUILTIN","md5":""}
min_by_state(DATE,SMALLINT)	VARBINARY	Scalar	NULL	{"fid":"0","symbol":"","file":"","isolation":"isolated","type":"BUILTIN","md5":""}
min_by_state(DATE,TINYINT)	VARBINARY	Scalar	NULL	{"fid":"0","symbol":"","file":"","isolation":"isolated","type":"BUILTIN","md5":""}
min_by_state(DATE,VARCHAR)	VARBINARY	Scalar	NULL	{"fid":"0","symbol":"","file":"","isolation":"isolated","type":"BUILTIN","md5":""}
min_by_state(DATETIME,BIGINT)	VARBINARY	Scalar	NULL	{"fid":"0","symbol":"","file":"","isolation":"isolated","type":"BUILTIN","md5":""}
min_by_state(DATETIME,BOOLEAN)	VARBINARY	Scalar	NULL	{"fid":"0","symbol":"","file":"","isolation":"isolated","type":"BUILTIN","md5":""}
min_by_state(DATETIME,DATE)	VARBINARY	Scalar	NULL	{"fid":"0","symbol":"","file":"","isolation":"isolated","type":"BUILTIN","md5":""}
min_by_state(DATETIME,DATETIME)	VARBINARY	Scalar	NULL	{"fid":"0","symbol":"","file":"","isolation":"isolated","type":"BUILTIN","md5":""}
min_by_state(DATETIME,DECIMAL128)	VARBINARY	Scalar	NULL	{"fid":"0","symbol":"","file":"","isolation":"isolated","type":"BUILTIN","md5":""}
min_by_state(DATETIME,DECIMAL256)	VARBINARY	Scalar	NULL	{"fid":"0","symbol":"","file":"","isolation":"isolated","type":"BUILTIN","md5":""}
min_by_state(DATETIME,DECIMAL32)	VARBINARY	Scalar	NULL	{"fid":"0","symbol":"","file":"","isolation":"isolated","type":"BUILTIN","md5":""}
min_by_state(DATETIME,DECIMAL64)	VARBINARY	Scalar	NULL	{"fid":"0","symbol":"","file":"","isolation":"isolated","type":"BUILTIN","md5":""}
min_by_state(DATETIME,DOUBLE)	VARBINARY	Scalar	NULL	{"fid":"0","symbol":"","file":"","isolation":"isolated","type":"BUILTIN","md5":""}
min_by_state(DATETIME,FLOAT)	VARBINARY	Scalar	NULL	{"fid":"0","symbol":"","file":"","isolation":"isolated","type":"BUILTIN","md5":""}
min_by_state(DATETIME,INT)	VARBINARY	Scalar	NULL	{"fid":"0","symbol":"","file":"","isolation":"isolated","type":"BUILTIN","md5":""}
min_by_state(DATETIME,LARGEINT)	VARBINARY	Scalar	NULL	{"fid":"0","symbol":"","file":"","isolation":"isolated","type":"BUILTIN","md5":""}
min_by_state(DATETIME,SMALLINT)	VARBINARY	Scalar	NULL	{"fid":"0","symbol":"","file":"","isolation":"isolated","type":"BUILTIN","md5":""}
min_by_state(DATETIME,TINYINT)	VARBINARY	Scalar	NULL	{"fid":"0","symbol":"","file":"","isolation":"isolated","type":"BUILTIN","md5":""}
min_by_state(DATETIME,VARCHAR)	VARBINARY	Scalar	NULL	{"fid":"0","symbol":"","file":"","isolation":"isolated","type":"BUILTIN","md5":""}
min_by_state(DECIMAL128,BIGINT)	VARBINARY	Scalar	NULL	{"fid":"0","symbol":"","file":"","isolation":"isolated","type":"BUILTIN","md5":""}
min_by_state(DECIMAL128,BOOLEAN)	VARBINARY	Scalar	NULL	{"fid":"0","symbol":"","file":"","isolation":"isolated","type":"BUILTIN","md5":""}
min_by_state(DECIMAL128,DATE)	VARBINARY	Scalar	NULL	{"fid":"0","symbol":"","file":"","isolation":"isolated","type":"BUILTIN","md5":""}
min_by_state(DECIMAL128,DATETIME)	VARBINARY	Scalar	NULL	{"fid":"0","symbol":"","file":"","isolation":"isolated","type":"BUILTIN","md5":""}
min_by_state(DECIMAL128,DECIMAL128)	VARBINARY	Scalar	NULL	{"fid":"0","symbol":"","file":"","isolation":"isolated","type":"BUILTIN","md5":""}
min_by_state(DECIMAL128,DECIMAL256)	VARBINARY	Scalar	NULL	{"fid":"0","symbol":"","file":"","isolation":"isolated","type":"BUILTIN","md5":""}
min_by_state(DECIMAL128,DECIMAL32)	VARBINARY	Scalar	NULL	{"fid":"0","symbol":"","file":"","isolation":"isolated","type":"BUILTIN","md5":""}
min_by_state(DECIMAL128,DECIMAL64)	VARBINARY	Scalar	NULL	{"fid":"0","symbol":"","file":"","isolation":"isolated","type":"BUILTIN","md5":""}
min_by_state(DECIMAL128,DOUBLE)	VARBINARY	Scalar	NULL	{"fid":"0","symbol":"","file":"","isolation":"isolated","type":"BUILTIN","md5":""}
min_by_state(DECIMAL128,FLOAT)	VARBINARY	Scalar	NULL	{"fid":"0","symbol":"","file":"","isolation":"isolated","type":"BUILTIN","md5":""}
min_by_state(DECIMAL128,INT)	VARBINARY	Scalar	NULL	{"fid":"0","symbol":"","file":"","isolation":"isolated","type":"BUILTIN","md5":""}
min_by_state(DECIMAL128,LARGEINT)	VARBINARY	Scalar	NULL	{"fid":"0","symbol":"","file":"","isolation":"isolated","type":"BUILTIN","md5":""}
min_by_state(DECIMAL128,SMALLINT)	VARBINARY	Scalar	NULL	{"fid":"0","symbol":"","file":"","isolation":"isolated","type":"BUILTIN","md5":""}
min_by_state(DECIMAL128,TINYINT)	VARBINARY	Scalar	NULL	{"fid":"0","symbol":"","file":"","isolation":"isolated","type":"BUILTIN","md5":""}
min_by_state(DECIMAL128,VARCHAR)	VARBINARY	Scalar	NULL	{"fid":"0","symbol":"","file":"","isolation":"isolated","type":"BUILTIN","md5":""}
min_by_state(DECIMAL256,BIGINT)	VARBINARY	Scalar	NULL	{"fid":"0","symbol":"","file":"","isolation":"isolated","type":"BUILTIN","md5":""}
min_by_state(DECIMAL256,BOOLEAN)	VARBINARY	Scalar	NULL	{"fid":"0","symbol":"","file":"","isolation":"isolated","type":"BUILTIN","md5":""}
min_by_state(DECIMAL256,DATE)	VARBINARY	Scalar	NULL	{"fid":"0","symbol":"","file":"","isolation":"isolated","type":"BUILTIN","md5":""}
min_by_state(DECIMAL256,DATETIME)	VARBINARY	Scalar	NULL	{"fid":"0","symbol":"","file":"","isolation":"isolated","type":"BUILTIN","md5":""}
min_by_state(DECIMAL256,DECIMAL128)	VARBINARY	Scalar	NULL	{"fid":"0","symbol":"","file":"","isolation":"isolated","type":"BUILTIN","md5":""}
min_by_state(DECIMAL256,DECIMAL256)	VARBINARY	Scalar	NULL	{"fid":"0","symbol":"","file":"","isolation":"isolated","type":"BUILTIN","md5":""}
min_by_state(DECIMAL256,DECIMAL32)	VARBINARY	Scalar	NULL	{"fid":"0","symbol":"","file":"","isolation":"isolated","type":"BUILTIN","md5":""}
min_by_state(DECIMAL256,DECIMAL64)	VARBINARY	Scalar	NULL	{"fid":"0","symbol":"","file":"","isolation":"isolated","type":"BUILTIN","md5":""}
min_by_state(DECIMAL256,DOUBLE)	VARBINARY	Scalar	NULL	{"fid":"0","symbol":"","file":"","isolation":"isolated","type":"BUILTIN","md5":""}
min_by_state(DECIMAL256,FLOAT)	VARBINARY	Scalar	NULL	{"fid":"0","symbol":"","file":"","isolation":"isolated","type":"BUILTIN","md5":""}
min_by_state(DECIMAL256,INT)	VARBINARY	Scalar	NULL	{"fid":"0","symbol":"","file":"","isolation":"isolated","type":"BUILTIN","md5":""}
min_by_state(DECIMAL256,LARGEINT)	VARBINARY	Scalar	NULL	{"fid":"0","symbol":"","file":"","isolation":"isolated","type":"BUILTIN","md5":""}
min_by_state(DECIMAL256,SMALLINT)	VARBINARY	Scalar	NULL	{"fid":"0","symbol":"","file":"","isolation":"isolated","type":"BUILTIN","md5":""}
min_by_state(DECIMAL256,TINYINT)	VARBINARY	Scalar	NULL	{"fid":"0","symbol":"","file":"","isolation":"isolated","type":"BUILTIN","md5":""}
min_by_state(DECIMAL256,VARCHAR)	VARBINARY	Scalar	NULL	{"fid":"0","symbol":"","file":"","isolation":"isolated","type":"BUILTIN","md5":""}
min_by_state(DECIMAL32,BIGINT)	VARBINARY	Scalar	NULL	{"fid":"0","symbol":"","file":"","isolation":"isolated","type":"BUILTIN","md5":""}
min_by_state(DECIMAL32,BOOLEAN)	VARBINARY	Scalar	NULL	{"fid":"0","symbol":"","file":"","isolation":"isolated","type":"BUILTIN","md5":""}
min_by_state(DECIMAL32,DATE)	VARBINARY	Scalar	NULL	{"fid":"0","symbol":"","file":"","isolation":"isolated","type":"BUILTIN","md5":""}
min_by_state(DECIMAL32,DATETIME)	VARBINARY	Scalar	NULL	{"fid":"0","symbol":"","file":"","isolation":"isolated","type":"BUILTIN","md5":""}
min_by_state(DECIMAL32,DECIMAL128)	VARBINARY	Scalar	NULL	{"fid":"0","symbol":"","file":"","isolation":"isolated","type":"BUILTIN","md5":""}
min_by_state(DECIMAL32,DECIMAL256)	VARBINARY	Scalar	NULL	{"fid":"0","symbol":"","file":"","isolation":"isolated","type":"BUILTIN","md5":""}
min_by_state(DECIMAL32,DECIMAL32)	VARBINARY	Scalar	NULL	{"fid":"0","symbol":"","file":"","isolation":"isolated","type":"BUILTIN","md5":""}
min_by_state(DECIMAL32,DECIMAL64)	VARBINARY	Scalar	NULL	{"fid":"0","symbol":"","file":"","isolation":"isolated","type":"BUILTIN","md5":""}
min_by_state(DECIMAL32,DOUBLE)	VARBINARY	Scalar	NULL	{"fid":"0","symbol":"","file":"","isolation":"isolated","type":"BUILTIN","md5":""}
min_by_state(DECIMAL32,FLOAT)	VARBINARY	Scalar	NULL	{"fid":"0","symbol":"","file":"","isolation":"isolated","type":"BUILTIN","md5":""}
min_by_state(DECIMAL32,INT)	VARBINARY	Scalar	NULL	{"fid":"0","symbol":"","file":"","isolation":"isolated","type":"BUILTIN","md5":""}
min_by_state(DECIMAL32,LARGEINT)	VARBINARY	Scalar	NULL	{"fid":"0","symbol":"","file":"","isolation":"isolated","type":"BUILTIN","md5":""}
min_by_state(DECIMAL32,SMALLINT)	VARBINARY	Scalar	NULL	{"fid":"0","symbol":"","file":"","isolation":"isolated","type":"BUILTIN","md5":""}
min_by_state(DECIMAL32,TINYINT)	VARBINARY	Scalar	NULL	{"fid":"0","symbol":"","file":"","isolation":"isolated","type":"BUILTIN","md5":""}
min_by_state(DECIMAL32,VARCHAR)	VARBINARY	Scalar	NULL	{"fid":"0","symbol":"","file":"","isolation":"isolated","type":"BUILTIN","md5":""}
min_by_state(DECIMAL64,BIGINT)	VARBINARY	Scalar	NULL	{"fid":"0","symbol":"","file":"","isolation":"isolated","type":"BUILTIN","md5":""}
min_by_state(DECIMAL64,BOOLEAN)	VARBINARY	Scalar	NULL	{"fid":"0","symbol":"","file":"","isolation":"isolated","type":"BUILTIN","md5":""}
min_by_state(DECIMAL64,DATE)	VARBINARY	Scalar	NULL	{"fid":"0","symbol":"","file":"","isolation":"isolated","type":"BUILTIN","md5":""}
min_by_state(DECIMAL64,DATETIME)	VARBINARY	Scalar	NULL	{"fid":"0","symbol":"","file":"","isolation":"isolated","type":"BUILTIN","md5":""}
min_by_state(DECIMAL64,DECIMAL128)	VARBINARY	Scalar	NULL	{"fid":"0","symbol":"","file":"","isolation":"isolated","type":"BUILTIN","md5":""}
min_by_state(DECIMAL64,DECIMAL256)	VARBINARY	Scalar	NULL	{"fid":"0","symbol":"","file":"","isolation":"isolated","type":"BUILTIN","md5":""}
min_by_state(DECIMAL64,DECIMAL32)	VARBINARY	Scalar	NULL	{"fid":"0","symbol":"","file":"","isolation":"isolated","type":"BUILTIN","md5":""}
min_by_state(DECIMAL64,DECIMAL64)	VARBINARY	Scalar	NULL	{"fid":"0","symbol":"","file":"","isolation":"isolated","type":"BUILTIN","md5":""}
min_by_state(DECIMAL64,DOUBLE)	VARBINARY	Scalar	NULL	{"fid":"0","symbol":"","file":"","isolation":"isolated","type":"BUILTIN","md5":""}
min_by_state(DECIMAL64,FLOAT)	VARBINARY	Scalar	NULL	{"fid":"0","symbol":"","file":"","isolation":"isolated","type":"BUILTIN","md5":""}
min_by_state(DECIMAL64,INT)	VARBINARY	Scalar	NULL	{"fid":"0","symbol":"","file":"","isolation":"isolated","type":"BUILTIN","md5":""}
min_by_state(DECIMAL64,LARGEINT)	VARBINARY	Scalar	NULL	{"fid":"0","symbol":"","file":"","isolation":"isolated","type":"BUILTIN","md5":""}
min_by_state(DECIMAL64,SMALLINT)	VARBINARY	Scalar	NULL	{"fid":"0","symbol":"","file":"","isolation":"isolated","type":"BUILTIN","md5":""}
min_by_state(DECIMAL64,TINYINT)	VARBINARY	Scalar	NULL	{"fid":"0","symbol":"","file":"","isolation":"isolated","type":"BUILTIN","md5":""}
min_by_state(DECIMAL64,VARCHAR)	VARBINARY	Scalar	NULL	{"fid":"0","symbol":"","file":"","isolation":"isolated","type":"BUILTIN","md5":""}
min_by_state(DOUBLE,BIGINT)	VARBINARY	Scalar	NULL	{"fid":"0","symbol":"","file":"","isolation":"isolated","type":"BUILTIN","md5":""}
min_by_state(DOUBLE,BOOLEAN)	VARBINARY	Scalar	NULL	{"fid":"0","symbol":"","file":"","isolation":"isolated","type":"BUILTIN","md5":""}
min_by_state(DOUBLE,DATE)	VARBINARY	Scalar	NULL	{"fid":"0","symbol":"","file":"","isolation":"isolated","type":"BUILTIN","md5":""}
min_by_state(DOUBLE,DATETIME)	VARBINARY	Scalar	NULL	{"fid":"0","symbol":"","file":"","isolation":"isolated","type":"BUILTIN","md5":""}
min_by_state(DOUBLE,DECIMAL128)	VARBINARY	Scalar	NULL	{"fid":"0","symbol":"","file":"","isolation":"isolated","type":"BUILTIN","md5":""}
min_by_state(DOUBLE,DECIMAL256)	VARBINARY	Scalar	NULL	{"fid":"0","symbol":"","file":"","isolation":"isolated","type":"BUILTIN","md5":""}
min_by_state(DOUBLE,DECIMAL32)	VARBINARY	Scalar	NULL	{"fid":"0","symbol":"","file":"","isolation":"isolated","type":"BUILTIN","md5":""}
min_by_state(DOUBLE,DECIMAL64)	VARBINARY	Scalar	NULL	{"fid":"0","symbol":"","file":"","isolation":"isolated","type":"BUILTIN","md5":""}
min_by_state(DOUBLE,DOUBLE)	VARBINARY	Scalar	NULL	{"fid":"0","symbol":"","file":"","isolation":"isolated","type":"BUILTIN","md5":""}
min_by_state(DOUBLE,FLOAT)	VARBINARY	Scalar	NULL	{"fid":"0","symbol":"","file":"","isolation":"isolated","type":"BUILTIN","md5":""}
min_by_state(DOUBLE,INT)	VARBINARY	Scalar	NULL	{"fid":"0","symbol":"","file":"","isolation":"isolated","type":"BUILTIN","md5":""}
min_by_state(DOUBLE,LARGEINT)	VARBINARY	Scalar	NULL	{"fid":"0","symbol":"","file":"","isolation":"isolated","type":"BUILTIN","md5":""}
min_by_state(DOUBLE,SMALLINT)	VARBINARY	Scalar	NULL	{"fid":"0","symbol":"","file":"","isolation":"isolated","type":"BUILTIN","md5":""}
min_by_state(DOUBLE,TINYINT)	VARBINARY	Scalar	NULL	{"fid":"0","symbol":"","file":"","isolation":"isolated","type":"BUILTIN","md5":""}
min_by_state(DOUBLE,VARCHAR)	VARBINARY	Scalar	NULL	{"fid":"0","symbol":"","file":"","isolation":"isolated","type":"BUILTIN","md5":""}
min_by_state(FLOAT,BIGINT)	VARBINARY	Scalar	NULL	{"fid":"0","symbol":"","file":"","isolation":"isolated","type":"BUILTIN","md5":""}
min_by_state(FLOAT,BOOLEAN)	VARBINARY	Scalar	NULL	{"fid":"0","symbol":"","file":"","isolation":"isolated","type":"BUILTIN","md5":""}
min_by_state(FLOAT,DATE)	VARBINARY	Scalar	NULL	{"fid":"0","symbol":"","file":"","isolation":"isolated","type":"BUILTIN","md5":""}
min_by_state(FLOAT,DATETIME)	VARBINARY	Scalar	NULL	{"fid":"0","symbol":"","file":"","isolation":"isolated","type":"BUILTIN","md5":""}
min_by_state(FLOAT,DECIMAL128)	VARBINARY	Scalar	NULL	{"fid":"0","symbol":"","file":"","isolation":"isolated","type":"BUILTIN","md5":""}
min_by_state(FLOAT,DECIMAL256)	VARBINARY	Scalar	NULL	{"fid":"0","symbol":"","file":"","isolation":"isolated","type":"BUILTIN","md5":""}
min_by_state(FLOAT,DECIMAL32)	VARBINARY	Scalar	NULL	{"fid":"0","symbol":"","file":"","isolation":"isolated","type":"BUILTIN","md5":""}
min_by_state(FLOAT,DECIMAL64)	VARBINARY	Scalar	NULL	{"fid":"0","symbol":"","file":"","isolation":"isolated","type":"BUILTIN","md5":""}
min_by_state(FLOAT,DOUBLE)	VARBINARY	Scalar	NULL	{"fid":"0","symbol":"","file":"","isolation":"isolated","type":"BUILTIN","md5":""}
min_by_state(FLOAT,FLOAT)	VARBINARY	Scalar	NULL	{"fid":"0","symbol":"","file":"","isolation":"isolated","type":"BUILTIN","md5":""}
min_by_state(FLOAT,INT)	VARBINARY	Scalar	NULL	{"fid":"0","symbol":"","file":"","isolation":"isolated","type":"BUILTIN","md5":""}
min_by_state(FLOAT,LARGEINT)	VARBINARY	Scalar	NULL	{"fid":"0","symbol":"","file":"","isolation":"isolated","type":"BUILTIN","md5":""}
min_by_state(FLOAT,SMALLINT)	VARBINARY	Scalar	NULL	{"fid":"0","symbol":"","file":"","isolation":"isolated","type":"BUILTIN","md5":""}
min_by_state(FLOAT,TINYINT)	VARBINARY	Scalar	NULL	{"fid":"0","symbol":"","file":"","isolation":"isolated","type":"BUILTIN","md5":""}
min_by_state(FLOAT,VARCHAR)	VARBINARY	Scalar	NULL	{"fid":"0","symbol":"","file":"","isolation":"isolated","type":"BUILTIN","md5":""}
min_by_state(INT,BIGINT)	VARBINARY	Scalar	NULL	{"fid":"0","symbol":"","file":"","isolation":"isolated","type":"BUILTIN","md5":""}
min_by_state(INT,BOOLEAN)	VARBINARY	Scalar	NULL	{"fid":"0","symbol":"","file":"","isolation":"isolated","type":"BUILTIN","md5":""}
min_by_state(INT,DATE)	VARBINARY	Scalar	NULL	{"fid":"0","symbol":"","file":"","isolation":"isolated","type":"BUILTIN","md5":""}
min_by_state(INT,DATETIME)	VARBINARY	Scalar	NULL	{"fid":"0","symbol":"","file":"","isolation":"isolated","type":"BUILTIN","md5":""}
min_by_state(INT,DECIMAL128)	VARBINARY	Scalar	NULL	{"fid":"0","symbol":"","file":"","isolation":"isolated","type":"BUILTIN","md5":""}
min_by_state(INT,DECIMAL256)	VARBINARY	Scalar	NULL	{"fid":"0","symbol":"","file":"","isolation":"isolated","type":"BUILTIN","md5":""}
min_by_state(INT,DECIMAL32)	VARBINARY	Scalar	NULL	{"fid":"0","symbol":"","file":"","isolation":"isolated","type":"BUILTIN","md5":""}
min_by_state(INT,DECIMAL64)	VARBINARY	Scalar	NULL	{"fid":"0","symbol":"","file":"","isolation":"isolated","type":"BUILTIN","md5":""}
min_by_state(INT,DOUBLE)	VARBINARY	Scalar	NULL	{"fid":"0","symbol":"","file":"","isolation":"isolated","type":"BUILTIN","md5":""}
min_by_state(INT,FLOAT)	VARBINARY	Scalar	NULL	{"fid":"0","symbol":"","file":"","isolation":"isolated","type":"BUILTIN","md5":""}
min_by_state(INT,INT)	VARBINARY	Scalar	NULL	{"fid":"0","symbol":"","file":"","isolation":"isolated","type":"BUILTIN","md5":""}
min_by_state(INT,LARGEINT)	VARBINARY	Scalar	NULL	{"fid":"0","symbol":"","file":"","isolation":"isolated","type":"BUILTIN","md5":""}
min_by_state(INT,SMALLINT)	VARBINARY	Scalar	NULL	{"fid":"0","symbol":"","file":"","isolation":"isolated","type":"BUILTIN","md5":""}
min_by_state(INT,TINYINT)	VARBINARY	Scalar	NULL	{"fid":"0","symbol":"","file":"","isolation":"isolated","type":"BUILTIN","md5":""}
min_by_state(INT,VARCHAR)	VARBINARY	Scalar	NULL	{"fid":"0","symbol":"","file":"","isolation":"isolated","type":"BUILTIN","md5":""}
min_by_state(INVALID_TYPE,BIGINT)	VARBINARY	Scalar	NULL	{"fid":"0","symbol":"","file":"","isolation":"isolated","type":"BUILTIN","md5":""}
min_by_state(INVALID_TYPE,BOOLEAN)	VARBINARY	Scalar	NULL	{"fid":"0","symbol":"","file":"","isolation":"isolated","type":"BUILTIN","md5":""}
min_by_state(INVALID_TYPE,DATE)	VARBINARY	Scalar	NULL	{"fid":"0","symbol":"","file":"","isolation":"isolated","type":"BUILTIN","md5":""}
min_by_state(INVALID_TYPE,DATETIME)	VARBINARY	Scalar	NULL	{"fid":"0","symbol":"","file":"","isolation":"isolated","type":"BUILTIN","md5":""}
min_by_state(INVALID_TYPE,DECIMAL128)	VARBINARY	Scalar	NULL	{"fid":"0","symbol":"","file":"","isolation":"isolated","type":"BUILTIN","md5":""}
min_by_state(INVALID_TYPE,DECIMAL256)	VARBINARY	Scalar	NULL	{"fid":"0","symbol":"","file":"","isolation":"isolated","type":"BUILTIN","md5":""}
min_by_state(INVALID_TYPE,DECIMAL32)	VARBINARY	Scalar	NULL	{"fid":"0","symbol":"","file":"","isolation":"isolated","type":"BUILTIN","md5":""}
min_by_state(INVALID_TYPE,DECIMAL64)	VARBINARY	Scalar	NULL	{"fid":"0","symbol":"","file":"","isolation":"isolated","type":"BUILTIN","md5":""}
min_by_state(INVALID_TYPE,DOUBLE)	VARBINARY	Scalar	NULL	{"fid":"0","symbol":"","file":"","isolation":"isolated","type":"BUILTIN","md5":""}
min_by_state(INVALID_TYPE,FLOAT)	VARBINARY	Scalar	NULL	{"fid":"0","symbol":"","file":"","isolation":"isolated","type":"BUILTIN","md5":""}
min_by_state(INVALID_TYPE,INT)	VARBINARY	Scalar	NULL	{"fid":"0","symbol":"","file":"","isolation":"isolated","type":"BUILTIN","md5":""}
min_by_state(INVALID_TYPE,LARGEINT)	VARBINARY	Scalar	NULL	{"fid":"0","symbol":"","file":"","isolation":"isolated","type":"BUILTIN","md5":""}
min_by_state(INVALID_TYPE,SMALLINT)	VARBINARY	Scalar	NULL	{"fid":"0","symbol":"","file":"","isolation":"isolated","type":"BUILTIN","md5":""}
min_by_state(INVALID_TYPE,TINYINT)	VARBINARY	Scalar	NULL	{"fid":"0","symbol":"","file":"","isolation":"isolated","type":"BUILTIN","md5":""}
min_by_state(INVALID_TYPE,VARCHAR)	VARBINARY	Scalar	NULL	{"fid":"0","symbol":"","file":"","isolation":"isolated","type":"BUILTIN","md5":""}
min_by_state(JSON,BIGINT)	VARBINARY	Scalar	NULL	{"fid":"0","symbol":"","file":"","isolation":"isolated","type":"BUILTIN","md5":""}
min_by_state(JSON,BOOLEAN)	VARBINARY	Scalar	NULL	{"fid":"0","symbol":"","file":"","isolation":"isolated","type":"BUILTIN","md5":""}
min_by_state(JSON,DATE)	VARBINARY	Scalar	NULL	{"fid":"0","symbol":"","file":"","isolation":"isolated","type":"BUILTIN","md5":""}
min_by_state(JSON,DATETIME)	VARBINARY	Scalar	NULL	{"fid":"0","symbol":"","file":"","isolation":"isolated","type":"BUILTIN","md5":""}
min_by_state(JSON,DECIMAL128)	VARBINARY	Scalar	NULL	{"fid":"0","symbol":"","file":"","isolation":"isolated","type":"BUILTIN","md5":""}
min_by_state(JSON,DECIMAL256)	VARBINARY	Scalar	NULL	{"fid":"0","symbol":"","file":"","isolation":"isolated","type":"BUILTIN","md5":""}
min_by_state(JSON,DECIMAL32)	VARBINARY	Scalar	NULL	{"fid":"0","symbol":"","file":"","isolation":"isolated","type":"BUILTIN","md5":""}
min_by_state(JSON,DECIMAL64)	VARBINARY	Scalar	NULL	{"fid":"0","symbol":"","file":"","isolation":"isolated","type":"BUILTIN","md5":""}
min_by_state(JSON,DOUBLE)	VARBINARY	Scalar	NULL	{"fid":"0","symbol":"","file":"","isolation":"isolated","type":"BUILTIN","md5":""}
min_by_state(JSON,FLOAT)	VARBINARY	Scalar	NULL	{"fid":"0","symbol":"","file":"","isolation":"isolated","type":"BUILTIN","md5":""}
min_by_state(JSON,INT)	VARBINARY	Scalar	NULL	{"fid":"0","symbol":"","file":"","isolation":"isolated","type":"BUILTIN","md5":""}
min_by_state(JSON,LARGEINT)	VARBINARY	Scalar	NULL	{"fid":"0","symbol":"","file":"","isolation":"isolated","type":"BUILTIN","md5":""}
min_by_state(JSON,SMALLINT)	VARBINARY	Scalar	NULL	{"fid":"0","symbol":"","file":"","isolation":"isolated","type":"BUILTIN","md5":""}
min_by_state(JSON,TINYINT)	VARBINARY	Scalar	NULL	{"fid":"0","symbol":"","file":"","isolation":"isolated","type":"BUILTIN","md5":""}
min_by_state(JSON,VARCHAR)	VARBINARY	Scalar	NULL	{"fid":"0","symbol":"","file":"","isolation":"isolated","type":"BUILTIN","md5":""}
min_by_state(LARGEINT,BIGINT)	VARBINARY	Scalar	NULL	{"fid":"0","symbol":"","file":"","isolation":"isolated","type":"BUILTIN","md5":""}
min_by_state(LARGEINT,BOOLEAN)	VARBINARY	Scalar	NULL	{"fid":"0","symbol":"","file":"","isolation":"isolated","type":"BUILTIN","md5":""}
min_by_state(LARGEINT,DATE)	VARBINARY	Scalar	NULL	{"fid":"0","symbol":"","file":"","isolation":"isolated","type":"BUILTIN","md5":""}
min_by_state(LARGEINT,DATETIME)	VARBINARY	Scalar	NULL	{"fid":"0","symbol":"","file":"","isolation":"isolated","type":"BUILTIN","md5":""}
min_by_state(LARGEINT,DECIMAL128)	VARBINARY	Scalar	NULL	{"fid":"0","symbol":"","file":"","isolation":"isolated","type":"BUILTIN","md5":""}
min_by_state(LARGEINT,DECIMAL256)	VARBINARY	Scalar	NULL	{"fid":"0","symbol":"","file":"","isolation":"isolated","type":"BUILTIN","md5":""}
min_by_state(LARGEINT,DECIMAL32)	VARBINARY	Scalar	NULL	{"fid":"0","symbol":"","file":"","isolation":"isolated","type":"BUILTIN","md5":""}
min_by_state(LARGEINT,DECIMAL64)	VARBINARY	Scalar	NULL	{"fid":"0","symbol":"","file":"","isolation":"isolated","type":"BUILTIN","md5":""}
min_by_state(LARGEINT,DOUBLE)	VARBINARY	Scalar	NULL	{"fid":"0","symbol":"","file":"","isolation":"isolated","type":"BUILTIN","md5":""}
min_by_state(LARGEINT,FLOAT)	VARBINARY	Scalar	NULL	{"fid":"0","symbol":"","file":"","isolation":"isolated","type":"BUILTIN","md5":""}
min_by_state(LARGEINT,INT)	VARBINARY	Scalar	NULL	{"fid":"0","symbol":"","file":"","isolation":"isolated","type":"BUILTIN","md5":""}
min_by_state(LARGEINT,LARGEINT)	VARBINARY	Scalar	NULL	{"fid":"0","symbol":"","file":"","isolation":"isolated","type":"BUILTIN","md5":""}
min_by_state(LARGEINT,SMALLINT)	VARBINARY	Scalar	NULL	{"fid":"0","symbol":"","file":"","isolation":"isolated","type":"BUILTIN","md5":""}
min_by_state(LARGEINT,TINYINT)	VARBINARY	Scalar	NULL	{"fid":"0","symbol":"","file":"","isolation":"isolated","type":"BUILTIN","md5":""}
min_by_state(LARGEINT,VARCHAR)	VARBINARY	Scalar	NULL	{"fid":"0","symbol":"","file":"","isolation":"isolated","type":"BUILTIN","md5":""}
min_by_state(SMALLINT,BIGINT)	VARBINARY	Scalar	NULL	{"fid":"0","symbol":"","file":"","isolation":"isolated","type":"BUILTIN","md5":""}
min_by_state(SMALLINT,BOOLEAN)	VARBINARY	Scalar	NULL	{"fid":"0","symbol":"","file":"","isolation":"isolated","type":"BUILTIN","md5":""}
min_by_state(SMALLINT,DATE)	VARBINARY	Scalar	NULL	{"fid":"0","symbol":"","file":"","isolation":"isolated","type":"BUILTIN","md5":""}
min_by_state(SMALLINT,DATETIME)	VARBINARY	Scalar	NULL	{"fid":"0","symbol":"","file":"","isolation":"isolated","type":"BUILTIN","md5":""}
min_by_state(SMALLINT,DECIMAL128)	VARBINARY	Scalar	NULL	{"fid":"0","symbol":"","file":"","isolation":"isolated","type":"BUILTIN","md5":""}
min_by_state(SMALLINT,DECIMAL256)	VARBINARY	Scalar	NULL	{"fid":"0","symbol":"","file":"","isolation":"isolated","type":"BUILTIN","md5":""}
min_by_state(SMALLINT,DECIMAL32)	VARBINARY	Scalar	NULL	{"fid":"0","symbol":"","file":"","isolation":"isolated","type":"BUILTIN","md5":""}
min_by_state(SMALLINT,DECIMAL64)	VARBINARY	Scalar	NULL	{"fid":"0","symbol":"","file":"","isolation":"isolated","type":"BUILTIN","md5":""}
min_by_state(SMALLINT,DOUBLE)	VARBINARY	Scalar	NULL	{"fid":"0","symbol":"","file":"","isolation":"isolated","type":"BUILTIN","md5":""}
min_by_state(SMALLINT,FLOAT)	VARBINARY	Scalar	NULL	{"fid":"0","symbol":"","file":"","isolation":"isolated","type":"BUILTIN","md5":""}
min_by_state(SMALLINT,INT)	VARBINARY	Scalar	NULL	{"fid":"0","symbol":"","file":"","isolation":"isolated","type":"BUILTIN","md5":""}
min_by_state(SMALLINT,LARGEINT)	VARBINARY	Scalar	NULL	{"fid":"0","symbol":"","file":"","isolation":"isolated","type":"BUILTIN","md5":""}
min_by_state(SMALLINT,SMALLINT)	VARBINARY	Scalar	NULL	{"fid":"0","symbol":"","file":"","isolation":"isolated","type":"BUILTIN","md5":""}
min_by_state(SMALLINT,TINYINT)	VARBINARY	Scalar	NULL	{"fid":"0","symbol":"","file":"","isolation":"isolated","type":"BUILTIN","md5":""}
min_by_state(SMALLINT,VARCHAR)	VARBINARY	Scalar	NULL	{"fid":"0","symbol":"","file":"","isolation":"isolated","type":"BUILTIN","md5":""}
min_by_state(TINYINT,BIGINT)	VARBINARY	Scalar	NULL	{"fid":"0","symbol":"","file":"","isolation":"isolated","type":"BUILTIN","md5":""}
min_by_state(TINYINT,BOOLEAN)	VARBINARY	Scalar	NULL	{"fid":"0","symbol":"","file":"","isolation":"isolated","type":"BUILTIN","md5":""}
min_by_state(TINYINT,DATE)	VARBINARY	Scalar	NULL	{"fid":"0","symbol":"","file":"","isolation":"isolated","type":"BUILTIN","md5":""}
min_by_state(TINYINT,DATETIME)	VARBINARY	Scalar	NULL	{"fid":"0","symbol":"","file":"","isolation":"isolated","type":"BUILTIN","md5":""}
min_by_state(TINYINT,DECIMAL128)	VARBINARY	Scalar	NULL	{"fid":"0","symbol":"","file":"","isolation":"isolated","type":"BUILTIN","md5":""}
min_by_state(TINYINT,DECIMAL256)	VARBINARY	Scalar	NULL	{"fid":"0","symbol":"","file":"","isolation":"isolated","type":"BUILTIN","md5":""}
min_by_state(TINYINT,DECIMAL32)	VARBINARY	Scalar	NULL	{"fid":"0","symbol":"","file":"","isolation":"isolated","type":"BUILTIN","md5":""}
min_by_state(TINYINT,DECIMAL64)	VARBINARY	Scalar	NULL	{"fid":"0","symbol":"","file":"","isolation":"isolated","type":"BUILTIN","md5":""}
min_by_state(TINYINT,DOUBLE)	VARBINARY	Scalar	NULL	{"fid":"0","symbol":"","file":"","isolation":"isolated","type":"BUILTIN","md5":""}
min_by_state(TINYINT,FLOAT)	VARBINARY	Scalar	NULL	{"fid":"0","symbol":"","file":"","isolation":"isolated","type":"BUILTIN","md5":""}
min_by_state(TINYINT,INT)	VARBINARY	Scalar	NULL	{"fid":"0","symbol":"","file":"","isolation":"isolated","type":"BUILTIN","md5":""}
min_by_state(TINYINT,LARGEINT)	VARBINARY	Scalar	NULL	{"fid":"0","symbol":"","file":"","isolation":"isolated","type":"BUILTIN","md5":""}
min_by_state(TINYINT,SMALLINT)	VARBINARY	Scalar	NULL	{"fid":"0","symbol":"","file":"","isolation":"isolated","type":"BUILTIN","md5":""}
min_by_state(TINYINT,TINYINT)	VARBINARY	Scalar	NULL	{"fid":"0","symbol":"","file":"","isolation":"isolated","type":"BUILTIN","md5":""}
min_by_state(TINYINT,VARCHAR)	VARBINARY	Scalar	NULL	{"fid":"0","symbol":"","file":"","isolation":"isolated","type":"BUILTIN","md5":""}
min_by_state(VARCHAR,BIGINT)	VARBINARY	Scalar	NULL	{"fid":"0","symbol":"","file":"","isolation":"isolated","type":"BUILTIN","md5":""}
min_by_state(VARCHAR,BOOLEAN)	VARBINARY	Scalar	NULL	{"fid":"0","symbol":"","file":"","isolation":"isolated","type":"BUILTIN","md5":""}
min_by_state(VARCHAR,DATE)	VARBINARY	Scalar	NULL	{"fid":"0","symbol":"","file":"","isolation":"isolated","type":"BUILTIN","md5":""}
min_by_state(VARCHAR,DATETIME)	VARBINARY	Scalar	NULL	{"fid":"0","symbol":"","file":"","isolation":"isolated","type":"BUILTIN","md5":""}
min_by_state(VARCHAR,DECIMAL128)	VARBINARY	Scalar	NULL	{"fid":"0","symbol":"","file":"","isolation":"isolated","type":"BUILTIN","md5":""}
min_by_state(VARCHAR,DECIMAL256)	VARBINARY	Scalar	NULL	{"fid":"0","symbol":"","file":"","isolation":"isolated","type":"BUILTIN","md5":""}
min_by_state(VARCHAR,DECIMAL32)	VARBINARY	Scalar	NULL	{"fid":"0","symbol":"","file":"","isolation":"isolated","type":"BUILTIN","md5":""}
min_by_state(VARCHAR,DECIMAL64)	VARBINARY	Scalar	NULL	{"fid":"0","symbol":"","file":"","isolation":"isolated","type":"BUILTIN","md5":""}
min_by_state(VARCHAR,DOUBLE)	VARBINARY	Scalar	NULL	{"fid":"0","symbol":"","file":"","isolation":"isolated","type":"BUILTIN","md5":""}
min_by_state(VARCHAR,FLOAT)	VARBINARY	Scalar	NULL	{"fid":"0","symbol":"","file":"","isolation":"isolated","type":"BUILTIN","md5":""}
min_by_state(VARCHAR,INT)	VARBINARY	Scalar	NULL	{"fid":"0","symbol":"","file":"","isolation":"isolated","type":"BUILTIN","md5":""}
min_by_state(VARCHAR,LARGEINT)	VARBINARY	Scalar	NULL	{"fid":"0","symbol":"","file":"","isolation":"isolated","type":"BUILTIN","md5":""}
min_by_state(VARCHAR,SMALLINT)	VARBINARY	Scalar	NULL	{"fid":"0","symbol":"","file":"","isolation":"isolated","type":"BUILTIN","md5":""}
min_by_state(VARCHAR,TINYINT)	VARBINARY	Scalar	NULL	{"fid":"0","symbol":"","file":"","isolation":"isolated","type":"BUILTIN","md5":""}
min_by_state(VARCHAR,VARCHAR)	VARBINARY	Scalar	NULL	{"fid":"0","symbol":"","file":"","isolation":"isolated","type":"BUILTIN","md5":""}
min_by_state(VARIANT,BIGINT)	VARBINARY	Scalar	NULL	{"fid":"0","symbol":"","file":"","isolation":"isolated","type":"BUILTIN","md5":""}
min_by_state(VARIANT,BOOLEAN)	VARBINARY	Scalar	NULL	{"fid":"0","symbol":"","file":"","isolation":"isolated","type":"BUILTIN","md5":""}
min_by_state(VARIANT,DATE)	VARBINARY	Scalar	NULL	{"fid":"0","symbol":"","file":"","isolation":"isolated","type":"BUILTIN","md5":""}
min_by_state(VARIANT,DATETIME)	VARBINARY	Scalar	NULL	{"fid":"0","symbol":"","file":"","isolation":"isolated","type":"BUILTIN","md5":""}
min_by_state(VARIANT,DECIMAL128)	VARBINARY	Scalar	NULL	{"fid":"0","symbol":"","file":"","isolation":"isolated","type":"BUILTIN","md5":""}
min_by_state(VARIANT,DECIMAL256)	VARBINARY	Scalar	NULL	{"fid":"0","symbol":"","file":"","isolation":"isolated","type":"BUILTIN","md5":""}
min_by_state(VARIANT,DECIMAL32)	VARBINARY	Scalar	NULL	{"fid":"0","symbol":"","file":"","isolation":"isolated","type":"BUILTIN","md5":""}
min_by_state(VARIANT,DECIMAL64)	VARBINARY	Scalar	NULL	{"fid":"0","symbol":"","file":"","isolation":"isolated","type":"BUILTIN","md5":""}
min_by_state(VARIANT,DOUBLE)	VARBINARY	Scalar	NULL	{"fid":"0","symbol":"","file":"","isolation":"isolated","type":"BUILTIN","md5":""}
min_by_state(VARIANT,FLOAT)	VARBINARY	Scalar	NULL	{"fid":"0","symbol":"","file":"","isolation":"isolated","type":"BUILTIN","md5":""}
min_by_state(VARIANT,INT)	VARBINARY	Scalar	NULL	{"fid":"0","symbol":"","file":"","isolation":"isolated","type":"BUILTIN","md5":""}
min_by_state(VARIANT,LARGEINT)	VARBINARY	Scalar	NULL	{"fid":"0","symbol":"","file":"","isolation":"isolated","type":"BUILTIN","md5":""}
min_by_state(VARIANT,SMALLINT)	VARBINARY	Scalar	NULL	{"fid":"0","symbol":"","file":"","isolation":"isolated","type":"BUILTIN","md5":""}
min_by_state(VARIANT,TINYINT)	VARBINARY	Scalar	NULL	{"fid":"0","symbol":"","file":"","isolation":"isolated","type":"BUILTIN","md5":""}
min_by_state(VARIANT,VARCHAR)	VARBINARY	Scalar	NULL	{"fid":"0","symbol":"","file":"","isolation":"isolated","type":"BUILTIN","md5":""}
min_by_state_merge(VARBINARY)	BOOLEAN	Scalar	NULL	{"fid":"0","symbol":"","file":"","isolation":"isolated","type":"BUILTIN","md5":""}
min_by_state_union(VARBINARY,VARBINARY)	VARBINARY	Scalar	NULL	{"fid":"0","symbol":"","file":"","isolation":"isolated","type":"BUILTIN","md5":""}
min_by_union(VARBINARY)	VARBINARY	Aggregate	NULL	{"fid":"0","symbol":"","file":"","isolation":"isolated","type":"BUILTIN","md5":""}
min_combine(BIGINT)	BIGINT	Aggregate	NULL	{"fid":"0","symbol":"","file":"","isolation":"isolated","type":"BUILTIN","md5":""}
min_combine(BOOLEAN)	BOOLEAN	Aggregate	NULL	{"fid":"0","symbol":"","file":"","isolation":"isolated","type":"BUILTIN","md5":""}
min_combine(DATE)	DATE	Aggregate	NULL	{"fid":"0","symbol":"","file":"","isolation":"isolated","type":"BUILTIN","md5":""}
min_combine(DATETIME)	DATETIME	Aggregate	NULL	{"fid":"0","symbol":"","file":"","isolation":"isolated","type":"BUILTIN","md5":""}
min_combine(DECIMAL128)	DECIMAL128	Aggregate	NULL	{"fid":"0","symbol":"","file":"","isolation":"isolated","type":"BUILTIN","md5":""}
min_combine(DECIMAL256)	DECIMAL256	Aggregate	NULL	{"fid":"0","symbol":"","file":"","isolation":"isolated","type":"BUILTIN","md5":""}
min_combine(DECIMAL32)	DECIMAL32	Aggregate	NULL	{"fid":"0","symbol":"","file":"","isolation":"isolated","type":"BUILTIN","md5":""}
min_combine(DECIMAL64)	DECIMAL64	Aggregate	NULL	{"fid":"0","symbol":"","file":"","isolation":"isolated","type":"BUILTIN","md5":""}
min_combine(DOUBLE)	DOUBLE	Aggregate	NULL	{"fid":"0","symbol":"","file":"","isolation":"isolated","type":"BUILTIN","md5":""}
min_combine(FLOAT)	FLOAT	Aggregate	NULL	{"fid":"0","symbol":"","file":"","isolation":"isolated","type":"BUILTIN","md5":""}
min_combine(INT)	INT	Aggregate	NULL	{"fid":"0","symbol":"","file":"","isolation":"isolated","type":"BUILTIN","md5":""}
min_combine(LARGEINT)	LARGEINT	Aggregate	NULL	{"fid":"0","symbol":"","file":"","isolation":"isolated","type":"BUILTIN","md5":""}
min_combine(SMALLINT)	SMALLINT	Aggregate	NULL	{"fid":"0","symbol":"","file":"","isolation":"isolated","type":"BUILTIN","md5":""}
min_combine(TINYINT)	TINYINT	Aggregate	NULL	{"fid":"0","symbol":"","file":"","isolation":"isolated","type":"BUILTIN","md5":""}
min_combine(VARCHAR)	VARCHAR	Aggregate	NULL	{"fid":"0","symbol":"","file":"","isolation":"isolated","type":"BUILTIN","md5":""}
min_if(BIGINT,BOOLEAN)	BIGINT	Aggregate	NULL	{"fid":"0","symbol":"","file":"","isolation":"isolated","type":"BUILTIN","md5":""}
min_if(BOOLEAN,BOOLEAN)	BOOLEAN	Aggregate	NULL	{"fid":"0","symbol":"","file":"","isolation":"isolated","type":"BUILTIN","md5":""}
min_if(DATE,BOOLEAN)	DATE	Aggregate	NULL	{"fid":"0","symbol":"","file":"","isolation":"isolated","type":"BUILTIN","md5":""}
min_if(DATETIME,BOOLEAN)	DATETIME	Aggregate	NULL	{"fid":"0","symbol":"","file":"","isolation":"isolated","type":"BUILTIN","md5":""}
min_if(DECIMAL128,BOOLEAN)	DECIMAL128	Aggregate	NULL	{"fid":"0","symbol":"","file":"","isolation":"isolated","type":"BUILTIN","md5":""}
min_if(DECIMAL256,BOOLEAN)	DECIMAL256	Aggregate	NULL	{"fid":"0","symbol":"","file":"","isolation":"isolated","type":"BUILTIN","md5":""}
min_if(DECIMAL32,BOOLEAN)	DECIMAL32	Aggregate	NULL	{"fid":"0","symbol":"","file":"","isolation":"isolated","type":"BUILTIN","md5":""}
min_if(DECIMAL64,BOOLEAN)	DECIMAL64	Aggregate	NULL	{"fid":"0","symbol":"","file":"","isolation":"isolated","type":"BUILTIN","md5":""}
min_if(DOUBLE,BOOLEAN)	DOUBLE	Aggregate	NULL	{"fid":"0","symbol":"","file":"","isolation":"isolated","type":"BUILTIN","md5":""}
min_if(FLOAT,BOOLEAN)	FLOAT	Aggregate	NULL	{"fid":"0","symbol":"","file":"","isolation":"isolated","type":"BUILTIN","md5":""}
min_if(INT,BOOLEAN)	INT	Aggregate	NULL	{"fid":"0","symbol":"","file":"","isolation":"isolated","type":"BUILTIN","md5":""}
min_if(LARGEINT,BOOLEAN)	LARGEINT	Aggregate	NULL	{"fid":"0","symbol":"","file":"","isolation":"isolated","type":"BUILTIN","md5":""}
min_if(SMALLINT,BOOLEAN)	SMALLINT	Aggregate	NULL	{"fid":"0","symbol":"","file":"","isolation":"isolated","type":"BUILTIN","md5":""}
min_if(TINYINT,BOOLEAN)	TINYINT	Aggregate	NULL	{"fid":"0","symbol":"","file":"","isolation":"isolated","type":"BUILTIN","md5":""}
min_if(VARCHAR,BOOLEAN)	VARCHAR	Aggregate	NULL	{"fid":"0","symbol":"","file":"","isolation":"isolated","type":"BUILTIN","md5":""}
min_merge(BIGINT)	BIGINT	Aggregate	NULL	{"fid":"0","symbol":"","file":"","isolation":"isolated","type":"BUILTIN","md5":""}
min_merge(BOOLEAN)	BOOLEAN	Aggregate	NULL	{"fid":"0","symbol":"","file":"","isolation":"isolated","type":"BUILTIN","md5":""}
min_merge(DATE)	DATE	Aggregate	NULL	{"fid":"0","symbol":"","file":"","isolation":"isolated","type":"BUILTIN","md5":""}
min_merge(DATETIME)	DATETIME	Aggregate	NULL	{"fid":"0","symbol":"","file":"","isolation":"isolated","type":"BUILTIN","md5":""}
min_merge(DECIMAL128)	DECIMAL128	Aggregate	NULL	{"fid":"0","symbol":"","file":"","isolation":"isolated","type":"BUILTIN","md5":""}
min_merge(DECIMAL256)	DECIMAL256	Aggregate	NULL	{"fid":"0","symbol":"","file":"","isolation":"isolated","type":"BUILTIN","md5":""}
min_merge(DECIMAL32)	DECIMAL32	Aggregate	NULL	{"fid":"0","symbol":"","file":"","isolation":"isolated","type":"BUILTIN","md5":""}
min_merge(DECIMAL64)	DECIMAL64	Aggregate	NULL	{"fid":"0","symbol":"","file":"","isolation":"isolated","type":"BUILTIN","md5":""}
min_merge(DOUBLE)	DOUBLE	Aggregate	NULL	{"fid":"0","symbol":"","file":"","isolation":"isolated","type":"BUILTIN","md5":""}
min_merge(FLOAT)	FLOAT	Aggregate	NULL	{"fid":"0","symbol":"","file":"","isolation":"isolated","type":"BUILTIN","md5":""}
min_merge(INT)	INT	Aggregate	NULL	{"fid":"0","symbol":"","file":"","isolation":"isolated","type":"BUILTIN","md5":""}
min_merge(LARGEINT)	LARGEINT	Aggregate	NULL	{"fid":"0","symbol":"","file":"","isolation":"isolated","type":"BUILTIN","md5":""}
min_merge(SMALLINT)	SMALLINT	Aggregate	NULL	{"fid":"0","symbol":"","file":"","isolation":"isolated","type":"BUILTIN","md5":""}
min_merge(TINYINT)	TINYINT	Aggregate	NULL	{"fid":"0","symbol":"","file":"","isolation":"isolated","type":"BUILTIN","md5":""}
min_merge(VARCHAR)	VARCHAR	Aggregate	NULL	{"fid":"0","symbol":"","file":"","isolation":"isolated","type":"BUILTIN","md5":""}
min_state(BIGINT)	BIGINT	Scalar	NULL	{"fid":"0","symbol":"","file":"","isolation":"isolated","type":"BUILTIN","md5":""}
min_state(BOOLEAN)	BOOLEAN	Scalar	NULL	{"fid":"0","symbol":"","file":"","isolation":"isolated","type":"BUILTIN","md5":""}
min_state(DATE)	DATE	Scalar	NULL	{"fid":"0","symbol":"","file":"","isolation":"isolated","type":"BUILTIN","md5":""}
min_state(DATETIME)	DATETIME	Scalar	NULL	{"fid":"0","symbol":"","file":"","isolation":"isolated","type":"BUILTIN","md5":""}
min_state(DECIMAL128)	DECIMAL128	Scalar	NULL	{"fid":"0","symbol":"","file":"","isolation":"isolated","type":"BUILTIN","md5":""}
min_state(DECIMAL256)	DECIMAL256	Scalar	NULL	{"fid":"0","symbol":"","file":"","isolation":"isolated","type":"BUILTIN","md5":""}
min_state(DECIMAL32)	DECIMAL32	Scalar	NULL	{"fid":"0","symbol":"","file":"","isolation":"isolated","type":"BUILTIN","md5":""}
min_state(DECIMAL64)	DECIMAL64	Scalar	NULL	{"fid":"0","symbol":"","file":"","isolation":"isolated","type":"BUILTIN","md5":""}
min_state(DOUBLE)	DOUBLE	Scalar	NULL	{"fid":"0","symbol":"","file":"","isolation":"isolated","type":"BUILTIN","md5":""}
min_state(FLOAT)	FLOAT	Scalar	NULL	{"fid":"0","symbol":"","file":"","isolation":"isolated","type":"BUILTIN","md5":""}
min_state(INT)	INT	Scalar	NULL	{"fid":"0","symbol":"","file":"","isolation":"isolated","type":"BUILTIN","md5":""}
min_state(LARGEINT)	LARGEINT	Scalar	NULL	{"fid":"0","symbol":"","file":"","isolation":"isolated","type":"BUILTIN","md5":""}
min_state(SMALLINT)	SMALLINT	Scalar	NULL	{"fid":"0","symbol":"","file":"","isolation":"isolated","type":"BUILTIN","md5":""}
min_state(TINYINT)	TINYINT	Scalar	NULL	{"fid":"0","symbol":"","file":"","isolation":"isolated","type":"BUILTIN","md5":""}
min_state(VARCHAR)	VARCHAR	Scalar	NULL	{"fid":"0","symbol":"","file":"","isolation":"isolated","type":"BUILTIN","md5":""}
min_state_merge(BIGINT)	BIGINT	Scalar	NULL	{"fid":"0","symbol":"","file":"","isolation":"isolated","type":"BUILTIN","md5":""}
min_state_merge(BOOLEAN)	BOOLEAN	Scalar	NULL	{"fid":"0","symbol":"","file":"","isolation":"isolated","type":"BUILTIN","md5":""}
min_state_merge(DATE)	DATE	Scalar	NULL	{"fid":"0","symbol":"","file":"","isolation":"isolated","type":"BUILTIN","md5":""}
min_state_merge(DATETIME)	DATETIME	Scalar	NULL	{"fid":"0","symbol":"","file":"","isolation":"isolated","type":"BUILTIN","md5":""}
min_state_merge(DECIMAL128)	DECIMAL128	Scalar	NULL	{"fid":"0","symbol":"","file":"","isolation":"isolated","type":"BUILTIN","md5":""}
min_state_merge(DECIMAL256)	DECIMAL256	Scalar	NULL	{"fid":"0","symbol":"","file":"","isolation":"isolated","type":"BUILTIN","md5":""}
min_state_merge(DECIMAL32)	DECIMAL32	Scalar	NULL	{"fid":"0","symbol":"","file":"","isolation":"isolated","type":"BUILTIN","md5":""}
min_state_merge(DECIMAL64)	DECIMAL64	Scalar	NULL	{"fid":"0","symbol":"","file":"","isolation":"isolated","type":"BUILTIN","md5":""}
min_state_merge(DOUBLE)	DOUBLE	Scalar	NULL	{"fid":"0","symbol":"","file":"","isolation":"isolated","type":"BUILTIN","md5":""}
min_state_merge(FLOAT)	FLOAT	Scalar	NULL	{"fid":"0","symbol":"","file":"","isolation":"isolated","type":"BUILTIN","md5":""}
min_state_merge(INT)	INT	Scalar	NULL	{"fid":"0","symbol":"","file":"","isolation":"isolated","type":"BUILTIN","md5":""}
min_state_merge(LARGEINT)	LARGEINT	Scalar	NULL	{"fid":"0","symbol":"","file":"","isolation":"isolated","type":"BUILTIN","md5":""}
min_state_merge(SMALLINT)	SMALLINT	Scalar	NULL	{"fid":"0","symbol":"","file":"","isolation":"isolated","type":"BUILTIN","md5":""}
min_state_merge(TINYINT)	TINYINT	Scalar	NULL	{"fid":"0","symbol":"","file":"","isolation":"isolated","type":"BUILTIN","md5":""}
min_state_merge(VARCHAR)	VARCHAR	Scalar	NULL	{"fid":"0","symbol":"","file":"","isolation":"isolated","type":"BUILTIN","md5":""}
min_state_union(BIGINT,BIGINT)	BIGINT	Scalar	NULL	{"fid":"0","symbol":"","file":"","isolation":"isolated","type":"BUILTIN","md5":""}
min_state_union(BOOLEAN,BOOLEAN)	BOOLEAN	Scalar	NULL	{"fid":"0","symbol":"","file":"","isolation":"isolated","type":"BUILTIN","md5":""}
min_state_union(DATE,DATE)	DATE	Scalar	NULL	{"fid":"0","symbol":"","file":"","isolation":"isolated","type":"BUILTIN","md5":""}
min_state_union(DATETIME,DATETIME)	DATETIME	Scalar	NULL	{"fid":"0","symbol":"","file":"","isolation":"isolated","type":"BUILTIN","md5":""}
min_state_union(DECIMAL128,DECIMAL128)	DECIMAL128	Scalar	NULL	{"fid":"0","symbol":"","file":"","isolation":"isolated","type":"BUILTIN","md5":""}
min_state_union(DECIMAL256,DECIMAL256)	DECIMAL256	Scalar	NULL	{"fid":"0","symbol":"","file":"","isolation":"isolated","type":"BUILTIN","md5":""}
min_state_union(DECIMAL32,DECIMAL32)	DECIMAL32	Scalar	NULL	{"fid":"0","symbol":"","file":"","isolation":"isolated","type":"BUILTIN","md5":""}
min_state_union(DECIMAL64,DECIMAL64)	DECIMAL64	Scalar	NULL	{"fid":"0","symbol":"","file":"","isolation":"isolated","type":"BUILTIN","md5":""}
min_state_union(DOUBLE,DOUBLE)	DOUBLE	Scalar	NULL	{"fid":"0","symbol":"","file":"","isolation":"isolated","type":"BUILTIN","md5":""}
min_state_union(FLOAT,FLOAT)	FLOAT	Scalar	NULL	{"fid":"0","symbol":"","file":"","isolation":"isolated","type":"BUILTIN","md5":""}
min_state_union(INT,INT)	INT	Scalar	NULL	{"fid":"0","symbol":"","file":"","isolation":"isolated","type":"BUILTIN","md5":""}
min_state_union(LARGEINT,LARGEINT)	LARGEINT	Scalar	NULL	{"fid":"0","symbol":"","file":"","isolation":"isolated","type":"BUILTIN","md5":""}
min_state_union(SMALLINT,SMALLINT)	SMALLINT	Scalar	NULL	{"fid":"0","symbol":"","file":"","isolation":"isolated","type":"BUILTIN","md5":""}
min_state_union(TINYINT,TINYINT)	TINYINT	Scalar	NULL	{"fid":"0","symbol":"","file":"","isolation":"isolated","type":"BUILTIN","md5":""}
min_state_union(VARCHAR,VARCHAR)	VARCHAR	Scalar	NULL	{"fid":"0","symbol":"","file":"","isolation":"isolated","type":"BUILTIN","md5":""}
min_union(BIGINT)	BIGINT	Aggregate	NULL	{"fid":"0","symbol":"","file":"","isolation":"isolated","type":"BUILTIN","md5":""}
min_union(BOOLEAN)	BOOLEAN	Aggregate	NULL	{"fid":"0","symbol":"","file":"","isolation":"isolated","type":"BUILTIN","md5":""}
min_union(DATE)	DATE	Aggregate	NULL	{"fid":"0","symbol":"","file":"","isolation":"isolated","type":"BUILTIN","md5":""}
min_union(DATETIME)	DATETIME	Aggregate	NULL	{"fid":"0","symbol":"","file":"","isolation":"isolated","type":"BUILTIN","md5":""}
min_union(DECIMAL128)	DECIMAL128	Aggregate	NULL	{"fid":"0","symbol":"","file":"","isolation":"isolated","type":"BUILTIN","md5":""}
min_union(DECIMAL256)	DECIMAL256	Aggregate	NULL	{"fid":"0","symbol":"","file":"","isolation":"isolated","type":"BUILTIN","md5":""}
min_union(DECIMAL32)	DECIMAL32	Aggregate	NULL	{"fid":"0","symbol":"","file":"","isolation":"isolated","type":"BUILTIN","md5":""}
min_union(DECIMAL64)	DECIMAL64	Aggregate	NULL	{"fid":"0","symbol":"","file":"","isolation":"isolated","type":"BUILTIN","md5":""}
min_union(DOUBLE)	DOUBLE	Aggregate	NULL	{"fid":"0","symbol":"","file":"","isolation":"isolated","type":"BUILTIN","md5":""}
min_union(FLOAT)	FLOAT	Aggregate	NULL	{"fid":"0","symbol":"","file":"","isolation":"isolated","type":"BUILTIN","md5":""}
min_union(INT)	INT	Aggregate	NULL	{"fid":"0","symbol":"","file":"","isolation":"isolated","type":"BUILTIN","md5":""}
min_union(LARGEINT)	LARGEINT	Aggregate	NULL	{"fid":"0","symbol":"","file":"","isolation":"isolated","type":"BUILTIN","md5":""}
min_union(SMALLINT)	SMALLINT	Aggregate	NULL	{"fid":"0","symbol":"","file":"","isolation":"isolated","type":"BUILTIN","md5":""}
min_union(TINYINT)	TINYINT	Aggregate	NULL	{"fid":"0","symbol":"","file":"","isolation":"isolated","type":"BUILTIN","md5":""}
min_union(VARCHAR)	VARCHAR	Aggregate	NULL	{"fid":"0","symbol":"","file":"","isolation":"isolated","type":"BUILTIN","md5":""}
minute(DATETIME)	TINYINT	Scalar	NULL	{"fid":"50079","symbol":"","file":"","isolation":"isolated","type":"BUILTIN","md5":""}
minutes_add(DATETIME,INT)	DATETIME	Scalar	NULL	{"fid":"50160","symbol":"","file":"","isolation":"isolated","type":"BUILTIN","md5":""}
minutes_diff(DATETIME,DATETIME)	BIGINT	Scalar	NULL	{"fid":"50195","symbol":"","file":"","isolation":"isolated","type":"BUILTIN","md5":""}
minutes_sub(DATETIME,INT)	DATETIME	Scalar	NULL	{"fid":"50161","symbol":"","file":"","isolation":"isolated","type":"BUILTIN","md5":""}
mod(BIGINT,BIGINT)	BIGINT	Scalar	NULL	{"fid":"10253","symbol":"","file":"","isolation":"isolated","type":"BUILTIN","md5":""}
mod(DECIMAL128,DECIMAL128)	DECIMAL128	Scalar	NULL	{"fid":"102572","symbol":"","file":"","isolation":"isolated","type":"BUILTIN","md5":""}
mod(DECIMAL256,DECIMAL256)	DECIMAL256	Scalar	NULL	{"fid":"102573","symbol":"","file":"","isolation":"isolated","type":"BUILTIN","md5":""}
mod(DECIMAL32,DECIMAL32)	DECIMAL32	Scalar	NULL	{"fid":"102570","symbol":"","file":"","isolation":"isolated","type":"BUILTIN","md5":""}
mod(DECIMAL64,DECIMAL64)	DECIMAL64	Scalar	NULL	{"fid":"102571","symbol":"","file":"","isolation":"isolated","type":"BUILTIN","md5":""}
mod(DECIMALV2,DECIMALV2)	DECIMALV2	Scalar	NULL	{"fid":"10257","symbol":"","file":"","isolation":"isolated","type":"BUILTIN","md5":""}
mod(DOUBLE,DOUBLE)	DOUBLE	Scalar	NULL	{"fid":"10256","symbol":"","file":"","isolation":"isolated","type":"BUILTIN","md5":""}
mod(FLOAT,FLOAT)	FLOAT	Scalar	NULL	{"fid":"10255","symbol":"","file":"","isolation":"isolated","type":"BUILTIN","md5":""}
mod(INT,INT)	INT	Scalar	NULL	{"fid":"10252","symbol":"","file":"","isolation":"isolated","type":"BUILTIN","md5":""}
mod(LARGEINT,LARGEINT)	LARGEINT	Scalar	NULL	{"fid":"10254","symbol":"","file":"","isolation":"isolated","type":"BUILTIN","md5":""}
mod(SMALLINT,SMALLINT)	SMALLINT	Scalar	NULL	{"fid":"10251","symbol":"","file":"","isolation":"isolated","type":"BUILTIN","md5":""}
mod(TINYINT,TINYINT)	TINYINT	Scalar	NULL	{"fid":"10250","symbol":"","file":"","isolation":"isolated","type":"BUILTIN","md5":""}
money_format(BIGINT)	VARCHAR	Scalar	NULL	{"fid":"30400","symbol":"","file":"","isolation":"isolated","type":"BUILTIN","md5":""}
money_format(DECIMAL128)	VARCHAR	Scalar	NULL	{"fid":"304022","symbol":"","file":"","isolation":"isolated","type":"BUILTIN","md5":""}
money_format(DECIMAL32)	VARCHAR	Scalar	NULL	{"fid":"304020","symbol":"","file":"","isolation":"isolated","type":"BUILTIN","md5":""}
money_format(DECIMAL64)	VARCHAR	Scalar	NULL	{"fid":"304021","symbol":"","file":"","isolation":"isolated","type":"BUILTIN","md5":""}
money_format(DECIMALV2)	VARCHAR	Scalar	NULL	{"fid":"30402","symbol":"","file":"","isolation":"isolated","type":"BUILTIN","md5":""}
money_format(DOUBLE)	VARCHAR	Scalar	NULL	{"fid":"30403","symbol":"","file":"","isolation":"isolated","type":"BUILTIN","md5":""}
money_format(LARGEINT)	VARCHAR	Scalar	NULL	{"fid":"30401","symbol":"","file":"","isolation":"isolated","type":"BUILTIN","md5":""}
month(DATE)	TINYINT	Scalar	NULL	{"fid":"50018","symbol":"","file":"","isolation":"isolated","type":"BUILTIN","md5":""}
month(DATETIME)	TINYINT	Scalar	NULL	{"fid":"50019","symbol":"","file":"","isolation":"isolated","type":"BUILTIN","md5":""}
monthname(DATETIME)	VARCHAR	Scalar	NULL	{"fid":"50311","symbol":"","file":"","isolation":"isolated","type":"BUILTIN","md5":""}
months_add(DATETIME,INT)	DATETIME	Scalar	NULL	{"fid":"50120","symbol":"","file":"","isolation":"isolated","type":"BUILTIN","md5":""}
months_diff(DATETIME,DATETIME)	BIGINT	Scalar	NULL	{"fid":"50191","symbol":"","file":"","isolation":"isolated","type":"BUILTIN","md5":""}
months_sub(DATETIME,INT)	DATETIME	Scalar	NULL	{"fid":"50121","symbol":"","file":"","isolation":"isolated","type":"BUILTIN","md5":""}
multi_distinct_count(BIGINT)	BIGINT	Aggregate	VARBINARY	{"fid":"0","symbol":"","file":"","isolation":"isolated","type":"BUILTIN","md5":""}
multi_distinct_count(BOOLEAN)	BIGINT	Aggregate	VARBINARY	{"fid":"0","symbol":"","file":"","isolation":"isolated","type":"BUILTIN","md5":""}
multi_distinct_count(CHAR)	BIGINT	Aggregate	VARBINARY	{"fid":"0","symbol":"","file":"","isolation":"isolated","type":"BUILTIN","md5":""}
multi_distinct_count(DATE)	BIGINT	Aggregate	VARBINARY	{"fid":"0","symbol":"","file":"","isolation":"isolated","type":"BUILTIN","md5":""}
multi_distinct_count(DATETIME)	BIGINT	Aggregate	VARBINARY	{"fid":"0","symbol":"","file":"","isolation":"isolated","type":"BUILTIN","md5":""}
multi_distinct_count(DECIMAL128)	BIGINT	Aggregate	VARBINARY	{"fid":"0","symbol":"","file":"","isolation":"isolated","type":"BUILTIN","md5":""}
multi_distinct_count(DECIMAL256)	BIGINT	Aggregate	VARBINARY	{"fid":"0","symbol":"","file":"","isolation":"isolated","type":"BUILTIN","md5":""}
multi_distinct_count(DECIMAL32)	BIGINT	Aggregate	VARBINARY	{"fid":"0","symbol":"","file":"","isolation":"isolated","type":"BUILTIN","md5":""}
multi_distinct_count(DECIMAL64)	BIGINT	Aggregate	VARBINARY	{"fid":"0","symbol":"","file":"","isolation":"isolated","type":"BUILTIN","md5":""}
multi_distinct_count(DECIMALV2)	BIGINT	Aggregate	VARBINARY	{"fid":"0","symbol":"","file":"","isolation":"isolated","type":"BUILTIN","md5":""}
multi_distinct_count(DOUBLE)	BIGINT	Aggregate	VARBINARY	{"fid":"0","symbol":"","file":"","isolation":"isolated","type":"BUILTIN","md5":""}
multi_distinct_count(FLOAT)	BIGINT	Aggregate	VARBINARY	{"fid":"0","symbol":"","file":"","isolation":"isolated","type":"BUILTIN","md5":""}
multi_distinct_count(INT)	BIGINT	Aggregate	VARBINARY	{"fid":"0","symbol":"","file":"","isolation":"isolated","type":"BUILTIN","md5":""}
multi_distinct_count(LARGEINT)	BIGINT	Aggregate	VARBINARY	{"fid":"0","symbol":"","file":"","isolation":"isolated","type":"BUILTIN","md5":""}
multi_distinct_count(SMALLINT)	BIGINT	Aggregate	VARBINARY	{"fid":"0","symbol":"","file":"","isolation":"isolated","type":"BUILTIN","md5":""}
multi_distinct_count(TINYINT)	BIGINT	Aggregate	VARBINARY	{"fid":"0","symbol":"","file":"","isolation":"isolated","type":"BUILTIN","md5":""}
multi_distinct_count(VARBINARY)	BIGINT	Aggregate	VARBINARY	{"fid":"0","symbol":"","file":"","isolation":"isolated","type":"BUILTIN","md5":""}
multi_distinct_count_combine(BIGINT)	VARBINARY	Aggregate	NULL	{"fid":"0","symbol":"","file":"","isolation":"isolated","type":"BUILTIN","md5":""}
multi_distinct_count_combine(BOOLEAN)	VARBINARY	Aggregate	NULL	{"fid":"0","symbol":"","file":"","isolation":"isolated","type":"BUILTIN","md5":""}
multi_distinct_count_combine(CHAR)	VARBINARY	Aggregate	NULL	{"fid":"0","symbol":"","file":"","isolation":"isolated","type":"BUILTIN","md5":""}
multi_distinct_count_combine(DATE)	VARBINARY	Aggregate	NULL	{"fid":"0","symbol":"","file":"","isolation":"isolated","type":"BUILTIN","md5":""}
multi_distinct_count_combine(DATETIME)	VARBINARY	Aggregate	NULL	{"fid":"0","symbol":"","file":"","isolation":"isolated","type":"BUILTIN","md5":""}
multi_distinct_count_combine(DECIMAL128)	VARBINARY	Aggregate	NULL	{"fid":"0","symbol":"","file":"","isolation":"isolated","type":"BUILTIN","md5":""}
multi_distinct_count_combine(DECIMAL256)	VARBINARY	Aggregate	NULL	{"fid":"0","symbol":"","file":"","isolation":"isolated","type":"BUILTIN","md5":""}
multi_distinct_count_combine(DECIMAL32)	VARBINARY	Aggregate	NULL	{"fid":"0","symbol":"","file":"","isolation":"isolated","type":"BUILTIN","md5":""}
multi_distinct_count_combine(DECIMAL64)	VARBINARY	Aggregate	NULL	{"fid":"0","symbol":"","file":"","isolation":"isolated","type":"BUILTIN","md5":""}
multi_distinct_count_combine(DOUBLE)	VARBINARY	Aggregate	NULL	{"fid":"0","symbol":"","file":"","isolation":"isolated","type":"BUILTIN","md5":""}
multi_distinct_count_combine(FLOAT)	VARBINARY	Aggregate	NULL	{"fid":"0","symbol":"","file":"","isolation":"isolated","type":"BUILTIN","md5":""}
multi_distinct_count_combine(INT)	VARBINARY	Aggregate	NULL	{"fid":"0","symbol":"","file":"","isolation":"isolated","type":"BUILTIN","md5":""}
multi_distinct_count_combine(LARGEINT)	VARBINARY	Aggregate	NULL	{"fid":"0","symbol":"","file":"","isolation":"isolated","type":"BUILTIN","md5":""}
multi_distinct_count_combine(SMALLINT)	VARBINARY	Aggregate	NULL	{"fid":"0","symbol":"","file":"","isolation":"isolated","type":"BUILTIN","md5":""}
multi_distinct_count_combine(TINYINT)	VARBINARY	Aggregate	NULL	{"fid":"0","symbol":"","file":"","isolation":"isolated","type":"BUILTIN","md5":""}
multi_distinct_count_combine(VARBINARY)	VARBINARY	Aggregate	NULL	{"fid":"0","symbol":"","file":"","isolation":"isolated","type":"BUILTIN","md5":""}
multi_distinct_count_if(BIGINT,BOOLEAN)	BIGINT	Aggregate	VARBINARY	{"fid":"0","symbol":"","file":"","isolation":"isolated","type":"BUILTIN","md5":""}
multi_distinct_count_if(BOOLEAN,BOOLEAN)	BIGINT	Aggregate	VARBINARY	{"fid":"0","symbol":"","file":"","isolation":"isolated","type":"BUILTIN","md5":""}
multi_distinct_count_if(CHAR,BOOLEAN)	BIGINT	Aggregate	VARBINARY	{"fid":"0","symbol":"","file":"","isolation":"isolated","type":"BUILTIN","md5":""}
multi_distinct_count_if(DATE,BOOLEAN)	BIGINT	Aggregate	VARBINARY	{"fid":"0","symbol":"","file":"","isolation":"isolated","type":"BUILTIN","md5":""}
multi_distinct_count_if(DATETIME,BOOLEAN)	BIGINT	Aggregate	VARBINARY	{"fid":"0","symbol":"","file":"","isolation":"isolated","type":"BUILTIN","md5":""}
multi_distinct_count_if(DECIMAL128,BOOLEAN)	BIGINT	Aggregate	VARBINARY	{"fid":"0","symbol":"","file":"","isolation":"isolated","type":"BUILTIN","md5":""}
multi_distinct_count_if(DECIMAL256,BOOLEAN)	BIGINT	Aggregate	VARBINARY	{"fid":"0","symbol":"","file":"","isolation":"isolated","type":"BUILTIN","md5":""}
multi_distinct_count_if(DECIMAL32,BOOLEAN)	BIGINT	Aggregate	VARBINARY	{"fid":"0","symbol":"","file":"","isolation":"isolated","type":"BUILTIN","md5":""}
multi_distinct_count_if(DECIMAL64,BOOLEAN)	BIGINT	Aggregate	VARBINARY	{"fid":"0","symbol":"","file":"","isolation":"isolated","type":"BUILTIN","md5":""}
multi_distinct_count_if(DOUBLE,BOOLEAN)	BIGINT	Aggregate	VARBINARY	{"fid":"0","symbol":"","file":"","isolation":"isolated","type":"BUILTIN","md5":""}
multi_distinct_count_if(FLOAT,BOOLEAN)	BIGINT	Aggregate	VARBINARY	{"fid":"0","symbol":"","file":"","isolation":"isolated","type":"BUILTIN","md5":""}
multi_distinct_count_if(INT,BOOLEAN)	BIGINT	Aggregate	VARBINARY	{"fid":"0","symbol":"","file":"","isolation":"isolated","type":"BUILTIN","md5":""}
multi_distinct_count_if(LARGEINT,BOOLEAN)	BIGINT	Aggregate	VARBINARY	{"fid":"0","symbol":"","file":"","isolation":"isolated","type":"BUILTIN","md5":""}
multi_distinct_count_if(SMALLINT,BOOLEAN)	BIGINT	Aggregate	VARBINARY	{"fid":"0","symbol":"","file":"","isolation":"isolated","type":"BUILTIN","md5":""}
multi_distinct_count_if(TINYINT,BOOLEAN)	BIGINT	Aggregate	VARBINARY	{"fid":"0","symbol":"","file":"","isolation":"isolated","type":"BUILTIN","md5":""}
multi_distinct_count_if(VARBINARY,BOOLEAN)	BIGINT	Aggregate	VARBINARY	{"fid":"0","symbol":"","file":"","isolation":"isolated","type":"BUILTIN","md5":""}
multi_distinct_count_merge(VARBINARY)	BIGINT	Aggregate	VARBINARY	{"fid":"0","symbol":"","file":"","isolation":"isolated","type":"BUILTIN","md5":""}
multi_distinct_count_state(BIGINT)	VARBINARY	Scalar	NULL	{"fid":"0","symbol":"","file":"","isolation":"isolated","type":"BUILTIN","md5":""}
multi_distinct_count_state(BOOLEAN)	VARBINARY	Scalar	NULL	{"fid":"0","symbol":"","file":"","isolation":"isolated","type":"BUILTIN","md5":""}
multi_distinct_count_state(CHAR)	VARBINARY	Scalar	NULL	{"fid":"0","symbol":"","file":"","isolation":"isolated","type":"BUILTIN","md5":""}
multi_distinct_count_state(DATE)	VARBINARY	Scalar	NULL	{"fid":"0","symbol":"","file":"","isolation":"isolated","type":"BUILTIN","md5":""}
multi_distinct_count_state(DATETIME)	VARBINARY	Scalar	NULL	{"fid":"0","symbol":"","file":"","isolation":"isolated","type":"BUILTIN","md5":""}
multi_distinct_count_state(DECIMAL128)	VARBINARY	Scalar	NULL	{"fid":"0","symbol":"","file":"","isolation":"isolated","type":"BUILTIN","md5":""}
multi_distinct_count_state(DECIMAL256)	VARBINARY	Scalar	NULL	{"fid":"0","symbol":"","file":"","isolation":"isolated","type":"BUILTIN","md5":""}
multi_distinct_count_state(DECIMAL32)	VARBINARY	Scalar	NULL	{"fid":"0","symbol":"","file":"","isolation":"isolated","type":"BUILTIN","md5":""}
multi_distinct_count_state(DECIMAL64)	VARBINARY	Scalar	NULL	{"fid":"0","symbol":"","file":"","isolation":"isolated","type":"BUILTIN","md5":""}
multi_distinct_count_state(DOUBLE)	VARBINARY	Scalar	NULL	{"fid":"0","symbol":"","file":"","isolation":"isolated","type":"BUILTIN","md5":""}
multi_distinct_count_state(FLOAT)	VARBINARY	Scalar	NULL	{"fid":"0","symbol":"","file":"","isolation":"isolated","type":"BUILTIN","md5":""}
multi_distinct_count_state(INT)	VARBINARY	Scalar	NULL	{"fid":"0","symbol":"","file":"","isolation":"isolated","type":"BUILTIN","md5":""}
multi_distinct_count_state(LARGEINT)	VARBINARY	Scalar	NULL	{"fid":"0","symbol":"","file":"","isolation":"isolated","type":"BUILTIN","md5":""}
multi_distinct_count_state(SMALLINT)	VARBINARY	Scalar	NULL	{"fid":"0","symbol":"","file":"","isolation":"isolated","type":"BUILTIN","md5":""}
multi_distinct_count_state(TINYINT)	VARBINARY	Scalar	NULL	{"fid":"0","symbol":"","file":"","isolation":"isolated","type":"BUILTIN","md5":""}
multi_distinct_count_state(VARBINARY)	VARBINARY	Scalar	NULL	{"fid":"0","symbol":"","file":"","isolation":"isolated","type":"BUILTIN","md5":""}
multi_distinct_count_state_merge(VARBINARY)	BIGINT	Scalar	NULL	{"fid":"0","symbol":"","file":"","isolation":"isolated","type":"BUILTIN","md5":""}
multi_distinct_count_state_union(VARBINARY,VARBINARY)	VARBINARY	Scalar	NULL	{"fid":"0","symbol":"","file":"","isolation":"isolated","type":"BUILTIN","md5":""}
multi_distinct_count_union(VARBINARY)	VARBINARY	Aggregate	NULL	{"fid":"0","symbol":"","file":"","isolation":"isolated","type":"BUILTIN","md5":""}
multi_distinct_sum(BIGINT)	BIGINT	Aggregate	VARBINARY	{"fid":"0","symbol":"","file":"","isolation":"isolated","type":"BUILTIN","md5":""}
multi_distinct_sum(BOOLEAN)	BIGINT	Aggregate	VARBINARY	{"fid":"0","symbol":"","file":"","isolation":"isolated","type":"BUILTIN","md5":""}
multi_distinct_sum(DECIMAL128)	DECIMAL128	Aggregate	VARBINARY	{"fid":"0","symbol":"","file":"","isolation":"isolated","type":"BUILTIN","md5":""}
multi_distinct_sum(DECIMAL256)	DECIMAL256	Aggregate	VARBINARY	{"fid":"0","symbol":"","file":"","isolation":"isolated","type":"BUILTIN","md5":""}
multi_distinct_sum(DECIMAL32)	DECIMAL128	Aggregate	VARBINARY	{"fid":"0","symbol":"","file":"","isolation":"isolated","type":"BUILTIN","md5":""}
multi_distinct_sum(DECIMAL64)	DECIMAL128	Aggregate	VARBINARY	{"fid":"0","symbol":"","file":"","isolation":"isolated","type":"BUILTIN","md5":""}
multi_distinct_sum(DECIMALV2)	DECIMALV2	Aggregate	VARBINARY	{"fid":"0","symbol":"","file":"","isolation":"isolated","type":"BUILTIN","md5":""}
multi_distinct_sum(DOUBLE)	DOUBLE	Aggregate	VARBINARY	{"fid":"0","symbol":"","file":"","isolation":"isolated","type":"BUILTIN","md5":""}
multi_distinct_sum(FLOAT)	DOUBLE	Aggregate	VARBINARY	{"fid":"0","symbol":"","file":"","isolation":"isolated","type":"BUILTIN","md5":""}
multi_distinct_sum(INT)	BIGINT	Aggregate	VARBINARY	{"fid":"0","symbol":"","file":"","isolation":"isolated","type":"BUILTIN","md5":""}
multi_distinct_sum(LARGEINT)	LARGEINT	Aggregate	VARBINARY	{"fid":"0","symbol":"","file":"","isolation":"isolated","type":"BUILTIN","md5":""}
multi_distinct_sum(SMALLINT)	BIGINT	Aggregate	VARBINARY	{"fid":"0","symbol":"","file":"","isolation":"isolated","type":"BUILTIN","md5":""}
multi_distinct_sum(TINYINT)	BIGINT	Aggregate	VARBINARY	{"fid":"0","symbol":"","file":"","isolation":"isolated","type":"BUILTIN","md5":""}
multi_distinct_sum_combine(BIGINT)	VARBINARY	Aggregate	NULL	{"fid":"0","symbol":"","file":"","isolation":"isolated","type":"BUILTIN","md5":""}
multi_distinct_sum_combine(BOOLEAN)	VARBINARY	Aggregate	NULL	{"fid":"0","symbol":"","file":"","isolation":"isolated","type":"BUILTIN","md5":""}
multi_distinct_sum_combine(DECIMAL128)	VARBINARY	Aggregate	NULL	{"fid":"0","symbol":"","file":"","isolation":"isolated","type":"BUILTIN","md5":""}
multi_distinct_sum_combine(DECIMAL256)	VARBINARY	Aggregate	NULL	{"fid":"0","symbol":"","file":"","isolation":"isolated","type":"BUILTIN","md5":""}
multi_distinct_sum_combine(DECIMAL32)	VARBINARY	Aggregate	NULL	{"fid":"0","symbol":"","file":"","isolation":"isolated","type":"BUILTIN","md5":""}
multi_distinct_sum_combine(DECIMAL64)	VARBINARY	Aggregate	NULL	{"fid":"0","symbol":"","file":"","isolation":"isolated","type":"BUILTIN","md5":""}
multi_distinct_sum_combine(DOUBLE)	VARBINARY	Aggregate	NULL	{"fid":"0","symbol":"","file":"","isolation":"isolated","type":"BUILTIN","md5":""}
multi_distinct_sum_combine(FLOAT)	VARBINARY	Aggregate	NULL	{"fid":"0","symbol":"","file":"","isolation":"isolated","type":"BUILTIN","md5":""}
multi_distinct_sum_combine(INT)	VARBINARY	Aggregate	NULL	{"fid":"0","symbol":"","file":"","isolation":"isolated","type":"BUILTIN","md5":""}
multi_distinct_sum_combine(LARGEINT)	VARBINARY	Aggregate	NULL	{"fid":"0","symbol":"","file":"","isolation":"isolated","type":"BUILTIN","md5":""}
multi_distinct_sum_combine(SMALLINT)	VARBINARY	Aggregate	NULL	{"fid":"0","symbol":"","file":"","isolation":"isolated","type":"BUILTIN","md5":""}
multi_distinct_sum_combine(TINYINT)	VARBINARY	Aggregate	NULL	{"fid":"0","symbol":"","file":"","isolation":"isolated","type":"BUILTIN","md5":""}
multi_distinct_sum_if(BIGINT,BOOLEAN)	BIGINT	Aggregate	VARBINARY	{"fid":"0","symbol":"","file":"","isolation":"isolated","type":"BUILTIN","md5":""}
multi_distinct_sum_if(BOOLEAN,BOOLEAN)	BIGINT	Aggregate	VARBINARY	{"fid":"0","symbol":"","file":"","isolation":"isolated","type":"BUILTIN","md5":""}
multi_distinct_sum_if(DECIMAL128,BOOLEAN)	DECIMAL128	Aggregate	VARBINARY	{"fid":"0","symbol":"","file":"","isolation":"isolated","type":"BUILTIN","md5":""}
multi_distinct_sum_if(DECIMAL256,BOOLEAN)	DECIMAL256	Aggregate	VARBINARY	{"fid":"0","symbol":"","file":"","isolation":"isolated","type":"BUILTIN","md5":""}
multi_distinct_sum_if(DECIMAL32,BOOLEAN)	DECIMAL128	Aggregate	VARBINARY	{"fid":"0","symbol":"","file":"","isolation":"isolated","type":"BUILTIN","md5":""}
multi_distinct_sum_if(DECIMAL64,BOOLEAN)	DECIMAL128	Aggregate	VARBINARY	{"fid":"0","symbol":"","file":"","isolation":"isolated","type":"BUILTIN","md5":""}
multi_distinct_sum_if(DOUBLE,BOOLEAN)	DOUBLE	Aggregate	VARBINARY	{"fid":"0","symbol":"","file":"","isolation":"isolated","type":"BUILTIN","md5":""}
multi_distinct_sum_if(FLOAT,BOOLEAN)	DOUBLE	Aggregate	VARBINARY	{"fid":"0","symbol":"","file":"","isolation":"isolated","type":"BUILTIN","md5":""}
multi_distinct_sum_if(INT,BOOLEAN)	BIGINT	Aggregate	VARBINARY	{"fid":"0","symbol":"","file":"","isolation":"isolated","type":"BUILTIN","md5":""}
multi_distinct_sum_if(LARGEINT,BOOLEAN)	LARGEINT	Aggregate	VARBINARY	{"fid":"0","symbol":"","file":"","isolation":"isolated","type":"BUILTIN","md5":""}
multi_distinct_sum_if(SMALLINT,BOOLEAN)	BIGINT	Aggregate	VARBINARY	{"fid":"0","symbol":"","file":"","isolation":"isolated","type":"BUILTIN","md5":""}
multi_distinct_sum_if(TINYINT,BOOLEAN)	BIGINT	Aggregate	VARBINARY	{"fid":"0","symbol":"","file":"","isolation":"isolated","type":"BUILTIN","md5":""}
multi_distinct_sum_merge(VARBINARY)	DOUBLE	Aggregate	VARBINARY	{"fid":"0","symbol":"","file":"","isolation":"isolated","type":"BUILTIN","md5":""}
multi_distinct_sum_state(BIGINT)	VARBINARY	Scalar	NULL	{"fid":"0","symbol":"","file":"","isolation":"isolated","type":"BUILTIN","md5":""}
multi_distinct_sum_state(BOOLEAN)	VARBINARY	Scalar	NULL	{"fid":"0","symbol":"","file":"","isolation":"isolated","type":"BUILTIN","md5":""}
multi_distinct_sum_state(DECIMAL128)	VARBINARY	Scalar	NULL	{"fid":"0","symbol":"","file":"","isolation":"isolated","type":"BUILTIN","md5":""}
multi_distinct_sum_state(DECIMAL256)	VARBINARY	Scalar	NULL	{"fid":"0","symbol":"","file":"","isolation":"isolated","type":"BUILTIN","md5":""}
multi_distinct_sum_state(DECIMAL32)	VARBINARY	Scalar	NULL	{"fid":"0","symbol":"","file":"","isolation":"isolated","type":"BUILTIN","md5":""}
multi_distinct_sum_state(DECIMAL64)	VARBINARY	Scalar	NULL	{"fid":"0","symbol":"","file":"","isolation":"isolated","type":"BUILTIN","md5":""}
multi_distinct_sum_state(DOUBLE)	VARBINARY	Scalar	NULL	{"fid":"0","symbol":"","file":"","isolation":"isolated","type":"BUILTIN","md5":""}
multi_distinct_sum_state(FLOAT)	VARBINARY	Scalar	NULL	{"fid":"0","symbol":"","file":"","isolation":"isolated","type":"BUILTIN","md5":""}
multi_distinct_sum_state(INT)	VARBINARY	Scalar	NULL	{"fid":"0","symbol":"","file":"","isolation":"isolated","type":"BUILTIN","md5":""}
multi_distinct_sum_state(LARGEINT)	VARBINARY	Scalar	NULL	{"fid":"0","symbol":"","file":"","isolation":"isolated","type":"BUILTIN","md5":""}
multi_distinct_sum_state(SMALLINT)	VARBINARY	Scalar	NULL	{"fid":"0","symbol":"","file":"","isolation":"isolated","type":"BUILTIN","md5":""}
multi_distinct_sum_state(TINYINT)	VARBINARY	Scalar	NULL	{"fid":"0","symbol":"","file":"","isolation":"isolated","type":"BUILTIN","md5":""}
multi_distinct_sum_state_merge(VARBINARY)	DOUBLE	Scalar	NULL	{"fid":"0","symbol":"","file":"","isolation":"isolated","type":"BUILTIN","md5":""}
multi_distinct_sum_state_union(VARBINARY,VARBINARY)	VARBINARY	Scalar	NULL	{"fid":"0","symbol":"","file":"","isolation":"isolated","type":"BUILTIN","md5":""}
multi_distinct_sum_union(VARBINARY)	VARBINARY	Aggregate	NULL	{"fid":"0","symbol":"","file":"","isolation":"isolated","type":"BUILTIN","md5":""}
multiply(BIGINT,BIGINT)	BIGINT	Scalar	NULL	{"fid":"0","symbol":"","file":"","isolation":"isolated","type":"BUILTIN","md5":""}
multiply(BOOLEAN,BOOLEAN)	BOOLEAN	Scalar	NULL	{"fid":"0","symbol":"","file":"","isolation":"isolated","type":"BUILTIN","md5":""}
multiply(DECIMAL128,DECIMAL128)	DECIMAL128	Scalar	NULL	{"fid":"0","symbol":"","file":"","isolation":"isolated","type":"BUILTIN","md5":""}
multiply(DECIMAL256,DECIMAL256)	DECIMAL256	Scalar	NULL	{"fid":"0","symbol":"","file":"","isolation":"isolated","type":"BUILTIN","md5":""}
multiply(DECIMAL32,DECIMAL32)	DECIMAL32	Scalar	NULL	{"fid":"0","symbol":"","file":"","isolation":"isolated","type":"BUILTIN","md5":""}
multiply(DECIMAL64,DECIMAL64)	DECIMAL64	Scalar	NULL	{"fid":"0","symbol":"","file":"","isolation":"isolated","type":"BUILTIN","md5":""}
multiply(DECIMALV2,DECIMALV2)	DECIMALV2	Scalar	NULL	{"fid":"0","symbol":"","file":"","isolation":"isolated","type":"BUILTIN","md5":""}
multiply(DOUBLE,DOUBLE)	DOUBLE	Scalar	NULL	{"fid":"0","symbol":"","file":"","isolation":"isolated","type":"BUILTIN","md5":""}
multiply(FLOAT,FLOAT)	FLOAT	Scalar	NULL	{"fid":"0","symbol":"","file":"","isolation":"isolated","type":"BUILTIN","md5":""}
multiply(INT,INT)	INT	Scalar	NULL	{"fid":"0","symbol":"","file":"","isolation":"isolated","type":"BUILTIN","md5":""}
multiply(LARGEINT,LARGEINT)	LARGEINT	Scalar	NULL	{"fid":"0","symbol":"","file":"","isolation":"isolated","type":"BUILTIN","md5":""}
multiply(SMALLINT,SMALLINT)	SMALLINT	Scalar	NULL	{"fid":"0","symbol":"","file":"","isolation":"isolated","type":"BUILTIN","md5":""}
multiply(TINYINT,TINYINT)	TINYINT	Scalar	NULL	{"fid":"0","symbol":"","file":"","isolation":"isolated","type":"BUILTIN","md5":""}
murmur_hash3_32(VARCHAR, ...)	INT	Scalar	NULL	{"fid":"100010","symbol":"","file":"","isolation":"isolated","type":"BUILTIN","md5":""}
named_struct(INVALID_TYPE, ...)	INVALID_TYPE	Scalar	NULL	{"fid":"170501","symbol":"","file":"","isolation":"isolated","type":"BUILTIN","md5":""}
ndv(BIGINT)	BIGINT	Aggregate	VARBINARY	{"fid":"0","symbol":"","file":"","isolation":"isolated","type":"BUILTIN","md5":""}
ndv(BITMAP)	BIGINT	Aggregate	VARBINARY	{"fid":"0","symbol":"","file":"","isolation":"isolated","type":"BUILTIN","md5":""}
ndv(BOOLEAN)	BIGINT	Aggregate	VARBINARY	{"fid":"0","symbol":"","file":"","isolation":"isolated","type":"BUILTIN","md5":""}
ndv(DATE)	BIGINT	Aggregate	VARBINARY	{"fid":"0","symbol":"","file":"","isolation":"isolated","type":"BUILTIN","md5":""}
ndv(DATETIME)	BIGINT	Aggregate	VARBINARY	{"fid":"0","symbol":"","file":"","isolation":"isolated","type":"BUILTIN","md5":""}
ndv(DECIMAL128)	BIGINT	Aggregate	VARBINARY	{"fid":"0","symbol":"","file":"","isolation":"isolated","type":"BUILTIN","md5":""}
ndv(DECIMAL256)	BIGINT	Aggregate	VARBINARY	{"fid":"0","symbol":"","file":"","isolation":"isolated","type":"BUILTIN","md5":""}
ndv(DECIMAL32)	BIGINT	Aggregate	VARBINARY	{"fid":"0","symbol":"","file":"","isolation":"isolated","type":"BUILTIN","md5":""}
ndv(DECIMAL64)	BIGINT	Aggregate	VARBINARY	{"fid":"0","symbol":"","file":"","isolation":"isolated","type":"BUILTIN","md5":""}
ndv(DECIMALV2)	BIGINT	Aggregate	VARBINARY	{"fid":"0","symbol":"","file":"","isolation":"isolated","type":"BUILTIN","md5":""}
ndv(DOUBLE)	BIGINT	Aggregate	VARBINARY	{"fid":"0","symbol":"","file":"","isolation":"isolated","type":"BUILTIN","md5":""}
ndv(FLOAT)	BIGINT	Aggregate	VARBINARY	{"fid":"0","symbol":"","file":"","isolation":"isolated","type":"BUILTIN","md5":""}
ndv(HLL)	BIGINT	Aggregate	VARBINARY	{"fid":"0","symbol":"","file":"","isolation":"isolated","type":"BUILTIN","md5":""}
ndv(INT)	BIGINT	Aggregate	VARBINARY	{"fid":"0","symbol":"","file":"","isolation":"isolated","type":"BUILTIN","md5":""}
ndv(JSON)	BIGINT	Aggregate	VARBINARY	{"fid":"0","symbol":"","file":"","isolation":"isolated","type":"BUILTIN","md5":""}
ndv(LARGEINT)	BIGINT	Aggregate	VARBINARY	{"fid":"0","symbol":"","file":"","isolation":"isolated","type":"BUILTIN","md5":""}
ndv(PERCENTILE)	BIGINT	Aggregate	VARBINARY	{"fid":"0","symbol":"","file":"","isolation":"isolated","type":"BUILTIN","md5":""}
ndv(SMALLINT)	BIGINT	Aggregate	VARBINARY	{"fid":"0","symbol":"","file":"","isolation":"isolated","type":"BUILTIN","md5":""}
ndv(TIME)	BIGINT	Aggregate	VARBINARY	{"fid":"0","symbol":"","file":"","isolation":"isolated","type":"BUILTIN","md5":""}
ndv(TINYINT)	BIGINT	Aggregate	VARBINARY	{"fid":"0","symbol":"","file":"","isolation":"isolated","type":"BUILTIN","md5":""}
ndv(UNKNOWN_TYPE)	BIGINT	Aggregate	VARBINARY	{"fid":"0","symbol":"","file":"","isolation":"isolated","type":"BUILTIN","md5":""}
ndv(VARBINARY)	BIGINT	Aggregate	VARBINARY	{"fid":"0","symbol":"","file":"","isolation":"isolated","type":"BUILTIN","md5":""}
ndv(VARCHAR)	BIGINT	Aggregate	VARBINARY	{"fid":"0","symbol":"","file":"","isolation":"isolated","type":"BUILTIN","md5":""}
ndv_combine(BIGINT)	VARBINARY	Aggregate	NULL	{"fid":"0","symbol":"","file":"","isolation":"isolated","type":"BUILTIN","md5":""}
ndv_combine(BOOLEAN)	VARBINARY	Aggregate	NULL	{"fid":"0","symbol":"","file":"","isolation":"isolated","type":"BUILTIN","md5":""}
ndv_combine(DATE)	VARBINARY	Aggregate	NULL	{"fid":"0","symbol":"","file":"","isolation":"isolated","type":"BUILTIN","md5":""}
ndv_combine(DATETIME)	VARBINARY	Aggregate	NULL	{"fid":"0","symbol":"","file":"","isolation":"isolated","type":"BUILTIN","md5":""}
ndv_combine(DECIMAL128)	VARBINARY	Aggregate	NULL	{"fid":"0","symbol":"","file":"","isolation":"isolated","type":"BUILTIN","md5":""}
ndv_combine(DECIMAL256)	VARBINARY	Aggregate	NULL	{"fid":"0","symbol":"","file":"","isolation":"isolated","type":"BUILTIN","md5":""}
ndv_combine(DECIMAL32)	VARBINARY	Aggregate	NULL	{"fid":"0","symbol":"","file":"","isolation":"isolated","type":"BUILTIN","md5":""}
ndv_combine(DECIMAL64)	VARBINARY	Aggregate	NULL	{"fid":"0","symbol":"","file":"","isolation":"isolated","type":"BUILTIN","md5":""}
ndv_combine(DOUBLE)	VARBINARY	Aggregate	NULL	{"fid":"0","symbol":"","file":"","isolation":"isolated","type":"BUILTIN","md5":""}
ndv_combine(FLOAT)	VARBINARY	Aggregate	NULL	{"fid":"0","symbol":"","file":"","isolation":"isolated","type":"BUILTIN","md5":""}
ndv_combine(INT)	VARBINARY	Aggregate	NULL	{"fid":"0","symbol":"","file":"","isolation":"isolated","type":"BUILTIN","md5":""}
ndv_combine(LARGEINT)	VARBINARY	Aggregate	NULL	{"fid":"0","symbol":"","file":"","isolation":"isolated","type":"BUILTIN","md5":""}
ndv_combine(SMALLINT)	VARBINARY	Aggregate	NULL	{"fid":"0","symbol":"","file":"","isolation":"isolated","type":"BUILTIN","md5":""}
ndv_combine(TINYINT)	VARBINARY	Aggregate	NULL	{"fid":"0","symbol":"","file":"","isolation":"isolated","type":"BUILTIN","md5":""}
ndv_combine(VARCHAR)	VARBINARY	Aggregate	NULL	{"fid":"0","symbol":"","file":"","isolation":"isolated","type":"BUILTIN","md5":""}
ndv_if(BIGINT,BOOLEAN)	BIGINT	Aggregate	VARBINARY	{"fid":"0","symbol":"","file":"","isolation":"isolated","type":"BUILTIN","md5":""}
ndv_if(BOOLEAN,BOOLEAN)	BIGINT	Aggregate	VARBINARY	{"fid":"0","symbol":"","file":"","isolation":"isolated","type":"BUILTIN","md5":""}
ndv_if(DATE,BOOLEAN)	BIGINT	Aggregate	VARBINARY	{"fid":"0","symbol":"","file":"","isolation":"isolated","type":"BUILTIN","md5":""}
ndv_if(DATETIME,BOOLEAN)	BIGINT	Aggregate	VARBINARY	{"fid":"0","symbol":"","file":"","isolation":"isolated","type":"BUILTIN","md5":""}
ndv_if(DECIMAL128,BOOLEAN)	BIGINT	Aggregate	VARBINARY	{"fid":"0","symbol":"","file":"","isolation":"isolated","type":"BUILTIN","md5":""}
ndv_if(DECIMAL256,BOOLEAN)	BIGINT	Aggregate	VARBINARY	{"fid":"0","symbol":"","file":"","isolation":"isolated","type":"BUILTIN","md5":""}
ndv_if(DECIMAL32,BOOLEAN)	BIGINT	Aggregate	VARBINARY	{"fid":"0","symbol":"","file":"","isolation":"isolated","type":"BUILTIN","md5":""}
ndv_if(DECIMAL64,BOOLEAN)	BIGINT	Aggregate	VARBINARY	{"fid":"0","symbol":"","file":"","isolation":"isolated","type":"BUILTIN","md5":""}
ndv_if(DOUBLE,BOOLEAN)	BIGINT	Aggregate	VARBINARY	{"fid":"0","symbol":"","file":"","isolation":"isolated","type":"BUILTIN","md5":""}
ndv_if(FLOAT,BOOLEAN)	BIGINT	Aggregate	VARBINARY	{"fid":"0","symbol":"","file":"","isolation":"isolated","type":"BUILTIN","md5":""}
ndv_if(INT,BOOLEAN)	BIGINT	Aggregate	VARBINARY	{"fid":"0","symbol":"","file":"","isolation":"isolated","type":"BUILTIN","md5":""}
ndv_if(LARGEINT,BOOLEAN)	BIGINT	Aggregate	VARBINARY	{"fid":"0","symbol":"","file":"","isolation":"isolated","type":"BUILTIN","md5":""}
ndv_if(SMALLINT,BOOLEAN)	BIGINT	Aggregate	VARBINARY	{"fid":"0","symbol":"","file":"","isolation":"isolated","type":"BUILTIN","md5":""}
ndv_if(TINYINT,BOOLEAN)	BIGINT	Aggregate	VARBINARY	{"fid":"0","symbol":"","file":"","isolation":"isolated","type":"BUILTIN","md5":""}
ndv_if(VARCHAR,BOOLEAN)	BIGINT	Aggregate	VARBINARY	{"fid":"0","symbol":"","file":"","isolation":"isolated","type":"BUILTIN","md5":""}
ndv_merge(VARBINARY)	BIGINT	Aggregate	VARBINARY	{"fid":"0","symbol":"","file":"","isolation":"isolated","type":"BUILTIN","md5":""}
ndv_state(BIGINT)	VARBINARY	Scalar	NULL	{"fid":"0","symbol":"","file":"","isolation":"isolated","type":"BUILTIN","md5":""}
ndv_state(BOOLEAN)	VARBINARY	Scalar	NULL	{"fid":"0","symbol":"","file":"","isolation":"isolated","type":"BUILTIN","md5":""}
ndv_state(DATE)	VARBINARY	Scalar	NULL	{"fid":"0","symbol":"","file":"","isolation":"isolated","type":"BUILTIN","md5":""}
ndv_state(DATETIME)	VARBINARY	Scalar	NULL	{"fid":"0","symbol":"","file":"","isolation":"isolated","type":"BUILTIN","md5":""}
ndv_state(DECIMAL128)	VARBINARY	Scalar	NULL	{"fid":"0","symbol":"","file":"","isolation":"isolated","type":"BUILTIN","md5":""}
ndv_state(DECIMAL256)	VARBINARY	Scalar	NULL	{"fid":"0","symbol":"","file":"","isolation":"isolated","type":"BUILTIN","md5":""}
ndv_state(DECIMAL32)	VARBINARY	Scalar	NULL	{"fid":"0","symbol":"","file":"","isolation":"isolated","type":"BUILTIN","md5":""}
ndv_state(DECIMAL64)	VARBINARY	Scalar	NULL	{"fid":"0","symbol":"","file":"","isolation":"isolated","type":"BUILTIN","md5":""}
ndv_state(DOUBLE)	VARBINARY	Scalar	NULL	{"fid":"0","symbol":"","file":"","isolation":"isolated","type":"BUILTIN","md5":""}
ndv_state(FLOAT)	VARBINARY	Scalar	NULL	{"fid":"0","symbol":"","file":"","isolation":"isolated","type":"BUILTIN","md5":""}
ndv_state(INT)	VARBINARY	Scalar	NULL	{"fid":"0","symbol":"","file":"","isolation":"isolated","type":"BUILTIN","md5":""}
ndv_state(LARGEINT)	VARBINARY	Scalar	NULL	{"fid":"0","symbol":"","file":"","isolation":"isolated","type":"BUILTIN","md5":""}
ndv_state(SMALLINT)	VARBINARY	Scalar	NULL	{"fid":"0","symbol":"","file":"","isolation":"isolated","type":"BUILTIN","md5":""}
ndv_state(TINYINT)	VARBINARY	Scalar	NULL	{"fid":"0","symbol":"","file":"","isolation":"isolated","type":"BUILTIN","md5":""}
ndv_state(VARCHAR)	VARBINARY	Scalar	NULL	{"fid":"0","symbol":"","file":"","isolation":"isolated","type":"BUILTIN","md5":""}
ndv_state_merge(VARBINARY)	BIGINT	Scalar	NULL	{"fid":"0","symbol":"","file":"","isolation":"isolated","type":"BUILTIN","md5":""}
ndv_state_union(VARBINARY,VARBINARY)	VARBINARY	Scalar	NULL	{"fid":"0","symbol":"","file":"","isolation":"isolated","type":"BUILTIN","md5":""}
ndv_union(VARBINARY)	VARBINARY	Aggregate	NULL	{"fid":"0","symbol":"","file":"","isolation":"isolated","type":"BUILTIN","md5":""}
negative(BIGINT)	BIGINT	Scalar	NULL	{"fid":"10271","symbol":"","file":"","isolation":"isolated","type":"BUILTIN","md5":""}
negative(DECIMAL128)	DECIMAL128	Scalar	NULL	{"fid":"102722","symbol":"","file":"","isolation":"isolated","type":"BUILTIN","md5":""}
negative(DECIMAL32)	DECIMAL32	Scalar	NULL	{"fid":"102720","symbol":"","file":"","isolation":"isolated","type":"BUILTIN","md5":""}
negative(DECIMAL64)	DECIMAL64	Scalar	NULL	{"fid":"102721","symbol":"","file":"","isolation":"isolated","type":"BUILTIN","md5":""}
negative(DECIMALV2)	DECIMALV2	Scalar	NULL	{"fid":"10272","symbol":"","file":"","isolation":"isolated","type":"BUILTIN","md5":""}
negative(DOUBLE)	DOUBLE	Scalar	NULL	{"fid":"10270","symbol":"","file":"","isolation":"isolated","type":"BUILTIN","md5":""}
next_day(DATETIME,VARCHAR)	DATE	Scalar	NULL	{"fid":"50400","symbol":"","file":"","isolation":"isolated","type":"BUILTIN","md5":""}
ngram_search(VARCHAR,VARCHAR,INT)	DOUBLE	Scalar	NULL	{"fid":"30440","symbol":"","file":"","isolation":"isolated","type":"BUILTIN","md5":""}
ngram_search_case_insensitive(VARCHAR,VARCHAR,INT)	DOUBLE	Scalar	NULL	{"fid":"30441","symbol":"","file":"","isolation":"isolated","type":"BUILTIN","md5":""}
now()	DATETIME	Scalar	NULL	{"fid":"50200","symbol":"","file":"","isolation":"isolated","type":"BUILTIN","md5":""}
now(INT)	DATETIME	Scalar	NULL	{"fid":"50204","symbol":"","file":"","isolation":"isolated","type":"BUILTIN","md5":""}
ntile(BIGINT)	BIGINT	Aggregate	NULL	{"fid":"0","symbol":"","file":"","isolation":"isolated","type":"BUILTIN","md5":""}
null_or_empty(INVALID_TYPE)	BOOLEAN	Scalar	NULL	{"fid":"30061","symbol":"","file":"","isolation":"isolated","type":"BUILTIN","md5":""}
null_or_empty(VARCHAR)	BOOLEAN	Scalar	NULL	{"fid":"30060","symbol":"","file":"","isolation":"isolated","type":"BUILTIN","md5":""}
nullif(BIGINT,BIGINT)	BIGINT	Scalar	NULL	{"fid":"70304","symbol":"","file":"","isolation":"isolated","type":"BUILTIN","md5":""}
nullif(BITMAP,BITMAP)	BITMAP	Scalar	NULL	{"fid":"70312","symbol":"","file":"","isolation":"isolated","type":"BUILTIN","md5":""}
nullif(BOOLEAN,BOOLEAN)	BOOLEAN	Scalar	NULL	{"fid":"70300","symbol":"","file":"","isolation":"isolated","type":"BUILTIN","md5":""}
nullif(DATE,DATE)	DATE	Scalar	NULL	{"fid":"70308","symbol":"","file":"","isolation":"isolated","type":"BUILTIN","md5":""}
nullif(DATETIME,DATETIME)	DATETIME	Scalar	NULL	{"fid":"70309","symbol":"","file":"","isolation":"isolated","type":"BUILTIN","md5":""}
nullif(DECIMAL128,DECIMAL128)	DECIMAL128	Scalar	NULL	{"fid":"703102","symbol":"","file":"","isolation":"isolated","type":"BUILTIN","md5":""}
nullif(DECIMAL32,DECIMAL32)	DECIMAL32	Scalar	NULL	{"fid":"703100","symbol":"","file":"","isolation":"isolated","type":"BUILTIN","md5":""}
nullif(DECIMAL64,DECIMAL64)	DECIMAL64	Scalar	NULL	{"fid":"703101","symbol":"","file":"","isolation":"isolated","type":"BUILTIN","md5":""}
nullif(DECIMALV2,DECIMALV2)	DECIMALV2	Scalar	NULL	{"fid":"70310","symbol":"","file":"","isolation":"isolated","type":"BUILTIN","md5":""}
nullif(DOUBLE,DOUBLE)	DOUBLE	Scalar	NULL	{"fid":"70307","symbol":"","file":"","isolation":"isolated","type":"BUILTIN","md5":""}
nullif(FLOAT,FLOAT)	FLOAT	Scalar	NULL	{"fid":"70306","symbol":"","file":"","isolation":"isolated","type":"BUILTIN","md5":""}
nullif(HLL,HLL)	HLL	Scalar	NULL	{"fid":"70314","symbol":"","file":"","isolation":"isolated","type":"BUILTIN","md5":""}
nullif(INT,INT)	INT	Scalar	NULL	{"fid":"70303","symbol":"","file":"","isolation":"isolated","type":"BUILTIN","md5":""}
nullif(INVALID_TYPE,INVALID_TYPE)	INVALID_TYPE	Scalar	NULL	{"fid":"70316","symbol":"","file":"","isolation":"isolated","type":"BUILTIN","md5":""}
nullif(JSON,JSON)	JSON	Scalar	NULL	{"fid":"70319","symbol":"","file":"","isolation":"isolated","type":"BUILTIN","md5":""}
nullif(LARGEINT,LARGEINT)	LARGEINT	Scalar	NULL	{"fid":"70305","symbol":"","file":"","isolation":"isolated","type":"BUILTIN","md5":""}
nullif(PERCENTILE,PERCENTILE)	PERCENTILE	Scalar	NULL	{"fid":"70313","symbol":"","file":"","isolation":"isolated","type":"BUILTIN","md5":""}
nullif(SMALLINT,SMALLINT)	SMALLINT	Scalar	NULL	{"fid":"70302","symbol":"","file":"","isolation":"isolated","type":"BUILTIN","md5":""}
nullif(TIME,TIME)	TIME	Scalar	NULL	{"fid":"70315","symbol":"","file":"","isolation":"isolated","type":"BUILTIN","md5":""}
nullif(TINYINT,TINYINT)	TINYINT	Scalar	NULL	{"fid":"70301","symbol":"","file":"","isolation":"isolated","type":"BUILTIN","md5":""}
nullif(VARCHAR,VARCHAR)	VARCHAR	Scalar	NULL	{"fid":"70311","symbol":"","file":"","isolation":"isolated","type":"BUILTIN","md5":""}
parse_json(VARCHAR)	JSON	Scalar	NULL	{"fid":"110003","symbol":"","file":"","isolation":"isolated","type":"BUILTIN","md5":""}
parse_url(VARCHAR,VARCHAR)	VARCHAR	Scalar	NULL	{"fid":"30410","symbol":"","file":"","isolation":"isolated","type":"BUILTIN","md5":""}
percent_rank()	DOUBLE	Aggregate	VARBINARY	{"fid":"0","symbol":"","file":"","isolation":"isolated","type":"BUILTIN","md5":""}
percentile_approx(DOUBLE,DOUBLE)	DOUBLE	Aggregate	VARBINARY	{"fid":"0","symbol":"","file":"","isolation":"isolated","type":"BUILTIN","md5":""}
percentile_approx(DOUBLE,DOUBLE,DOUBLE)	DOUBLE	Aggregate	VARBINARY	{"fid":"0","symbol":"","file":"","isolation":"isolated","type":"BUILTIN","md5":""}
percentile_approx(DOUBLE,INVALID_TYPE)	INVALID_TYPE	Aggregate	VARBINARY	{"fid":"0","symbol":"","file":"","isolation":"isolated","type":"BUILTIN","md5":""}
percentile_approx(DOUBLE,INVALID_TYPE,DOUBLE)	INVALID_TYPE	Aggregate	VARBINARY	{"fid":"0","symbol":"","file":"","isolation":"isolated","type":"BUILTIN","md5":""}
percentile_approx_combine(DOUBLE,DOUBLE)	VARBINARY	Aggregate	NULL	{"fid":"0","symbol":"","file":"","isolation":"isolated","type":"BUILTIN","md5":""}
percentile_approx_combine(DOUBLE,DOUBLE,DOUBLE)	VARBINARY	Aggregate	NULL	{"fid":"0","symbol":"","file":"","isolation":"isolated","type":"BUILTIN","md5":""}
percentile_approx_combine(DOUBLE,INVALID_TYPE)	VARBINARY	Aggregate	NULL	{"fid":"0","symbol":"","file":"","isolation":"isolated","type":"BUILTIN","md5":""}
percentile_approx_combine(DOUBLE,INVALID_TYPE,DOUBLE)	VARBINARY	Aggregate	NULL	{"fid":"0","symbol":"","file":"","isolation":"isolated","type":"BUILTIN","md5":""}
percentile_approx_if(DOUBLE,DOUBLE,BOOLEAN)	DOUBLE	Aggregate	VARBINARY	{"fid":"0","symbol":"","file":"","isolation":"isolated","type":"BUILTIN","md5":""}
percentile_approx_if(DOUBLE,DOUBLE,DOUBLE,BOOLEAN)	DOUBLE	Aggregate	VARBINARY	{"fid":"0","symbol":"","file":"","isolation":"isolated","type":"BUILTIN","md5":""}
percentile_approx_if(DOUBLE,INVALID_TYPE,BOOLEAN)	INVALID_TYPE	Aggregate	VARBINARY	{"fid":"0","symbol":"","file":"","isolation":"isolated","type":"BUILTIN","md5":""}
percentile_approx_if(DOUBLE,INVALID_TYPE,DOUBLE,BOOLEAN)	INVALID_TYPE	Aggregate	VARBINARY	{"fid":"0","symbol":"","file":"","isolation":"isolated","type":"BUILTIN","md5":""}
percentile_approx_merge(VARBINARY)	DOUBLE	Aggregate	VARBINARY	{"fid":"0","symbol":"","file":"","isolation":"isolated","type":"BUILTIN","md5":""}
percentile_approx_raw(PERCENTILE,DOUBLE)	DOUBLE	Scalar	NULL	{"fid":"130002","symbol":"","file":"","isolation":"isolated","type":"BUILTIN","md5":""}
percentile_approx_state(DOUBLE,DOUBLE)	VARBINARY	Scalar	NULL	{"fid":"0","symbol":"","file":"","isolation":"isolated","type":"BUILTIN","md5":""}
percentile_approx_state(DOUBLE,DOUBLE,DOUBLE)	VARBINARY	Scalar	NULL	{"fid":"0","symbol":"","file":"","isolation":"isolated","type":"BUILTIN","md5":""}
percentile_approx_state(DOUBLE,INVALID_TYPE)	VARBINARY	Scalar	NULL	{"fid":"0","symbol":"","file":"","isolation":"isolated","type":"BUILTIN","md5":""}
percentile_approx_state(DOUBLE,INVALID_TYPE,DOUBLE)	VARBINARY	Scalar	NULL	{"fid":"0","symbol":"","file":"","isolation":"isolated","type":"BUILTIN","md5":""}
percentile_approx_state_merge(VARBINARY)	DOUBLE	Scalar	NULL	{"fid":"0","symbol":"","file":"","isolation":"isolated","type":"BUILTIN","md5":""}
percentile_approx_state_union(VARBINARY,VARBINARY)	VARBINARY	Scalar	NULL	{"fid":"0","symbol":"","file":"","isolation":"isolated","type":"BUILTIN","md5":""}
percentile_approx_union(VARBINARY)	VARBINARY	Aggregate	NULL	{"fid":"0","symbol":"","file":"","isolation":"isolated","type":"BUILTIN","md5":""}
percentile_approx_weighted(DOUBLE,BIGINT,DOUBLE)	DOUBLE	Aggregate	VARBINARY	{"fid":"0","symbol":"","file":"","isolation":"isolated","type":"BUILTIN","md5":""}
percentile_approx_weighted(DOUBLE,BIGINT,DOUBLE,DOUBLE)	DOUBLE	Aggregate	VARBINARY	{"fid":"0","symbol":"","file":"","isolation":"isolated","type":"BUILTIN","md5":""}
percentile_approx_weighted(DOUBLE,BIGINT,INVALID_TYPE)	INVALID_TYPE	Aggregate	VARBINARY	{"fid":"0","symbol":"","file":"","isolation":"isolated","type":"BUILTIN","md5":""}
percentile_approx_weighted(DOUBLE,BIGINT,INVALID_TYPE,DOUBLE)	INVALID_TYPE	Aggregate	VARBINARY	{"fid":"0","symbol":"","file":"","isolation":"isolated","type":"BUILTIN","md5":""}
percentile_approx_weighted_combine(DOUBLE,BIGINT,DOUBLE)	VARBINARY	Aggregate	NULL	{"fid":"0","symbol":"","file":"","isolation":"isolated","type":"BUILTIN","md5":""}
percentile_approx_weighted_combine(DOUBLE,BIGINT,DOUBLE,DOUBLE)	VARBINARY	Aggregate	NULL	{"fid":"0","symbol":"","file":"","isolation":"isolated","type":"BUILTIN","md5":""}
percentile_approx_weighted_combine(DOUBLE,BIGINT,INVALID_TYPE)	VARBINARY	Aggregate	NULL	{"fid":"0","symbol":"","file":"","isolation":"isolated","type":"BUILTIN","md5":""}
percentile_approx_weighted_combine(DOUBLE,BIGINT,INVALID_TYPE,DOUBLE)	VARBINARY	Aggregate	NULL	{"fid":"0","symbol":"","file":"","isolation":"isolated","type":"BUILTIN","md5":""}
percentile_approx_weighted_if(DOUBLE,BIGINT,DOUBLE,BOOLEAN)	DOUBLE	Aggregate	VARBINARY	{"fid":"0","symbol":"","file":"","isolation":"isolated","type":"BUILTIN","md5":""}
percentile_approx_weighted_if(DOUBLE,BIGINT,DOUBLE,DOUBLE,BOOLEAN)	DOUBLE	Aggregate	VARBINARY	{"fid":"0","symbol":"","file":"","isolation":"isolated","type":"BUILTIN","md5":""}
percentile_approx_weighted_if(DOUBLE,BIGINT,INVALID_TYPE,BOOLEAN)	INVALID_TYPE	Aggregate	VARBINARY	{"fid":"0","symbol":"","file":"","isolation":"isolated","type":"BUILTIN","md5":""}
percentile_approx_weighted_if(DOUBLE,BIGINT,INVALID_TYPE,DOUBLE,BOOLEAN)	INVALID_TYPE	Aggregate	VARBINARY	{"fid":"0","symbol":"","file":"","isolation":"isolated","type":"BUILTIN","md5":""}
percentile_approx_weighted_merge(VARBINARY)	DOUBLE	Aggregate	VARBINARY	{"fid":"0","symbol":"","file":"","isolation":"isolated","type":"BUILTIN","md5":""}
percentile_approx_weighted_state(DOUBLE,BIGINT,DOUBLE)	VARBINARY	Scalar	NULL	{"fid":"0","symbol":"","file":"","isolation":"isolated","type":"BUILTIN","md5":""}
percentile_approx_weighted_state(DOUBLE,BIGINT,DOUBLE,DOUBLE)	VARBINARY	Scalar	NULL	{"fid":"0","symbol":"","file":"","isolation":"isolated","type":"BUILTIN","md5":""}
percentile_approx_weighted_state(DOUBLE,BIGINT,INVALID_TYPE)	VARBINARY	Scalar	NULL	{"fid":"0","symbol":"","file":"","isolation":"isolated","type":"BUILTIN","md5":""}
percentile_approx_weighted_state(DOUBLE,BIGINT,INVALID_TYPE,DOUBLE)	VARBINARY	Scalar	NULL	{"fid":"0","symbol":"","file":"","isolation":"isolated","type":"BUILTIN","md5":""}
percentile_approx_weighted_state_merge(VARBINARY)	DOUBLE	Scalar	NULL	{"fid":"0","symbol":"","file":"","isolation":"isolated","type":"BUILTIN","md5":""}
percentile_approx_weighted_state_union(VARBINARY,VARBINARY)	VARBINARY	Scalar	NULL	{"fid":"0","symbol":"","file":"","isolation":"isolated","type":"BUILTIN","md5":""}
percentile_approx_weighted_union(VARBINARY)	VARBINARY	Aggregate	NULL	{"fid":"0","symbol":"","file":"","isolation":"isolated","type":"BUILTIN","md5":""}
percentile_cont(DATE,DOUBLE)	DATE	Aggregate	VARBINARY	{"fid":"0","symbol":"","file":"","isolation":"isolated","type":"BUILTIN","md5":""}
percentile_cont(DATETIME,DOUBLE)	DATETIME	Aggregate	VARBINARY	{"fid":"0","symbol":"","file":"","isolation":"isolated","type":"BUILTIN","md5":""}
percentile_cont(DOUBLE,DOUBLE)	DOUBLE	Aggregate	VARBINARY	{"fid":"0","symbol":"","file":"","isolation":"isolated","type":"BUILTIN","md5":""}
percentile_cont_combine(DATE,DOUBLE)	VARBINARY	Aggregate	NULL	{"fid":"0","symbol":"","file":"","isolation":"isolated","type":"BUILTIN","md5":""}
percentile_cont_combine(DATETIME,DOUBLE)	VARBINARY	Aggregate	NULL	{"fid":"0","symbol":"","file":"","isolation":"isolated","type":"BUILTIN","md5":""}
percentile_cont_combine(DOUBLE,DOUBLE)	VARBINARY	Aggregate	NULL	{"fid":"0","symbol":"","file":"","isolation":"isolated","type":"BUILTIN","md5":""}
percentile_cont_if(DATE,DOUBLE,BOOLEAN)	DATE	Aggregate	VARBINARY	{"fid":"0","symbol":"","file":"","isolation":"isolated","type":"BUILTIN","md5":""}
percentile_cont_if(DATETIME,DOUBLE,BOOLEAN)	DATETIME	Aggregate	VARBINARY	{"fid":"0","symbol":"","file":"","isolation":"isolated","type":"BUILTIN","md5":""}
percentile_cont_if(DOUBLE,DOUBLE,BOOLEAN)	DOUBLE	Aggregate	VARBINARY	{"fid":"0","symbol":"","file":"","isolation":"isolated","type":"BUILTIN","md5":""}
percentile_cont_merge(VARBINARY)	DATE	Aggregate	VARBINARY	{"fid":"0","symbol":"","file":"","isolation":"isolated","type":"BUILTIN","md5":""}
percentile_cont_state(DATE,DOUBLE)	VARBINARY	Scalar	NULL	{"fid":"0","symbol":"","file":"","isolation":"isolated","type":"BUILTIN","md5":""}
percentile_cont_state(DATETIME,DOUBLE)	VARBINARY	Scalar	NULL	{"fid":"0","symbol":"","file":"","isolation":"isolated","type":"BUILTIN","md5":""}
percentile_cont_state(DOUBLE,DOUBLE)	VARBINARY	Scalar	NULL	{"fid":"0","symbol":"","file":"","isolation":"isolated","type":"BUILTIN","md5":""}
percentile_cont_state_merge(VARBINARY)	DATE	Scalar	NULL	{"fid":"0","symbol":"","file":"","isolation":"isolated","type":"BUILTIN","md5":""}
percentile_cont_state_union(VARBINARY,VARBINARY)	VARBINARY	Scalar	NULL	{"fid":"0","symbol":"","file":"","isolation":"isolated","type":"BUILTIN","md5":""}
percentile_cont_union(VARBINARY)	VARBINARY	Aggregate	NULL	{"fid":"0","symbol":"","file":"","isolation":"isolated","type":"BUILTIN","md5":""}
percentile_disc(BIGINT,DOUBLE)	BIGINT	Aggregate	VARBINARY	{"fid":"0","symbol":"","file":"","isolation":"isolated","type":"BUILTIN","md5":""}
percentile_disc(BOOLEAN,DOUBLE)	BOOLEAN	Aggregate	VARBINARY	{"fid":"0","symbol":"","file":"","isolation":"isolated","type":"BUILTIN","md5":""}
percentile_disc(CHAR,DOUBLE)	CHAR	Aggregate	VARBINARY	{"fid":"0","symbol":"","file":"","isolation":"isolated","type":"BUILTIN","md5":""}
percentile_disc(DATE,DOUBLE)	DATE	Aggregate	VARBINARY	{"fid":"0","symbol":"","file":"","isolation":"isolated","type":"BUILTIN","md5":""}
percentile_disc(DATETIME,DOUBLE)	DATETIME	Aggregate	VARBINARY	{"fid":"0","symbol":"","file":"","isolation":"isolated","type":"BUILTIN","md5":""}
percentile_disc(DECIMAL128,DOUBLE)	DECIMAL128	Aggregate	VARBINARY	{"fid":"0","symbol":"","file":"","isolation":"isolated","type":"BUILTIN","md5":""}
percentile_disc(DECIMAL256,DOUBLE)	DECIMAL256	Aggregate	VARBINARY	{"fid":"0","symbol":"","file":"","isolation":"isolated","type":"BUILTIN","md5":""}
percentile_disc(DECIMAL32,DOUBLE)	DECIMAL32	Aggregate	VARBINARY	{"fid":"0","symbol":"","file":"","isolation":"isolated","type":"BUILTIN","md5":""}
percentile_disc(DECIMAL64,DOUBLE)	DECIMAL64	Aggregate	VARBINARY	{"fid":"0","symbol":"","file":"","isolation":"isolated","type":"BUILTIN","md5":""}
percentile_disc(DECIMALV2,DOUBLE)	DECIMALV2	Aggregate	VARBINARY	{"fid":"0","symbol":"","file":"","isolation":"isolated","type":"BUILTIN","md5":""}
percentile_disc(DOUBLE,DOUBLE)	DOUBLE	Aggregate	VARBINARY	{"fid":"0","symbol":"","file":"","isolation":"isolated","type":"BUILTIN","md5":""}
percentile_disc(FLOAT,DOUBLE)	FLOAT	Aggregate	VARBINARY	{"fid":"0","symbol":"","file":"","isolation":"isolated","type":"BUILTIN","md5":""}
percentile_disc(INT,DOUBLE)	INT	Aggregate	VARBINARY	{"fid":"0","symbol":"","file":"","isolation":"isolated","type":"BUILTIN","md5":""}
percentile_disc(LARGEINT,DOUBLE)	LARGEINT	Aggregate	VARBINARY	{"fid":"0","symbol":"","file":"","isolation":"isolated","type":"BUILTIN","md5":""}
percentile_disc(SMALLINT,DOUBLE)	SMALLINT	Aggregate	VARBINARY	{"fid":"0","symbol":"","file":"","isolation":"isolated","type":"BUILTIN","md5":""}
percentile_disc(TINYINT,DOUBLE)	TINYINT	Aggregate	VARBINARY	{"fid":"0","symbol":"","file":"","isolation":"isolated","type":"BUILTIN","md5":""}
percentile_disc_combine(BIGINT,DOUBLE)	VARBINARY	Aggregate	NULL	{"fid":"0","symbol":"","file":"","isolation":"isolated","type":"BUILTIN","md5":""}
percentile_disc_combine(BOOLEAN,DOUBLE)	VARBINARY	Aggregate	NULL	{"fid":"0","symbol":"","file":"","isolation":"isolated","type":"BUILTIN","md5":""}
percentile_disc_combine(CHAR,DOUBLE)	VARBINARY	Aggregate	NULL	{"fid":"0","symbol":"","file":"","isolation":"isolated","type":"BUILTIN","md5":""}
percentile_disc_combine(DATE,DOUBLE)	VARBINARY	Aggregate	NULL	{"fid":"0","symbol":"","file":"","isolation":"isolated","type":"BUILTIN","md5":""}
percentile_disc_combine(DATETIME,DOUBLE)	VARBINARY	Aggregate	NULL	{"fid":"0","symbol":"","file":"","isolation":"isolated","type":"BUILTIN","md5":""}
percentile_disc_combine(DECIMAL128,DOUBLE)	VARBINARY	Aggregate	NULL	{"fid":"0","symbol":"","file":"","isolation":"isolated","type":"BUILTIN","md5":""}
percentile_disc_combine(DECIMAL256,DOUBLE)	VARBINARY	Aggregate	NULL	{"fid":"0","symbol":"","file":"","isolation":"isolated","type":"BUILTIN","md5":""}
percentile_disc_combine(DECIMAL32,DOUBLE)	VARBINARY	Aggregate	NULL	{"fid":"0","symbol":"","file":"","isolation":"isolated","type":"BUILTIN","md5":""}
percentile_disc_combine(DECIMAL64,DOUBLE)	VARBINARY	Aggregate	NULL	{"fid":"0","symbol":"","file":"","isolation":"isolated","type":"BUILTIN","md5":""}
percentile_disc_combine(DOUBLE,DOUBLE)	VARBINARY	Aggregate	NULL	{"fid":"0","symbol":"","file":"","isolation":"isolated","type":"BUILTIN","md5":""}
percentile_disc_combine(FLOAT,DOUBLE)	VARBINARY	Aggregate	NULL	{"fid":"0","symbol":"","file":"","isolation":"isolated","type":"BUILTIN","md5":""}
percentile_disc_combine(INT,DOUBLE)	VARBINARY	Aggregate	NULL	{"fid":"0","symbol":"","file":"","isolation":"isolated","type":"BUILTIN","md5":""}
percentile_disc_combine(LARGEINT,DOUBLE)	VARBINARY	Aggregate	NULL	{"fid":"0","symbol":"","file":"","isolation":"isolated","type":"BUILTIN","md5":""}
percentile_disc_combine(SMALLINT,DOUBLE)	VARBINARY	Aggregate	NULL	{"fid":"0","symbol":"","file":"","isolation":"isolated","type":"BUILTIN","md5":""}
percentile_disc_combine(TINYINT,DOUBLE)	VARBINARY	Aggregate	NULL	{"fid":"0","symbol":"","file":"","isolation":"isolated","type":"BUILTIN","md5":""}
percentile_disc_if(BIGINT,DOUBLE,BOOLEAN)	BIGINT	Aggregate	VARBINARY	{"fid":"0","symbol":"","file":"","isolation":"isolated","type":"BUILTIN","md5":""}
percentile_disc_if(BOOLEAN,DOUBLE,BOOLEAN)	BOOLEAN	Aggregate	VARBINARY	{"fid":"0","symbol":"","file":"","isolation":"isolated","type":"BUILTIN","md5":""}
percentile_disc_if(CHAR,DOUBLE,BOOLEAN)	CHAR	Aggregate	VARBINARY	{"fid":"0","symbol":"","file":"","isolation":"isolated","type":"BUILTIN","md5":""}
percentile_disc_if(DATE,DOUBLE,BOOLEAN)	DATE	Aggregate	VARBINARY	{"fid":"0","symbol":"","file":"","isolation":"isolated","type":"BUILTIN","md5":""}
percentile_disc_if(DATETIME,DOUBLE,BOOLEAN)	DATETIME	Aggregate	VARBINARY	{"fid":"0","symbol":"","file":"","isolation":"isolated","type":"BUILTIN","md5":""}
percentile_disc_if(DECIMAL128,DOUBLE,BOOLEAN)	DECIMAL128	Aggregate	VARBINARY	{"fid":"0","symbol":"","file":"","isolation":"isolated","type":"BUILTIN","md5":""}
percentile_disc_if(DECIMAL256,DOUBLE,BOOLEAN)	DECIMAL256	Aggregate	VARBINARY	{"fid":"0","symbol":"","file":"","isolation":"isolated","type":"BUILTIN","md5":""}
percentile_disc_if(DECIMAL32,DOUBLE,BOOLEAN)	DECIMAL32	Aggregate	VARBINARY	{"fid":"0","symbol":"","file":"","isolation":"isolated","type":"BUILTIN","md5":""}
percentile_disc_if(DECIMAL64,DOUBLE,BOOLEAN)	DECIMAL64	Aggregate	VARBINARY	{"fid":"0","symbol":"","file":"","isolation":"isolated","type":"BUILTIN","md5":""}
percentile_disc_if(DOUBLE,DOUBLE,BOOLEAN)	DOUBLE	Aggregate	VARBINARY	{"fid":"0","symbol":"","file":"","isolation":"isolated","type":"BUILTIN","md5":""}
percentile_disc_if(FLOAT,DOUBLE,BOOLEAN)	FLOAT	Aggregate	VARBINARY	{"fid":"0","symbol":"","file":"","isolation":"isolated","type":"BUILTIN","md5":""}
percentile_disc_if(INT,DOUBLE,BOOLEAN)	INT	Aggregate	VARBINARY	{"fid":"0","symbol":"","file":"","isolation":"isolated","type":"BUILTIN","md5":""}
percentile_disc_if(LARGEINT,DOUBLE,BOOLEAN)	LARGEINT	Aggregate	VARBINARY	{"fid":"0","symbol":"","file":"","isolation":"isolated","type":"BUILTIN","md5":""}
percentile_disc_if(SMALLINT,DOUBLE,BOOLEAN)	SMALLINT	Aggregate	VARBINARY	{"fid":"0","symbol":"","file":"","isolation":"isolated","type":"BUILTIN","md5":""}
percentile_disc_if(TINYINT,DOUBLE,BOOLEAN)	TINYINT	Aggregate	VARBINARY	{"fid":"0","symbol":"","file":"","isolation":"isolated","type":"BUILTIN","md5":""}
percentile_disc_lc(BIGINT,DOUBLE)	BIGINT	Aggregate	VARBINARY	{"fid":"0","symbol":"","file":"","isolation":"isolated","type":"BUILTIN","md5":""}
percentile_disc_lc(BOOLEAN,DOUBLE)	BOOLEAN	Aggregate	VARBINARY	{"fid":"0","symbol":"","file":"","isolation":"isolated","type":"BUILTIN","md5":""}
percentile_disc_lc(CHAR,DOUBLE)	CHAR	Aggregate	VARBINARY	{"fid":"0","symbol":"","file":"","isolation":"isolated","type":"BUILTIN","md5":""}
percentile_disc_lc(DATE,DOUBLE)	DATE	Aggregate	VARBINARY	{"fid":"0","symbol":"","file":"","isolation":"isolated","type":"BUILTIN","md5":""}
percentile_disc_lc(DATETIME,DOUBLE)	DATETIME	Aggregate	VARBINARY	{"fid":"0","symbol":"","file":"","isolation":"isolated","type":"BUILTIN","md5":""}
percentile_disc_lc(DECIMAL128,DOUBLE)	DECIMAL128	Aggregate	VARBINARY	{"fid":"0","symbol":"","file":"","isolation":"isolated","type":"BUILTIN","md5":""}
percentile_disc_lc(DECIMAL256,DOUBLE)	DECIMAL256	Aggregate	VARBINARY	{"fid":"0","symbol":"","file":"","isolation":"isolated","type":"BUILTIN","md5":""}
percentile_disc_lc(DECIMAL32,DOUBLE)	DECIMAL32	Aggregate	VARBINARY	{"fid":"0","symbol":"","file":"","isolation":"isolated","type":"BUILTIN","md5":""}
percentile_disc_lc(DECIMAL64,DOUBLE)	DECIMAL64	Aggregate	VARBINARY	{"fid":"0","symbol":"","file":"","isolation":"isolated","type":"BUILTIN","md5":""}
percentile_disc_lc(DECIMALV2,DOUBLE)	DECIMALV2	Aggregate	VARBINARY	{"fid":"0","symbol":"","file":"","isolation":"isolated","type":"BUILTIN","md5":""}
percentile_disc_lc(DOUBLE,DOUBLE)	DOUBLE	Aggregate	VARBINARY	{"fid":"0","symbol":"","file":"","isolation":"isolated","type":"BUILTIN","md5":""}
percentile_disc_lc(FLOAT,DOUBLE)	FLOAT	Aggregate	VARBINARY	{"fid":"0","symbol":"","file":"","isolation":"isolated","type":"BUILTIN","md5":""}
percentile_disc_lc(INT,DOUBLE)	INT	Aggregate	VARBINARY	{"fid":"0","symbol":"","file":"","isolation":"isolated","type":"BUILTIN","md5":""}
percentile_disc_lc(LARGEINT,DOUBLE)	LARGEINT	Aggregate	VARBINARY	{"fid":"0","symbol":"","file":"","isolation":"isolated","type":"BUILTIN","md5":""}
percentile_disc_lc(SMALLINT,DOUBLE)	SMALLINT	Aggregate	VARBINARY	{"fid":"0","symbol":"","file":"","isolation":"isolated","type":"BUILTIN","md5":""}
percentile_disc_lc(TINYINT,DOUBLE)	TINYINT	Aggregate	VARBINARY	{"fid":"0","symbol":"","file":"","isolation":"isolated","type":"BUILTIN","md5":""}
percentile_disc_merge(VARBINARY)	BOOLEAN	Aggregate	VARBINARY	{"fid":"0","symbol":"","file":"","isolation":"isolated","type":"BUILTIN","md5":""}
percentile_disc_state(BIGINT,DOUBLE)	VARBINARY	Scalar	NULL	{"fid":"0","symbol":"","file":"","isolation":"isolated","type":"BUILTIN","md5":""}
percentile_disc_state(BOOLEAN,DOUBLE)	VARBINARY	Scalar	NULL	{"fid":"0","symbol":"","file":"","isolation":"isolated","type":"BUILTIN","md5":""}
percentile_disc_state(CHAR,DOUBLE)	VARBINARY	Scalar	NULL	{"fid":"0","symbol":"","file":"","isolation":"isolated","type":"BUILTIN","md5":""}
percentile_disc_state(DATE,DOUBLE)	VARBINARY	Scalar	NULL	{"fid":"0","symbol":"","file":"","isolation":"isolated","type":"BUILTIN","md5":""}
percentile_disc_state(DATETIME,DOUBLE)	VARBINARY	Scalar	NULL	{"fid":"0","symbol":"","file":"","isolation":"isolated","type":"BUILTIN","md5":""}
percentile_disc_state(DECIMAL128,DOUBLE)	VARBINARY	Scalar	NULL	{"fid":"0","symbol":"","file":"","isolation":"isolated","type":"BUILTIN","md5":""}
percentile_disc_state(DECIMAL256,DOUBLE)	VARBINARY	Scalar	NULL	{"fid":"0","symbol":"","file":"","isolation":"isolated","type":"BUILTIN","md5":""}
percentile_disc_state(DECIMAL32,DOUBLE)	VARBINARY	Scalar	NULL	{"fid":"0","symbol":"","file":"","isolation":"isolated","type":"BUILTIN","md5":""}
percentile_disc_state(DECIMAL64,DOUBLE)	VARBINARY	Scalar	NULL	{"fid":"0","symbol":"","file":"","isolation":"isolated","type":"BUILTIN","md5":""}
percentile_disc_state(DOUBLE,DOUBLE)	VARBINARY	Scalar	NULL	{"fid":"0","symbol":"","file":"","isolation":"isolated","type":"BUILTIN","md5":""}
percentile_disc_state(FLOAT,DOUBLE)	VARBINARY	Scalar	NULL	{"fid":"0","symbol":"","file":"","isolation":"isolated","type":"BUILTIN","md5":""}
percentile_disc_state(INT,DOUBLE)	VARBINARY	Scalar	NULL	{"fid":"0","symbol":"","file":"","isolation":"isolated","type":"BUILTIN","md5":""}
percentile_disc_state(LARGEINT,DOUBLE)	VARBINARY	Scalar	NULL	{"fid":"0","symbol":"","file":"","isolation":"isolated","type":"BUILTIN","md5":""}
percentile_disc_state(SMALLINT,DOUBLE)	VARBINARY	Scalar	NULL	{"fid":"0","symbol":"","file":"","isolation":"isolated","type":"BUILTIN","md5":""}
percentile_disc_state(TINYINT,DOUBLE)	VARBINARY	Scalar	NULL	{"fid":"0","symbol":"","file":"","isolation":"isolated","type":"BUILTIN","md5":""}
percentile_disc_state_merge(VARBINARY)	BOOLEAN	Scalar	NULL	{"fid":"0","symbol":"","file":"","isolation":"isolated","type":"BUILTIN","md5":""}
percentile_disc_state_union(VARBINARY,VARBINARY)	VARBINARY	Scalar	NULL	{"fid":"0","symbol":"","file":"","isolation":"isolated","type":"BUILTIN","md5":""}
percentile_disc_union(VARBINARY)	VARBINARY	Aggregate	NULL	{"fid":"0","symbol":"","file":"","isolation":"isolated","type":"BUILTIN","md5":""}
percentile_empty()	PERCENTILE	Scalar	NULL	{"fid":"130001","symbol":"","file":"","isolation":"isolated","type":"BUILTIN","md5":""}
percentile_hash(DOUBLE)	PERCENTILE	Scalar	NULL	{"fid":"130000","symbol":"","file":"","isolation":"isolated","type":"BUILTIN","md5":""}
percentile_union(PERCENTILE)	PERCENTILE	Aggregate	NULL	{"fid":"0","symbol":"","file":"","isolation":"isolated","type":"BUILTIN","md5":""}
percentile_union_combine(PERCENTILE)	PERCENTILE	Aggregate	NULL	{"fid":"0","symbol":"","file":"","isolation":"isolated","type":"BUILTIN","md5":""}
percentile_union_if(PERCENTILE,BOOLEAN)	PERCENTILE	Aggregate	NULL	{"fid":"0","symbol":"","file":"","isolation":"isolated","type":"BUILTIN","md5":""}
percentile_union_merge(PERCENTILE)	PERCENTILE	Aggregate	NULL	{"fid":"0","symbol":"","file":"","isolation":"isolated","type":"BUILTIN","md5":""}
percentile_union_state(PERCENTILE)	PERCENTILE	Scalar	NULL	{"fid":"0","symbol":"","file":"","isolation":"isolated","type":"BUILTIN","md5":""}
percentile_union_state_merge(PERCENTILE)	PERCENTILE	Scalar	NULL	{"fid":"0","symbol":"","file":"","isolation":"isolated","type":"BUILTIN","md5":""}
percentile_union_state_union(PERCENTILE,PERCENTILE)	PERCENTILE	Scalar	NULL	{"fid":"0","symbol":"","file":"","isolation":"isolated","type":"BUILTIN","md5":""}
percentile_union_union(PERCENTILE)	PERCENTILE	Aggregate	NULL	{"fid":"0","symbol":"","file":"","isolation":"isolated","type":"BUILTIN","md5":""}
pi()	DOUBLE	Scalar	NULL	{"fid":"10010","symbol":"","file":"","isolation":"isolated","type":"BUILTIN","md5":""}
pmod(BIGINT,BIGINT)	BIGINT	Scalar	NULL	{"fid":"10230","symbol":"","file":"","isolation":"isolated","type":"BUILTIN","md5":""}
pmod(DOUBLE,DOUBLE)	DOUBLE	Scalar	NULL	{"fid":"10231","symbol":"","file":"","isolation":"isolated","type":"BUILTIN","md5":""}
positive(BIGINT)	BIGINT	Scalar	NULL	{"fid":"10261","symbol":"","file":"","isolation":"isolated","type":"BUILTIN","md5":""}
positive(DECIMAL128)	DECIMAL128	Scalar	NULL	{"fid":"102622","symbol":"","file":"","isolation":"isolated","type":"BUILTIN","md5":""}
positive(DECIMAL32)	DECIMAL32	Scalar	NULL	{"fid":"102620","symbol":"","file":"","isolation":"isolated","type":"BUILTIN","md5":""}
positive(DECIMAL64)	DECIMAL64	Scalar	NULL	{"fid":"102621","symbol":"","file":"","isolation":"isolated","type":"BUILTIN","md5":""}
positive(DECIMALV2)	DECIMALV2	Scalar	NULL	{"fid":"10262","symbol":"","file":"","isolation":"isolated","type":"BUILTIN","md5":""}
positive(DOUBLE)	DOUBLE	Scalar	NULL	{"fid":"10260","symbol":"","file":"","isolation":"isolated","type":"BUILTIN","md5":""}
pow(DOUBLE,DOUBLE)	DOUBLE	Scalar	NULL	{"fid":"10220","symbol":"","file":"","isolation":"isolated","type":"BUILTIN","md5":""}
power(DOUBLE,DOUBLE)	DOUBLE	Scalar	NULL	{"fid":"10221","symbol":"","file":"","isolation":"isolated","type":"BUILTIN","md5":""}
previous_day(DATETIME,VARCHAR)	DATE	Scalar	NULL	{"fid":"50401","symbol":"","file":"","isolation":"isolated","type":"BUILTIN","md5":""}
quarter(DATETIME)	INT	Scalar	NULL	{"fid":"50030","symbol":"","file":"","isolation":"isolated","type":"BUILTIN","md5":""}
quarters_add(DATETIME,INT)	DATETIME	Scalar	NULL	{"fid":"50115","symbol":"","file":"","isolation":"isolated","type":"BUILTIN","md5":""}
quarters_sub(DATETIME,INT)	DATETIME	Scalar	NULL	{"fid":"50116","symbol":"","file":"","isolation":"isolated","type":"BUILTIN","md5":""}
query_id()	VARCHAR	Scalar	NULL	{"fid":"100027","symbol":"","file":"","isolation":"isolated","type":"BUILTIN","md5":""}
radians(DOUBLE)	DOUBLE	Scalar	NULL	{"fid":"10190","symbol":"","file":"","isolation":"isolated","type":"BUILTIN","md5":""}
raise_error(VARCHAR)	BOOLEAN	Scalar	NULL	{"fid":"30461","symbol":"","file":"","isolation":"isolated","type":"BUILTIN","md5":""}
rand()	DOUBLE	Scalar	NULL	{"fid":"10300","symbol":"","file":"","isolation":"isolated","type":"BUILTIN","md5":""}
rand(BIGINT)	DOUBLE	Scalar	NULL	{"fid":"10302","symbol":"","file":"","isolation":"isolated","type":"BUILTIN","md5":""}
random()	DOUBLE	Scalar	NULL	{"fid":"10301","symbol":"","file":"","isolation":"isolated","type":"BUILTIN","md5":""}
random(BIGINT)	DOUBLE	Scalar	NULL	{"fid":"10303","symbol":"","file":"","isolation":"isolated","type":"BUILTIN","md5":""}
rank()	BIGINT	Aggregate	VARBINARY	{"fid":"0","symbol":"","file":"","isolation":"isolated","type":"BUILTIN","md5":""}
regexp(VARCHAR,VARCHAR)	BOOLEAN	Scalar	NULL	{"fid":"60020","symbol":"","file":"","isolation":"isolated","type":"BUILTIN","md5":""}
regexp_count(VARCHAR,VARCHAR)	BIGINT	Scalar	NULL	{"fid":"30335","symbol":"","file":"","isolation":"isolated","type":"BUILTIN","md5":""}
regexp_extract(VARCHAR,VARCHAR,BIGINT)	VARCHAR	Scalar	NULL	{"fid":"30320","symbol":"","file":"","isolation":"isolated","type":"BUILTIN","md5":""}
regexp_extract_all(VARCHAR,VARCHAR,BIGINT)	INVALID_TYPE	Scalar	NULL	{"fid":"30321","symbol":"","file":"","isolation":"isolated","type":"BUILTIN","md5":""}
regexp_replace(VARCHAR,VARCHAR,VARCHAR)	VARCHAR	Scalar	NULL	{"fid":"30330","symbol":"","file":"","isolation":"isolated","type":"BUILTIN","md5":""}
regexp_split(VARCHAR,VARCHAR)	INVALID_TYPE	Scalar	NULL	{"fid":"30333","symbol":"","file":"","isolation":"isolated","type":"BUILTIN","md5":""}
regexp_split(VARCHAR,VARCHAR,INT)	INVALID_TYPE	Scalar	NULL	{"fid":"30334","symbol":"","file":"","isolation":"isolated","type":"BUILTIN","md5":""}
repeat(VARCHAR,INT)	VARCHAR	Scalar	NULL	{"fid":"30080","symbol":"","file":"","isolation":"isolated","type":"BUILTIN","md5":""}
replace(VARCHAR,VARCHAR,VARCHAR)	VARCHAR	Scalar	NULL	{"fid":"30332","symbol":"","file":"","isolation":"isolated","type":"BUILTIN","md5":""}
replace_old(VARCHAR,VARCHAR,VARCHAR)	VARCHAR	Scalar	NULL	{"fid":"30331","symbol":"","file":"","isolation":"isolated","type":"BUILTIN","md5":""}
retention(INVALID_TYPE)	INVALID_TYPE	Aggregate	BIGINT	{"fid":"0","symbol":"","file":"","isolation":"isolated","type":"BUILTIN","md5":""}
retention_combine(INVALID_TYPE)	BIGINT	Aggregate	NULL	{"fid":"0","symbol":"","file":"","isolation":"isolated","type":"BUILTIN","md5":""}
retention_if(INVALID_TYPE,BOOLEAN)	INVALID_TYPE	Aggregate	BIGINT	{"fid":"0","symbol":"","file":"","isolation":"isolated","type":"BUILTIN","md5":""}
retention_merge(BIGINT)	INVALID_TYPE	Aggregate	BIGINT	{"fid":"0","symbol":"","file":"","isolation":"isolated","type":"BUILTIN","md5":""}
retention_state(INVALID_TYPE)	BIGINT	Scalar	NULL	{"fid":"0","symbol":"","file":"","isolation":"isolated","type":"BUILTIN","md5":""}
retention_state_merge(BIGINT)	INVALID_TYPE	Scalar	NULL	{"fid":"0","symbol":"","file":"","isolation":"isolated","type":"BUILTIN","md5":""}
retention_state_union(BIGINT,BIGINT)	BIGINT	Scalar	NULL	{"fid":"0","symbol":"","file":"","isolation":"isolated","type":"BUILTIN","md5":""}
retention_union(BIGINT)	BIGINT	Aggregate	NULL	{"fid":"0","symbol":"","file":"","isolation":"isolated","type":"BUILTIN","md5":""}
reverse(INVALID_TYPE)	INVALID_TYPE	Scalar	NULL	{"fid":"150130","symbol":"","file":"","isolation":"isolated","type":"BUILTIN","md5":""}
reverse(VARCHAR)	VARCHAR	Scalar	NULL	{"fid":"30160","symbol":"","file":"","isolation":"isolated","type":"BUILTIN","md5":""}
right(VARCHAR,INT)	VARCHAR	Scalar	NULL	{"fid":"30030","symbol":"","file":"","isolation":"isolated","type":"BUILTIN","md5":""}
round(DECIMAL128)	DECIMAL128	Scalar	NULL	{"fid":"10127","symbol":"","file":"","isolation":"isolated","type":"BUILTIN","md5":""}
round(DECIMAL128,INT)	DECIMAL128	Scalar	NULL	{"fid":"10128","symbol":"","file":"","isolation":"isolated","type":"BUILTIN","md5":""}
round(DOUBLE)	BIGINT	Scalar	NULL	{"fid":"10130","symbol":"","file":"","isolation":"isolated","type":"BUILTIN","md5":""}
round(DOUBLE,INT)	DOUBLE	Scalar	NULL	{"fid":"10132","symbol":"","file":"","isolation":"isolated","type":"BUILTIN","md5":""}
row(INVALID_TYPE, ...)	INVALID_TYPE	Scalar	NULL	{"fid":"170500","symbol":"","file":"","isolation":"isolated","type":"BUILTIN","md5":""}
row_number()	BIGINT	Aggregate	NULL	{"fid":"0","symbol":"","file":"","isolation":"isolated","type":"BUILTIN","md5":""}
rpad(VARCHAR,INT,VARCHAR)	VARCHAR	Scalar	NULL	{"fid":"30100","symbol":"","file":"","isolation":"isolated","type":"BUILTIN","md5":""}
rtrim(VARCHAR)	VARCHAR	Scalar	NULL	{"fid":"30190","symbol":"","file":"","isolation":"isolated","type":"BUILTIN","md5":""}
rtrim(VARCHAR,VARCHAR)	VARCHAR	Scalar	NULL	{"fid":"30191","symbol":"","file":"","isolation":"isolated","type":"BUILTIN","md5":""}
sec_to_time(BIGINT)	TIME	Scalar	NULL	{"fid":"50251","symbol":"","file":"","isolation":"isolated","type":"BUILTIN","md5":""}
second(DATETIME)	TINYINT	Scalar	NULL	{"fid":"50089","symbol":"","file":"","isolation":"isolated","type":"BUILTIN","md5":""}
seconds_add(DATETIME,INT)	DATETIME	Scalar	NULL	{"fid":"50170","symbol":"","file":"","isolation":"isolated","type":"BUILTIN","md5":""}
seconds_diff(DATETIME,DATETIME)	BIGINT	Scalar	NULL	{"fid":"50196","symbol":"","file":"","isolation":"isolated","type":"BUILTIN","md5":""}
seconds_sub(DATETIME,INT)	DATETIME	Scalar	NULL	{"fid":"50171","symbol":"","file":"","isolation":"isolated","type":"BUILTIN","md5":""}
session_number(BIGINT,INT)	BIGINT	Aggregate	NULL	{"fid":"0","symbol":"","file":"","isolation":"isolated","type":"BUILTIN","md5":""}
session_number(INT,INT)	BIGINT	Aggregate	NULL	{"fid":"0","symbol":"","file":"","isolation":"isolated","type":"BUILTIN","md5":""}
sha2(VARCHAR,INT)	VARCHAR	Scalar	NULL	{"fid":"120160","symbol":"","file":"","isolation":"isolated","type":"BUILTIN","md5":""}
sign(DOUBLE)	FLOAT	Scalar	NULL	{"fid":"10030","symbol":"","file":"","isolation":"isolated","type":"BUILTIN","md5":""}
sin(DOUBLE)	DOUBLE	Scalar	NULL	{"fid":"10050","symbol":"","file":"","isolation":"isolated","type":"BUILTIN","md5":""}
sinh(DOUBLE)	DOUBLE	Scalar	NULL	{"fid":"10061","symbol":"","file":"","isolation":"isolated","type":"BUILTIN","md5":""}
sleep(INT)	BOOLEAN	Scalar	NULL	{"fid":"100011","symbol":"","file":"","isolation":"isolated","type":"BUILTIN","md5":""}
sm3(VARCHAR)	VARCHAR	Scalar	NULL	{"fid":"10315","symbol":"","file":"","isolation":"isolated","type":"BUILTIN","md5":""}
space(INT)	VARCHAR	Scalar	NULL	{"fid":"30070","symbol":"","file":"","isolation":"isolated","type":"BUILTIN","md5":""}
split(VARCHAR,VARCHAR)	INVALID_TYPE	Scalar	NULL	{"fid":"30311","symbol":"","file":"","isolation":"isolated","type":"BUILTIN","md5":""}
split_part(VARCHAR,VARCHAR,INT)	VARCHAR	Scalar	NULL	{"fid":"30310","symbol":"","file":"","isolation":"isolated","type":"BUILTIN","md5":""}
sqrt(DOUBLE)	DOUBLE	Scalar	NULL	{"fid":"10210","symbol":"","file":"","isolation":"isolated","type":"BUILTIN","md5":""}
square(DOUBLE)	DOUBLE	Scalar	NULL	{"fid":"10322","symbol":"","file":"","isolation":"isolated","type":"BUILTIN","md5":""}
st_astext(VARCHAR)	VARCHAR	Scalar	NULL	{"fid":"120004","symbol":"","file":"","isolation":"isolated","type":"BUILTIN","md5":""}
st_aswkt(VARCHAR)	VARCHAR	Scalar	NULL	{"fid":"120005","symbol":"","file":"","isolation":"isolated","type":"BUILTIN","md5":""}
st_circle(DOUBLE,DOUBLE,DOUBLE)	VARCHAR	Scalar	NULL	{"fid":"120013","symbol":"","file":"","isolation":"isolated","type":"BUILTIN","md5":""}
st_contains(VARCHAR,VARCHAR)	BOOLEAN	Scalar	NULL	{"fid":"120014","symbol":"","file":"","isolation":"isolated","type":"BUILTIN","md5":""}
st_distance_sphere(DOUBLE,DOUBLE,DOUBLE,DOUBLE)	DOUBLE	Scalar	NULL	{"fid":"120003","symbol":"","file":"","isolation":"isolated","type":"BUILTIN","md5":""}
st_geometryfromtext(VARCHAR)	VARCHAR	Scalar	NULL	{"fid":"120006","symbol":"","file":"","isolation":"isolated","type":"BUILTIN","md5":""}
st_geomfromtext(VARCHAR)	VARCHAR	Scalar	NULL	{"fid":"120007","symbol":"","file":"","isolation":"isolated","type":"BUILTIN","md5":""}
st_linefromtext(VARCHAR)	VARCHAR	Scalar	NULL	{"fid":"120008","symbol":"","file":"","isolation":"isolated","type":"BUILTIN","md5":""}
st_linestringfromtext(VARCHAR)	VARCHAR	Scalar	NULL	{"fid":"120009","symbol":"","file":"","isolation":"isolated","type":"BUILTIN","md5":""}
st_point(DOUBLE,DOUBLE)	VARCHAR	Scalar	NULL	{"fid":"120000","symbol":"","file":"","isolation":"isolated","type":"BUILTIN","md5":""}
st_polyfromtext(VARCHAR)	VARCHAR	Scalar	NULL	{"fid":"120011","symbol":"","file":"","isolation":"isolated","type":"BUILTIN","md5":""}
st_polygon(VARCHAR)	VARCHAR	Scalar	NULL	{"fid":"120010","symbol":"","file":"","isolation":"isolated","type":"BUILTIN","md5":""}
st_polygonfromtext(VARCHAR)	VARCHAR	Scalar	NULL	{"fid":"120012","symbol":"","file":"","isolation":"isolated","type":"BUILTIN","md5":""}
st_x(VARCHAR)	DOUBLE	Scalar	NULL	{"fid":"120001","symbol":"","file":"","isolation":"isolated","type":"BUILTIN","md5":""}
st_y(VARCHAR)	DOUBLE	Scalar	NULL	{"fid":"120002","symbol":"","file":"","isolation":"isolated","type":"BUILTIN","md5":""}
starts_with(VARCHAR,VARCHAR)	BOOLEAN	Scalar	NULL	{"fid":"30050","symbol":"","file":"","isolation":"isolated","type":"BUILTIN","md5":""}
std(BIGINT)	DOUBLE	Aggregate	VARBINARY	{"fid":"0","symbol":"","file":"","isolation":"isolated","type":"BUILTIN","md5":""}
std(BOOLEAN)	DOUBLE	Aggregate	VARBINARY	{"fid":"0","symbol":"","file":"","isolation":"isolated","type":"BUILTIN","md5":""}
std(DOUBLE)	DOUBLE	Aggregate	VARBINARY	{"fid":"0","symbol":"","file":"","isolation":"isolated","type":"BUILTIN","md5":""}
std(FLOAT)	DOUBLE	Aggregate	VARBINARY	{"fid":"0","symbol":"","file":"","isolation":"isolated","type":"BUILTIN","md5":""}
std(INT)	DOUBLE	Aggregate	VARBINARY	{"fid":"0","symbol":"","file":"","isolation":"isolated","type":"BUILTIN","md5":""}
std(LARGEINT)	DOUBLE	Aggregate	VARBINARY	{"fid":"0","symbol":"","file":"","isolation":"isolated","type":"BUILTIN","md5":""}
std(SMALLINT)	DOUBLE	Aggregate	VARBINARY	{"fid":"0","symbol":"","file":"","isolation":"isolated","type":"BUILTIN","md5":""}
std(TINYINT)	DOUBLE	Aggregate	VARBINARY	{"fid":"0","symbol":"","file":"","isolation":"isolated","type":"BUILTIN","md5":""}
std_combine(BIGINT)	VARBINARY	Aggregate	NULL	{"fid":"0","symbol":"","file":"","isolation":"isolated","type":"BUILTIN","md5":""}
std_combine(BOOLEAN)	VARBINARY	Aggregate	NULL	{"fid":"0","symbol":"","file":"","isolation":"isolated","type":"BUILTIN","md5":""}
std_combine(DOUBLE)	VARBINARY	Aggregate	NULL	{"fid":"0","symbol":"","file":"","isolation":"isolated","type":"BUILTIN","md5":""}
std_combine(FLOAT)	VARBINARY	Aggregate	NULL	{"fid":"0","symbol":"","file":"","isolation":"isolated","type":"BUILTIN","md5":""}
std_combine(INT)	VARBINARY	Aggregate	NULL	{"fid":"0","symbol":"","file":"","isolation":"isolated","type":"BUILTIN","md5":""}
std_combine(LARGEINT)	VARBINARY	Aggregate	NULL	{"fid":"0","symbol":"","file":"","isolation":"isolated","type":"BUILTIN","md5":""}
std_combine(SMALLINT)	VARBINARY	Aggregate	NULL	{"fid":"0","symbol":"","file":"","isolation":"isolated","type":"BUILTIN","md5":""}
std_combine(TINYINT)	VARBINARY	Aggregate	NULL	{"fid":"0","symbol":"","file":"","isolation":"isolated","type":"BUILTIN","md5":""}
std_if(BIGINT,BOOLEAN)	DOUBLE	Aggregate	VARBINARY	{"fid":"0","symbol":"","file":"","isolation":"isolated","type":"BUILTIN","md5":""}
std_if(BOOLEAN,BOOLEAN)	DOUBLE	Aggregate	VARBINARY	{"fid":"0","symbol":"","file":"","isolation":"isolated","type":"BUILTIN","md5":""}
std_if(DOUBLE,BOOLEAN)	DOUBLE	Aggregate	VARBINARY	{"fid":"0","symbol":"","file":"","isolation":"isolated","type":"BUILTIN","md5":""}
std_if(FLOAT,BOOLEAN)	DOUBLE	Aggregate	VARBINARY	{"fid":"0","symbol":"","file":"","isolation":"isolated","type":"BUILTIN","md5":""}
std_if(INT,BOOLEAN)	DOUBLE	Aggregate	VARBINARY	{"fid":"0","symbol":"","file":"","isolation":"isolated","type":"BUILTIN","md5":""}
std_if(LARGEINT,BOOLEAN)	DOUBLE	Aggregate	VARBINARY	{"fid":"0","symbol":"","file":"","isolation":"isolated","type":"BUILTIN","md5":""}
std_if(SMALLINT,BOOLEAN)	DOUBLE	Aggregate	VARBINARY	{"fid":"0","symbol":"","file":"","isolation":"isolated","type":"BUILTIN","md5":""}
std_if(TINYINT,BOOLEAN)	DOUBLE	Aggregate	VARBINARY	{"fid":"0","symbol":"","file":"","isolation":"isolated","type":"BUILTIN","md5":""}
std_merge(VARBINARY)	DOUBLE	Aggregate	VARBINARY	{"fid":"0","symbol":"","file":"","isolation":"isolated","type":"BUILTIN","md5":""}
std_state(BIGINT)	VARBINARY	Scalar	NULL	{"fid":"0","symbol":"","file":"","isolation":"isolated","type":"BUILTIN","md5":""}
std_state(BOOLEAN)	VARBINARY	Scalar	NULL	{"fid":"0","symbol":"","file":"","isolation":"isolated","type":"BUILTIN","md5":""}
std_state(DOUBLE)	VARBINARY	Scalar	NULL	{"fid":"0","symbol":"","file":"","isolation":"isolated","type":"BUILTIN","md5":""}
std_state(FLOAT)	VARBINARY	Scalar	NULL	{"fid":"0","symbol":"","file":"","isolation":"isolated","type":"BUILTIN","md5":""}
std_state(INT)	VARBINARY	Scalar	NULL	{"fid":"0","symbol":"","file":"","isolation":"isolated","type":"BUILTIN","md5":""}
std_state(LARGEINT)	VARBINARY	Scalar	NULL	{"fid":"0","symbol":"","file":"","isolation":"isolated","type":"BUILTIN","md5":""}
std_state(SMALLINT)	VARBINARY	Scalar	NULL	{"fid":"0","symbol":"","file":"","isolation":"isolated","type":"BUILTIN","md5":""}
std_state(TINYINT)	VARBINARY	Scalar	NULL	{"fid":"0","symbol":"","file":"","isolation":"isolated","type":"BUILTIN","md5":""}
std_state_merge(VARBINARY)	DOUBLE	Scalar	NULL	{"fid":"0","symbol":"","file":"","isolation":"isolated","type":"BUILTIN","md5":""}
std_state_union(VARBINARY,VARBINARY)	VARBINARY	Scalar	NULL	{"fid":"0","symbol":"","file":"","isolation":"isolated","type":"BUILTIN","md5":""}
std_union(VARBINARY)	VARBINARY	Aggregate	NULL	{"fid":"0","symbol":"","file":"","isolation":"isolated","type":"BUILTIN","md5":""}
stddev(BIGINT)	DOUBLE	Aggregate	VARBINARY	{"fid":"0","symbol":"","file":"","isolation":"isolated","type":"BUILTIN","md5":""}
stddev(BOOLEAN)	DOUBLE	Aggregate	VARBINARY	{"fid":"0","symbol":"","file":"","isolation":"isolated","type":"BUILTIN","md5":""}
stddev(DOUBLE)	DOUBLE	Aggregate	VARBINARY	{"fid":"0","symbol":"","file":"","isolation":"isolated","type":"BUILTIN","md5":""}
stddev(FLOAT)	DOUBLE	Aggregate	VARBINARY	{"fid":"0","symbol":"","file":"","isolation":"isolated","type":"BUILTIN","md5":""}
stddev(INT)	DOUBLE	Aggregate	VARBINARY	{"fid":"0","symbol":"","file":"","isolation":"isolated","type":"BUILTIN","md5":""}
stddev(LARGEINT)	DOUBLE	Aggregate	VARBINARY	{"fid":"0","symbol":"","file":"","isolation":"isolated","type":"BUILTIN","md5":""}
stddev(SMALLINT)	DOUBLE	Aggregate	VARBINARY	{"fid":"0","symbol":"","file":"","isolation":"isolated","type":"BUILTIN","md5":""}
stddev(TINYINT)	DOUBLE	Aggregate	VARBINARY	{"fid":"0","symbol":"","file":"","isolation":"isolated","type":"BUILTIN","md5":""}
stddev_combine(BIGINT)	VARBINARY	Aggregate	NULL	{"fid":"0","symbol":"","file":"","isolation":"isolated","type":"BUILTIN","md5":""}
stddev_combine(BOOLEAN)	VARBINARY	Aggregate	NULL	{"fid":"0","symbol":"","file":"","isolation":"isolated","type":"BUILTIN","md5":""}
stddev_combine(DOUBLE)	VARBINARY	Aggregate	NULL	{"fid":"0","symbol":"","file":"","isolation":"isolated","type":"BUILTIN","md5":""}
stddev_combine(FLOAT)	VARBINARY	Aggregate	NULL	{"fid":"0","symbol":"","file":"","isolation":"isolated","type":"BUILTIN","md5":""}
stddev_combine(INT)	VARBINARY	Aggregate	NULL	{"fid":"0","symbol":"","file":"","isolation":"isolated","type":"BUILTIN","md5":""}
stddev_combine(LARGEINT)	VARBINARY	Aggregate	NULL	{"fid":"0","symbol":"","file":"","isolation":"isolated","type":"BUILTIN","md5":""}
stddev_combine(SMALLINT)	VARBINARY	Aggregate	NULL	{"fid":"0","symbol":"","file":"","isolation":"isolated","type":"BUILTIN","md5":""}
stddev_combine(TINYINT)	VARBINARY	Aggregate	NULL	{"fid":"0","symbol":"","file":"","isolation":"isolated","type":"BUILTIN","md5":""}
stddev_if(BIGINT,BOOLEAN)	DOUBLE	Aggregate	VARBINARY	{"fid":"0","symbol":"","file":"","isolation":"isolated","type":"BUILTIN","md5":""}
stddev_if(BOOLEAN,BOOLEAN)	DOUBLE	Aggregate	VARBINARY	{"fid":"0","symbol":"","file":"","isolation":"isolated","type":"BUILTIN","md5":""}
stddev_if(DOUBLE,BOOLEAN)	DOUBLE	Aggregate	VARBINARY	{"fid":"0","symbol":"","file":"","isolation":"isolated","type":"BUILTIN","md5":""}
stddev_if(FLOAT,BOOLEAN)	DOUBLE	Aggregate	VARBINARY	{"fid":"0","symbol":"","file":"","isolation":"isolated","type":"BUILTIN","md5":""}
stddev_if(INT,BOOLEAN)	DOUBLE	Aggregate	VARBINARY	{"fid":"0","symbol":"","file":"","isolation":"isolated","type":"BUILTIN","md5":""}
stddev_if(LARGEINT,BOOLEAN)	DOUBLE	Aggregate	VARBINARY	{"fid":"0","symbol":"","file":"","isolation":"isolated","type":"BUILTIN","md5":""}
stddev_if(SMALLINT,BOOLEAN)	DOUBLE	Aggregate	VARBINARY	{"fid":"0","symbol":"","file":"","isolation":"isolated","type":"BUILTIN","md5":""}
stddev_if(TINYINT,BOOLEAN)	DOUBLE	Aggregate	VARBINARY	{"fid":"0","symbol":"","file":"","isolation":"isolated","type":"BUILTIN","md5":""}
stddev_merge(VARBINARY)	DOUBLE	Aggregate	VARBINARY	{"fid":"0","symbol":"","file":"","isolation":"isolated","type":"BUILTIN","md5":""}
stddev_pop(BIGINT)	DOUBLE	Aggregate	VARBINARY	{"fid":"0","symbol":"","file":"","isolation":"isolated","type":"BUILTIN","md5":""}
stddev_pop(BOOLEAN)	DOUBLE	Aggregate	VARBINARY	{"fid":"0","symbol":"","file":"","isolation":"isolated","type":"BUILTIN","md5":""}
stddev_pop(DOUBLE)	DOUBLE	Aggregate	VARBINARY	{"fid":"0","symbol":"","file":"","isolation":"isolated","type":"BUILTIN","md5":""}
stddev_pop(FLOAT)	DOUBLE	Aggregate	VARBINARY	{"fid":"0","symbol":"","file":"","isolation":"isolated","type":"BUILTIN","md5":""}
stddev_pop(INT)	DOUBLE	Aggregate	VARBINARY	{"fid":"0","symbol":"","file":"","isolation":"isolated","type":"BUILTIN","md5":""}
stddev_pop(LARGEINT)	DOUBLE	Aggregate	VARBINARY	{"fid":"0","symbol":"","file":"","isolation":"isolated","type":"BUILTIN","md5":""}
stddev_pop(SMALLINT)	DOUBLE	Aggregate	VARBINARY	{"fid":"0","symbol":"","file":"","isolation":"isolated","type":"BUILTIN","md5":""}
stddev_pop(TINYINT)	DOUBLE	Aggregate	VARBINARY	{"fid":"0","symbol":"","file":"","isolation":"isolated","type":"BUILTIN","md5":""}
stddev_pop_combine(BIGINT)	VARBINARY	Aggregate	NULL	{"fid":"0","symbol":"","file":"","isolation":"isolated","type":"BUILTIN","md5":""}
stddev_pop_combine(BOOLEAN)	VARBINARY	Aggregate	NULL	{"fid":"0","symbol":"","file":"","isolation":"isolated","type":"BUILTIN","md5":""}
stddev_pop_combine(DOUBLE)	VARBINARY	Aggregate	NULL	{"fid":"0","symbol":"","file":"","isolation":"isolated","type":"BUILTIN","md5":""}
stddev_pop_combine(FLOAT)	VARBINARY	Aggregate	NULL	{"fid":"0","symbol":"","file":"","isolation":"isolated","type":"BUILTIN","md5":""}
stddev_pop_combine(INT)	VARBINARY	Aggregate	NULL	{"fid":"0","symbol":"","file":"","isolation":"isolated","type":"BUILTIN","md5":""}
stddev_pop_combine(LARGEINT)	VARBINARY	Aggregate	NULL	{"fid":"0","symbol":"","file":"","isolation":"isolated","type":"BUILTIN","md5":""}
stddev_pop_combine(SMALLINT)	VARBINARY	Aggregate	NULL	{"fid":"0","symbol":"","file":"","isolation":"isolated","type":"BUILTIN","md5":""}
stddev_pop_combine(TINYINT)	VARBINARY	Aggregate	NULL	{"fid":"0","symbol":"","file":"","isolation":"isolated","type":"BUILTIN","md5":""}
stddev_pop_if(BIGINT,BOOLEAN)	DOUBLE	Aggregate	VARBINARY	{"fid":"0","symbol":"","file":"","isolation":"isolated","type":"BUILTIN","md5":""}
stddev_pop_if(BOOLEAN,BOOLEAN)	DOUBLE	Aggregate	VARBINARY	{"fid":"0","symbol":"","file":"","isolation":"isolated","type":"BUILTIN","md5":""}
stddev_pop_if(DOUBLE,BOOLEAN)	DOUBLE	Aggregate	VARBINARY	{"fid":"0","symbol":"","file":"","isolation":"isolated","type":"BUILTIN","md5":""}
stddev_pop_if(FLOAT,BOOLEAN)	DOUBLE	Aggregate	VARBINARY	{"fid":"0","symbol":"","file":"","isolation":"isolated","type":"BUILTIN","md5":""}
stddev_pop_if(INT,BOOLEAN)	DOUBLE	Aggregate	VARBINARY	{"fid":"0","symbol":"","file":"","isolation":"isolated","type":"BUILTIN","md5":""}
stddev_pop_if(LARGEINT,BOOLEAN)	DOUBLE	Aggregate	VARBINARY	{"fid":"0","symbol":"","file":"","isolation":"isolated","type":"BUILTIN","md5":""}
stddev_pop_if(SMALLINT,BOOLEAN)	DOUBLE	Aggregate	VARBINARY	{"fid":"0","symbol":"","file":"","isolation":"isolated","type":"BUILTIN","md5":""}
stddev_pop_if(TINYINT,BOOLEAN)	DOUBLE	Aggregate	VARBINARY	{"fid":"0","symbol":"","file":"","isolation":"isolated","type":"BUILTIN","md5":""}
stddev_pop_merge(VARBINARY)	DOUBLE	Aggregate	VARBINARY	{"fid":"0","symbol":"","file":"","isolation":"isolated","type":"BUILTIN","md5":""}
stddev_pop_state(BIGINT)	VARBINARY	Scalar	NULL	{"fid":"0","symbol":"","file":"","isolation":"isolated","type":"BUILTIN","md5":""}
stddev_pop_state(BOOLEAN)	VARBINARY	Scalar	NULL	{"fid":"0","symbol":"","file":"","isolation":"isolated","type":"BUILTIN","md5":""}
stddev_pop_state(DOUBLE)	VARBINARY	Scalar	NULL	{"fid":"0","symbol":"","file":"","isolation":"isolated","type":"BUILTIN","md5":""}
stddev_pop_state(FLOAT)	VARBINARY	Scalar	NULL	{"fid":"0","symbol":"","file":"","isolation":"isolated","type":"BUILTIN","md5":""}
stddev_pop_state(INT)	VARBINARY	Scalar	NULL	{"fid":"0","symbol":"","file":"","isolation":"isolated","type":"BUILTIN","md5":""}
stddev_pop_state(LARGEINT)	VARBINARY	Scalar	NULL	{"fid":"0","symbol":"","file":"","isolation":"isolated","type":"BUILTIN","md5":""}
stddev_pop_state(SMALLINT)	VARBINARY	Scalar	NULL	{"fid":"0","symbol":"","file":"","isolation":"isolated","type":"BUILTIN","md5":""}
stddev_pop_state(TINYINT)	VARBINARY	Scalar	NULL	{"fid":"0","symbol":"","file":"","isolation":"isolated","type":"BUILTIN","md5":""}
stddev_pop_state_merge(VARBINARY)	DOUBLE	Scalar	NULL	{"fid":"0","symbol":"","file":"","isolation":"isolated","type":"BUILTIN","md5":""}
stddev_pop_state_union(VARBINARY,VARBINARY)	VARBINARY	Scalar	NULL	{"fid":"0","symbol":"","file":"","isolation":"isolated","type":"BUILTIN","md5":""}
stddev_pop_union(VARBINARY)	VARBINARY	Aggregate	NULL	{"fid":"0","symbol":"","file":"","isolation":"isolated","type":"BUILTIN","md5":""}
stddev_samp(BIGINT)	DOUBLE	Aggregate	VARBINARY	{"fid":"0","symbol":"","file":"","isolation":"isolated","type":"BUILTIN","md5":""}
stddev_samp(BOOLEAN)	DOUBLE	Aggregate	VARBINARY	{"fid":"0","symbol":"","file":"","isolation":"isolated","type":"BUILTIN","md5":""}
stddev_samp(DOUBLE)	DOUBLE	Aggregate	VARBINARY	{"fid":"0","symbol":"","file":"","isolation":"isolated","type":"BUILTIN","md5":""}
stddev_samp(FLOAT)	DOUBLE	Aggregate	VARBINARY	{"fid":"0","symbol":"","file":"","isolation":"isolated","type":"BUILTIN","md5":""}
stddev_samp(INT)	DOUBLE	Aggregate	VARBINARY	{"fid":"0","symbol":"","file":"","isolation":"isolated","type":"BUILTIN","md5":""}
stddev_samp(LARGEINT)	DOUBLE	Aggregate	VARBINARY	{"fid":"0","symbol":"","file":"","isolation":"isolated","type":"BUILTIN","md5":""}
stddev_samp(SMALLINT)	DOUBLE	Aggregate	VARBINARY	{"fid":"0","symbol":"","file":"","isolation":"isolated","type":"BUILTIN","md5":""}
stddev_samp(TINYINT)	DOUBLE	Aggregate	VARBINARY	{"fid":"0","symbol":"","file":"","isolation":"isolated","type":"BUILTIN","md5":""}
stddev_samp_combine(BIGINT)	VARBINARY	Aggregate	NULL	{"fid":"0","symbol":"","file":"","isolation":"isolated","type":"BUILTIN","md5":""}
stddev_samp_combine(BOOLEAN)	VARBINARY	Aggregate	NULL	{"fid":"0","symbol":"","file":"","isolation":"isolated","type":"BUILTIN","md5":""}
stddev_samp_combine(DOUBLE)	VARBINARY	Aggregate	NULL	{"fid":"0","symbol":"","file":"","isolation":"isolated","type":"BUILTIN","md5":""}
stddev_samp_combine(FLOAT)	VARBINARY	Aggregate	NULL	{"fid":"0","symbol":"","file":"","isolation":"isolated","type":"BUILTIN","md5":""}
stddev_samp_combine(INT)	VARBINARY	Aggregate	NULL	{"fid":"0","symbol":"","file":"","isolation":"isolated","type":"BUILTIN","md5":""}
stddev_samp_combine(LARGEINT)	VARBINARY	Aggregate	NULL	{"fid":"0","symbol":"","file":"","isolation":"isolated","type":"BUILTIN","md5":""}
stddev_samp_combine(SMALLINT)	VARBINARY	Aggregate	NULL	{"fid":"0","symbol":"","file":"","isolation":"isolated","type":"BUILTIN","md5":""}
stddev_samp_combine(TINYINT)	VARBINARY	Aggregate	NULL	{"fid":"0","symbol":"","file":"","isolation":"isolated","type":"BUILTIN","md5":""}
stddev_samp_if(BIGINT,BOOLEAN)	DOUBLE	Aggregate	VARBINARY	{"fid":"0","symbol":"","file":"","isolation":"isolated","type":"BUILTIN","md5":""}
stddev_samp_if(BOOLEAN,BOOLEAN)	DOUBLE	Aggregate	VARBINARY	{"fid":"0","symbol":"","file":"","isolation":"isolated","type":"BUILTIN","md5":""}
stddev_samp_if(DOUBLE,BOOLEAN)	DOUBLE	Aggregate	VARBINARY	{"fid":"0","symbol":"","file":"","isolation":"isolated","type":"BUILTIN","md5":""}
stddev_samp_if(FLOAT,BOOLEAN)	DOUBLE	Aggregate	VARBINARY	{"fid":"0","symbol":"","file":"","isolation":"isolated","type":"BUILTIN","md5":""}
stddev_samp_if(INT,BOOLEAN)	DOUBLE	Aggregate	VARBINARY	{"fid":"0","symbol":"","file":"","isolation":"isolated","type":"BUILTIN","md5":""}
stddev_samp_if(LARGEINT,BOOLEAN)	DOUBLE	Aggregate	VARBINARY	{"fid":"0","symbol":"","file":"","isolation":"isolated","type":"BUILTIN","md5":""}
stddev_samp_if(SMALLINT,BOOLEAN)	DOUBLE	Aggregate	VARBINARY	{"fid":"0","symbol":"","file":"","isolation":"isolated","type":"BUILTIN","md5":""}
stddev_samp_if(TINYINT,BOOLEAN)	DOUBLE	Aggregate	VARBINARY	{"fid":"0","symbol":"","file":"","isolation":"isolated","type":"BUILTIN","md5":""}
stddev_samp_merge(VARBINARY)	DOUBLE	Aggregate	VARBINARY	{"fid":"0","symbol":"","file":"","isolation":"isolated","type":"BUILTIN","md5":""}
stddev_samp_state(BIGINT)	VARBINARY	Scalar	NULL	{"fid":"0","symbol":"","file":"","isolation":"isolated","type":"BUILTIN","md5":""}
stddev_samp_state(BOOLEAN)	VARBINARY	Scalar	NULL	{"fid":"0","symbol":"","file":"","isolation":"isolated","type":"BUILTIN","md5":""}
stddev_samp_state(DOUBLE)	VARBINARY	Scalar	NULL	{"fid":"0","symbol":"","file":"","isolation":"isolated","type":"BUILTIN","md5":""}
stddev_samp_state(FLOAT)	VARBINARY	Scalar	NULL	{"fid":"0","symbol":"","file":"","isolation":"isolated","type":"BUILTIN","md5":""}
stddev_samp_state(INT)	VARBINARY	Scalar	NULL	{"fid":"0","symbol":"","file":"","isolation":"isolated","type":"BUILTIN","md5":""}
stddev_samp_state(LARGEINT)	VARBINARY	Scalar	NULL	{"fid":"0","symbol":"","file":"","isolation":"isolated","type":"BUILTIN","md5":""}
stddev_samp_state(SMALLINT)	VARBINARY	Scalar	NULL	{"fid":"0","symbol":"","file":"","isolation":"isolated","type":"BUILTIN","md5":""}
stddev_samp_state(TINYINT)	VARBINARY	Scalar	NULL	{"fid":"0","symbol":"","file":"","isolation":"isolated","type":"BUILTIN","md5":""}
stddev_samp_state_merge(VARBINARY)	DOUBLE	Scalar	NULL	{"fid":"0","symbol":"","file":"","isolation":"isolated","type":"BUILTIN","md5":""}
stddev_samp_state_union(VARBINARY,VARBINARY)	VARBINARY	Scalar	NULL	{"fid":"0","symbol":"","file":"","isolation":"isolated","type":"BUILTIN","md5":""}
stddev_samp_union(VARBINARY)	VARBINARY	Aggregate	NULL	{"fid":"0","symbol":"","file":"","isolation":"isolated","type":"BUILTIN","md5":""}
stddev_state(BIGINT)	VARBINARY	Scalar	NULL	{"fid":"0","symbol":"","file":"","isolation":"isolated","type":"BUILTIN","md5":""}
stddev_state(BOOLEAN)	VARBINARY	Scalar	NULL	{"fid":"0","symbol":"","file":"","isolation":"isolated","type":"BUILTIN","md5":""}
stddev_state(DOUBLE)	VARBINARY	Scalar	NULL	{"fid":"0","symbol":"","file":"","isolation":"isolated","type":"BUILTIN","md5":""}
stddev_state(FLOAT)	VARBINARY	Scalar	NULL	{"fid":"0","symbol":"","file":"","isolation":"isolated","type":"BUILTIN","md5":""}
stddev_state(INT)	VARBINARY	Scalar	NULL	{"fid":"0","symbol":"","file":"","isolation":"isolated","type":"BUILTIN","md5":""}
stddev_state(LARGEINT)	VARBINARY	Scalar	NULL	{"fid":"0","symbol":"","file":"","isolation":"isolated","type":"BUILTIN","md5":""}
stddev_state(SMALLINT)	VARBINARY	Scalar	NULL	{"fid":"0","symbol":"","file":"","isolation":"isolated","type":"BUILTIN","md5":""}
stddev_state(TINYINT)	VARBINARY	Scalar	NULL	{"fid":"0","symbol":"","file":"","isolation":"isolated","type":"BUILTIN","md5":""}
stddev_state_merge(VARBINARY)	DOUBLE	Scalar	NULL	{"fid":"0","symbol":"","file":"","isolation":"isolated","type":"BUILTIN","md5":""}
stddev_state_union(VARBINARY,VARBINARY)	VARBINARY	Scalar	NULL	{"fid":"0","symbol":"","file":"","isolation":"isolated","type":"BUILTIN","md5":""}
stddev_union(VARBINARY)	VARBINARY	Aggregate	NULL	{"fid":"0","symbol":"","file":"","isolation":"isolated","type":"BUILTIN","md5":""}
str2date(VARCHAR,VARCHAR)	DATE	Scalar	NULL	{"fid":"50243","symbol":"","file":"","isolation":"isolated","type":"BUILTIN","md5":""}
str_to_date(VARCHAR,VARCHAR)	DATETIME	Scalar	NULL	{"fid":"50240","symbol":"","file":"","isolation":"isolated","type":"BUILTIN","md5":""}
str_to_jodatime(VARCHAR,VARCHAR)	DATETIME	Scalar	NULL	{"fid":"50244","symbol":"","file":"","isolation":"isolated","type":"BUILTIN","md5":""}
str_to_map(INVALID_TYPE,VARCHAR)	INVALID_TYPE	Scalar	NULL	{"fid":"30316","symbol":"","file":"","isolation":"isolated","type":"BUILTIN","md5":""}
str_to_map(VARCHAR,VARCHAR,VARCHAR)	INVALID_TYPE	Scalar	NULL	{"fid":"30317","symbol":"","file":"","isolation":"isolated","type":"BUILTIN","md5":""}
strcmp(VARCHAR,VARCHAR)	INT	Scalar	NULL	{"fid":"30420","symbol":"","file":"","isolation":"isolated","type":"BUILTIN","md5":""}
strleft(VARCHAR,INT)	VARCHAR	Scalar	NULL	{"fid":"30021","symbol":"","file":"","isolation":"isolated","type":"BUILTIN","md5":""}
strpos(VARCHAR,VARCHAR)	BIGINT	Scalar	NULL	{"fid":"30225","symbol":"","file":"","isolation":"isolated","type":"BUILTIN","md5":""}
strpos(VARCHAR,VARCHAR,INT)	BIGINT	Scalar	NULL	{"fid":"30226","symbol":"","file":"","isolation":"isolated","type":"BUILTIN","md5":""}
strright(VARCHAR,INT)	VARCHAR	Scalar	NULL	{"fid":"30031","symbol":"","file":"","isolation":"isolated","type":"BUILTIN","md5":""}
sub_bitmap(BITMAP,BIGINT,BIGINT)	BITMAP	Scalar	NULL	{"fid":"91000","symbol":"","file":"","isolation":"isolated","type":"BUILTIN","md5":""}
subdate(DATETIME,INT)	DATETIME	Scalar	NULL	{"fid":"50145","symbol":"","file":"","isolation":"isolated","type":"BUILTIN","md5":""}
subdivide_bitmap(BITMAP,BIGINT)	INVALID_TYPE	Table	NULL	{"fid":"0","symbol":"","file":"","type":"BUILTIN","md5":""}
subdivide_bitmap(BITMAP,INT)	INVALID_TYPE	Table	NULL	{"fid":"0","symbol":"","file":"","type":"BUILTIN","md5":""}
subdivide_bitmap(BITMAP,LARGEINT)	INVALID_TYPE	Table	NULL	{"fid":"0","symbol":"","file":"","type":"BUILTIN","md5":""}
subdivide_bitmap(BITMAP,SMALLINT)	INVALID_TYPE	Table	NULL	{"fid":"0","symbol":"","file":"","type":"BUILTIN","md5":""}
subdivide_bitmap(BITMAP,TINYINT)	INVALID_TYPE	Table	NULL	{"fid":"0","symbol":"","file":"","type":"BUILTIN","md5":""}
substr(VARCHAR,INT)	VARCHAR	Scalar	NULL	{"fid":"30010","symbol":"","file":"","isolation":"isolated","type":"BUILTIN","md5":""}
substr(VARCHAR,INT,INT)	VARCHAR	Scalar	NULL	{"fid":"30011","symbol":"","file":"","isolation":"isolated","type":"BUILTIN","md5":""}
substring(VARCHAR,INT)	VARCHAR	Scalar	NULL	{"fid":"30012","symbol":"","file":"","isolation":"isolated","type":"BUILTIN","md5":""}
substring(VARCHAR,INT,INT)	VARCHAR	Scalar	NULL	{"fid":"30013","symbol":"","file":"","isolation":"isolated","type":"BUILTIN","md5":""}
substring_index(VARCHAR,VARCHAR,INT)	VARCHAR	Scalar	NULL	{"fid":"30312","symbol":"","file":"","isolation":"isolated","type":"BUILTIN","md5":""}
subtract(BIGINT,BIGINT)	BIGINT	Scalar	NULL	{"fid":"0","symbol":"","file":"","isolation":"isolated","type":"BUILTIN","md5":""}
subtract(BOOLEAN,BOOLEAN)	BOOLEAN	Scalar	NULL	{"fid":"0","symbol":"","file":"","isolation":"isolated","type":"BUILTIN","md5":""}
subtract(DECIMAL128,DECIMAL128)	DECIMAL128	Scalar	NULL	{"fid":"0","symbol":"","file":"","isolation":"isolated","type":"BUILTIN","md5":""}
subtract(DECIMAL256,DECIMAL256)	DECIMAL256	Scalar	NULL	{"fid":"0","symbol":"","file":"","isolation":"isolated","type":"BUILTIN","md5":""}
subtract(DECIMAL32,DECIMAL32)	DECIMAL32	Scalar	NULL	{"fid":"0","symbol":"","file":"","isolation":"isolated","type":"BUILTIN","md5":""}
subtract(DECIMAL64,DECIMAL64)	DECIMAL64	Scalar	NULL	{"fid":"0","symbol":"","file":"","isolation":"isolated","type":"BUILTIN","md5":""}
subtract(DECIMALV2,DECIMALV2)	DECIMALV2	Scalar	NULL	{"fid":"0","symbol":"","file":"","isolation":"isolated","type":"BUILTIN","md5":""}
subtract(DOUBLE,DOUBLE)	DOUBLE	Scalar	NULL	{"fid":"0","symbol":"","file":"","isolation":"isolated","type":"BUILTIN","md5":""}
subtract(FLOAT,FLOAT)	FLOAT	Scalar	NULL	{"fid":"0","symbol":"","file":"","isolation":"isolated","type":"BUILTIN","md5":""}
subtract(INT,INT)	INT	Scalar	NULL	{"fid":"0","symbol":"","file":"","isolation":"isolated","type":"BUILTIN","md5":""}
subtract(LARGEINT,LARGEINT)	LARGEINT	Scalar	NULL	{"fid":"0","symbol":"","file":"","isolation":"isolated","type":"BUILTIN","md5":""}
subtract(SMALLINT,SMALLINT)	SMALLINT	Scalar	NULL	{"fid":"0","symbol":"","file":"","isolation":"isolated","type":"BUILTIN","md5":""}
subtract(TINYINT,TINYINT)	TINYINT	Scalar	NULL	{"fid":"0","symbol":"","file":"","isolation":"isolated","type":"BUILTIN","md5":""}
sum(BIGINT)	BIGINT	Aggregate	NULL	{"fid":"0","symbol":"","file":"","isolation":"isolated","type":"BUILTIN","md5":""}
sum(BOOLEAN)	BIGINT	Aggregate	NULL	{"fid":"0","symbol":"","file":"","isolation":"isolated","type":"BUILTIN","md5":""}
sum(DECIMAL128)	DECIMAL128	Aggregate	NULL	{"fid":"0","symbol":"","file":"","isolation":"isolated","type":"BUILTIN","md5":""}
sum(DECIMAL256)	DECIMAL256	Aggregate	NULL	{"fid":"0","symbol":"","file":"","isolation":"isolated","type":"BUILTIN","md5":""}
sum(DECIMAL32)	DECIMAL128	Aggregate	NULL	{"fid":"0","symbol":"","file":"","isolation":"isolated","type":"BUILTIN","md5":""}
sum(DECIMAL64)	DECIMAL128	Aggregate	NULL	{"fid":"0","symbol":"","file":"","isolation":"isolated","type":"BUILTIN","md5":""}
sum(DECIMALV2)	DECIMALV2	Aggregate	NULL	{"fid":"0","symbol":"","file":"","isolation":"isolated","type":"BUILTIN","md5":""}
sum(DOUBLE)	DOUBLE	Aggregate	NULL	{"fid":"0","symbol":"","file":"","isolation":"isolated","type":"BUILTIN","md5":""}
sum(FLOAT)	DOUBLE	Aggregate	NULL	{"fid":"0","symbol":"","file":"","isolation":"isolated","type":"BUILTIN","md5":""}
sum(INT)	BIGINT	Aggregate	NULL	{"fid":"0","symbol":"","file":"","isolation":"isolated","type":"BUILTIN","md5":""}
sum(LARGEINT)	LARGEINT	Aggregate	NULL	{"fid":"0","symbol":"","file":"","isolation":"isolated","type":"BUILTIN","md5":""}
sum(SMALLINT)	BIGINT	Aggregate	NULL	{"fid":"0","symbol":"","file":"","isolation":"isolated","type":"BUILTIN","md5":""}
sum(TINYINT)	BIGINT	Aggregate	NULL	{"fid":"0","symbol":"","file":"","isolation":"isolated","type":"BUILTIN","md5":""}
sum_combine(BIGINT)	BIGINT	Aggregate	NULL	{"fid":"0","symbol":"","file":"","isolation":"isolated","type":"BUILTIN","md5":""}
sum_combine(DECIMAL128)	DECIMAL128	Aggregate	NULL	{"fid":"0","symbol":"","file":"","isolation":"isolated","type":"BUILTIN","md5":""}
sum_combine(DECIMAL256)	DECIMAL256	Aggregate	NULL	{"fid":"0","symbol":"","file":"","isolation":"isolated","type":"BUILTIN","md5":""}
sum_combine(DECIMAL32)	DECIMAL128	Aggregate	NULL	{"fid":"0","symbol":"","file":"","isolation":"isolated","type":"BUILTIN","md5":""}
sum_combine(DECIMAL64)	DECIMAL128	Aggregate	NULL	{"fid":"0","symbol":"","file":"","isolation":"isolated","type":"BUILTIN","md5":""}
sum_combine(DOUBLE)	DOUBLE	Aggregate	NULL	{"fid":"0","symbol":"","file":"","isolation":"isolated","type":"BUILTIN","md5":""}
sum_combine(FLOAT)	DOUBLE	Aggregate	NULL	{"fid":"0","symbol":"","file":"","isolation":"isolated","type":"BUILTIN","md5":""}
sum_combine(INT)	BIGINT	Aggregate	NULL	{"fid":"0","symbol":"","file":"","isolation":"isolated","type":"BUILTIN","md5":""}
sum_combine(LARGEINT)	LARGEINT	Aggregate	NULL	{"fid":"0","symbol":"","file":"","isolation":"isolated","type":"BUILTIN","md5":""}
sum_combine(SMALLINT)	BIGINT	Aggregate	NULL	{"fid":"0","symbol":"","file":"","isolation":"isolated","type":"BUILTIN","md5":""}
sum_combine(TINYINT)	BIGINT	Aggregate	NULL	{"fid":"0","symbol":"","file":"","isolation":"isolated","type":"BUILTIN","md5":""}
sum_if(BIGINT,BOOLEAN)	BIGINT	Aggregate	NULL	{"fid":"0","symbol":"","file":"","isolation":"isolated","type":"BUILTIN","md5":""}
sum_if(DECIMAL128,BOOLEAN)	DECIMAL128	Aggregate	NULL	{"fid":"0","symbol":"","file":"","isolation":"isolated","type":"BUILTIN","md5":""}
sum_if(DECIMAL256,BOOLEAN)	DECIMAL256	Aggregate	NULL	{"fid":"0","symbol":"","file":"","isolation":"isolated","type":"BUILTIN","md5":""}
sum_if(DECIMAL32,BOOLEAN)	DECIMAL128	Aggregate	NULL	{"fid":"0","symbol":"","file":"","isolation":"isolated","type":"BUILTIN","md5":""}
sum_if(DECIMAL64,BOOLEAN)	DECIMAL128	Aggregate	NULL	{"fid":"0","symbol":"","file":"","isolation":"isolated","type":"BUILTIN","md5":""}
sum_if(DOUBLE,BOOLEAN)	DOUBLE	Aggregate	NULL	{"fid":"0","symbol":"","file":"","isolation":"isolated","type":"BUILTIN","md5":""}
sum_if(FLOAT,BOOLEAN)	DOUBLE	Aggregate	NULL	{"fid":"0","symbol":"","file":"","isolation":"isolated","type":"BUILTIN","md5":""}
sum_if(INT,BOOLEAN)	BIGINT	Aggregate	NULL	{"fid":"0","symbol":"","file":"","isolation":"isolated","type":"BUILTIN","md5":""}
sum_if(LARGEINT,BOOLEAN)	LARGEINT	Aggregate	NULL	{"fid":"0","symbol":"","file":"","isolation":"isolated","type":"BUILTIN","md5":""}
sum_if(SMALLINT,BOOLEAN)	BIGINT	Aggregate	NULL	{"fid":"0","symbol":"","file":"","isolation":"isolated","type":"BUILTIN","md5":""}
sum_if(TINYINT,BOOLEAN)	BIGINT	Aggregate	NULL	{"fid":"0","symbol":"","file":"","isolation":"isolated","type":"BUILTIN","md5":""}
sum_map(INVALID_TYPE)	INVALID_TYPE	Aggregate	NULL	{"fid":"0","symbol":"","file":"","isolation":"isolated","type":"BUILTIN","md5":""}
sum_merge(BIGINT)	BIGINT	Aggregate	NULL	{"fid":"0","symbol":"","file":"","isolation":"isolated","type":"BUILTIN","md5":""}
sum_merge(DECIMAL128)	DECIMAL128	Aggregate	NULL	{"fid":"0","symbol":"","file":"","isolation":"isolated","type":"BUILTIN","md5":""}
sum_merge(DECIMAL256)	DECIMAL256	Aggregate	NULL	{"fid":"0","symbol":"","file":"","isolation":"isolated","type":"BUILTIN","md5":""}
sum_merge(DOUBLE)	DOUBLE	Aggregate	NULL	{"fid":"0","symbol":"","file":"","isolation":"isolated","type":"BUILTIN","md5":""}
sum_merge(LARGEINT)	LARGEINT	Aggregate	NULL	{"fid":"0","symbol":"","file":"","isolation":"isolated","type":"BUILTIN","md5":""}
sum_state(BIGINT)	BIGINT	Scalar	NULL	{"fid":"0","symbol":"","file":"","isolation":"isolated","type":"BUILTIN","md5":""}
sum_state(DECIMAL128)	DECIMAL128	Scalar	NULL	{"fid":"0","symbol":"","file":"","isolation":"isolated","type":"BUILTIN","md5":""}
sum_state(DECIMAL256)	DECIMAL256	Scalar	NULL	{"fid":"0","symbol":"","file":"","isolation":"isolated","type":"BUILTIN","md5":""}
sum_state(DECIMAL32)	DECIMAL128	Scalar	NULL	{"fid":"0","symbol":"","file":"","isolation":"isolated","type":"BUILTIN","md5":""}
sum_state(DECIMAL64)	DECIMAL128	Scalar	NULL	{"fid":"0","symbol":"","file":"","isolation":"isolated","type":"BUILTIN","md5":""}
sum_state(DOUBLE)	DOUBLE	Scalar	NULL	{"fid":"0","symbol":"","file":"","isolation":"isolated","type":"BUILTIN","md5":""}
sum_state(FLOAT)	DOUBLE	Scalar	NULL	{"fid":"0","symbol":"","file":"","isolation":"isolated","type":"BUILTIN","md5":""}
sum_state(INT)	BIGINT	Scalar	NULL	{"fid":"0","symbol":"","file":"","isolation":"isolated","type":"BUILTIN","md5":""}
sum_state(LARGEINT)	LARGEINT	Scalar	NULL	{"fid":"0","symbol":"","file":"","isolation":"isolated","type":"BUILTIN","md5":""}
sum_state(SMALLINT)	BIGINT	Scalar	NULL	{"fid":"0","symbol":"","file":"","isolation":"isolated","type":"BUILTIN","md5":""}
sum_state(TINYINT)	BIGINT	Scalar	NULL	{"fid":"0","symbol":"","file":"","isolation":"isolated","type":"BUILTIN","md5":""}
sum_state_merge(BIGINT)	BIGINT	Scalar	NULL	{"fid":"0","symbol":"","file":"","isolation":"isolated","type":"BUILTIN","md5":""}
sum_state_merge(DECIMAL128)	DECIMAL128	Scalar	NULL	{"fid":"0","symbol":"","file":"","isolation":"isolated","type":"BUILTIN","md5":""}
sum_state_merge(DECIMAL256)	DECIMAL256	Scalar	NULL	{"fid":"0","symbol":"","file":"","isolation":"isolated","type":"BUILTIN","md5":""}
sum_state_merge(DOUBLE)	DOUBLE	Scalar	NULL	{"fid":"0","symbol":"","file":"","isolation":"isolated","type":"BUILTIN","md5":""}
sum_state_merge(LARGEINT)	LARGEINT	Scalar	NULL	{"fid":"0","symbol":"","file":"","isolation":"isolated","type":"BUILTIN","md5":""}
sum_state_union(BIGINT,BIGINT)	BIGINT	Scalar	NULL	{"fid":"0","symbol":"","file":"","isolation":"isolated","type":"BUILTIN","md5":""}
sum_state_union(DECIMAL128,DECIMAL128)	DECIMAL128	Scalar	NULL	{"fid":"0","symbol":"","file":"","isolation":"isolated","type":"BUILTIN","md5":""}
sum_state_union(DECIMAL256,DECIMAL256)	DECIMAL256	Scalar	NULL	{"fid":"0","symbol":"","file":"","isolation":"isolated","type":"BUILTIN","md5":""}
sum_state_union(DOUBLE,DOUBLE)	DOUBLE	Scalar	NULL	{"fid":"0","symbol":"","file":"","isolation":"isolated","type":"BUILTIN","md5":""}
sum_state_union(LARGEINT,LARGEINT)	LARGEINT	Scalar	NULL	{"fid":"0","symbol":"","file":"","isolation":"isolated","type":"BUILTIN","md5":""}
sum_union(BIGINT)	BIGINT	Aggregate	NULL	{"fid":"0","symbol":"","file":"","isolation":"isolated","type":"BUILTIN","md5":""}
sum_union(DECIMAL128)	DECIMAL128	Aggregate	NULL	{"fid":"0","symbol":"","file":"","isolation":"isolated","type":"BUILTIN","md5":""}
sum_union(DECIMAL256)	DECIMAL256	Aggregate	NULL	{"fid":"0","symbol":"","file":"","isolation":"isolated","type":"BUILTIN","md5":""}
sum_union(DOUBLE)	DOUBLE	Aggregate	NULL	{"fid":"0","symbol":"","file":"","isolation":"isolated","type":"BUILTIN","md5":""}
sum_union(LARGEINT)	LARGEINT	Aggregate	NULL	{"fid":"0","symbol":"","file":"","isolation":"isolated","type":"BUILTIN","md5":""}
tan(DOUBLE)	DOUBLE	Scalar	NULL	{"fid":"10090","symbol":"","file":"","isolation":"isolated","type":"BUILTIN","md5":""}
tanh(DOUBLE)	DOUBLE	Scalar	NULL	{"fid":"10101","symbol":"","file":"","isolation":"isolated","type":"BUILTIN","md5":""}
time_format(TIME,VARCHAR)	VARCHAR	Scalar	NULL	{"fid":"50610","symbol":"","file":"","isolation":"isolated","type":"BUILTIN","md5":""}
time_slice(DATETIME,INT,VARCHAR)	DATETIME	Scalar	NULL	{"fid":"50372","symbol":"","file":"","isolation":"isolated","type":"BUILTIN","md5":""}
time_slice(DATETIME,INT,VARCHAR,VARCHAR)	DATETIME	Scalar	NULL	{"fid":"50373","symbol":"","file":"","isolation":"isolated","type":"BUILTIN","md5":""}
time_to_sec(TIME)	BIGINT	Scalar	NULL	{"fid":"50250","symbol":"","file":"","isolation":"isolated","type":"BUILTIN","md5":""}
timediff(DATETIME,DATETIME)	TIME	Scalar	NULL	{"fid":"50198","symbol":"","file":"","isolation":"isolated","type":"BUILTIN","md5":""}
timestamp(DATETIME)	DATETIME	Scalar	NULL	{"fid":"50360","symbol":"","file":"","isolation":"isolated","type":"BUILTIN","md5":""}
to_base64(VARBINARY)	VARCHAR	Scalar	NULL	{"fid":"120161","symbol":"","file":"","isolation":"isolated","type":"BUILTIN","md5":""}
to_base64(VARCHAR)	VARCHAR	Scalar	NULL	{"fid":"120130","symbol":"","file":"","isolation":"isolated","type":"BUILTIN","md5":""}
to_binary(VARCHAR)	VARBINARY	Scalar	NULL	{"fid":"30601","symbol":"","file":"","isolation":"isolated","type":"BUILTIN","md5":""}
to_binary(VARCHAR,VARCHAR)	VARBINARY	Scalar	NULL	{"fid":"30600","symbol":"","file":"","isolation":"isolated","type":"BUILTIN","md5":""}
to_bitmap(BIGINT)	BITMAP	Scalar	NULL	{"fid":"90015","symbol":"","file":"","isolation":"isolated","type":"BUILTIN","md5":""}
to_bitmap(BOOLEAN)	BITMAP	Scalar	NULL	{"fid":"90011","symbol":"","file":"","isolation":"isolated","type":"BUILTIN","md5":""}
to_bitmap(INT)	BITMAP	Scalar	NULL	{"fid":"90014","symbol":"","file":"","isolation":"isolated","type":"BUILTIN","md5":""}
to_bitmap(LARGEINT)	BITMAP	Scalar	NULL	{"fid":"90016","symbol":"","file":"","isolation":"isolated","type":"BUILTIN","md5":""}
to_bitmap(SMALLINT)	BITMAP	Scalar	NULL	{"fid":"90013","symbol":"","file":"","isolation":"isolated","type":"BUILTIN","md5":""}
to_bitmap(TINYINT)	BITMAP	Scalar	NULL	{"fid":"90012","symbol":"","file":"","isolation":"isolated","type":"BUILTIN","md5":""}
to_bitmap(VARCHAR)	BITMAP	Scalar	NULL	{"fid":"90010","symbol":"","file":"","isolation":"isolated","type":"BUILTIN","md5":""}
to_date(DATETIME)	DATE	Scalar	NULL	{"fid":"50050","symbol":"","file":"","isolation":"isolated","type":"BUILTIN","md5":""}
to_datetime(BIGINT)	DATETIME	Scalar	NULL	{"fid":"50306","symbol":"","file":"","isolation":"isolated","type":"BUILTIN","md5":""}
to_datetime(BIGINT,INT)	DATETIME	Scalar	NULL	{"fid":"50307","symbol":"","file":"","isolation":"isolated","type":"BUILTIN","md5":""}
to_datetime_ntz(BIGINT)	DATETIME	Scalar	NULL	{"fid":"50308","symbol":"","file":"","isolation":"isolated","type":"BUILTIN","md5":""}
to_datetime_ntz(BIGINT,INT)	DATETIME	Scalar	NULL	{"fid":"50309","symbol":"","file":"","isolation":"isolated","type":"BUILTIN","md5":""}
to_days(DATE)	INT	Scalar	NULL	{"fid":"50231","symbol":"","file":"","isolation":"isolated","type":"BUILTIN","md5":""}
to_iso8601(DATE)	VARCHAR	Scalar	NULL	{"fid":"50263","symbol":"","file":"","isolation":"isolated","type":"BUILTIN","md5":""}
to_iso8601(DATETIME)	VARCHAR	Scalar	NULL	{"fid":"50262","symbol":"","file":"","isolation":"isolated","type":"BUILTIN","md5":""}
to_json(INVALID_TYPE)	JSON	Scalar	NULL	{"fid":"110100","symbol":"","file":"","isolation":"isolated","type":"BUILTIN","md5":""}
to_tera_date(VARCHAR,VARCHAR)	DATE	Scalar	NULL	{"fid":"50052","symbol":"","file":"","isolation":"isolated","type":"BUILTIN","md5":""}
to_tera_timestamp(VARCHAR,VARCHAR)	DATETIME	Scalar	NULL	{"fid":"50053","symbol":"","file":"","isolation":"isolated","type":"BUILTIN","md5":""}
tokenize(VARCHAR,VARCHAR)	INVALID_TYPE	Scalar	NULL	{"fid":"190000","symbol":"","file":"","isolation":"isolated","type":"BUILTIN","md5":""}
translate(VARCHAR,VARCHAR,VARCHAR)	VARCHAR	Scalar	NULL	{"fid":"30430","symbol":"","file":"","isolation":"isolated","type":"BUILTIN","md5":""}
trim(VARCHAR)	VARCHAR	Scalar	NULL	{"fid":"30170","symbol":"","file":"","isolation":"isolated","type":"BUILTIN","md5":""}
trim(VARCHAR,VARCHAR)	VARCHAR	Scalar	NULL	{"fid":"30171","symbol":"","file":"","isolation":"isolated","type":"BUILTIN","md5":""}
truncate(DECIMAL128,INT)	DECIMAL128	Scalar	NULL	{"fid":"10129","symbol":"","file":"","isolation":"isolated","type":"BUILTIN","md5":""}
truncate(DOUBLE,INT)	DOUBLE	Scalar	NULL	{"fid":"10134","symbol":"","file":"","isolation":"isolated","type":"BUILTIN","md5":""}
ucase(VARCHAR)	VARCHAR	Scalar	NULL	{"fid":"30151","symbol":"","file":"","isolation":"isolated","type":"BUILTIN","md5":""}
unhex(VARCHAR)	VARCHAR	Scalar	NULL	{"fid":"10314","symbol":"","file":"","isolation":"isolated","type":"BUILTIN","md5":""}
unix_timestamp()	BIGINT	Scalar	NULL	{"fid":"50284","symbol":"","file":"","isolation":"isolated","type":"BUILTIN","md5":""}
unix_timestamp(DATE)	BIGINT	Scalar	NULL	{"fid":"50286","symbol":"","file":"","isolation":"isolated","type":"BUILTIN","md5":""}
unix_timestamp(DATETIME)	BIGINT	Scalar	NULL	{"fid":"50285","symbol":"","file":"","isolation":"isolated","type":"BUILTIN","md5":""}
unix_timestamp(VARCHAR,VARCHAR)	BIGINT	Scalar	NULL	{"fid":"50287","symbol":"","file":"","isolation":"isolated","type":"BUILTIN","md5":""}
unnest(INVALID_TYPE, ...)	INVALID_TYPE	Table	NULL	{"fid":"0","symbol":"","file":"","type":"BUILTIN","md5":""}
unnest_bitmap(BITMAP)	INVALID_TYPE	Table	NULL	{"fid":"0","symbol":"","file":"","type":"BUILTIN","md5":""}
upper(VARCHAR)	VARCHAR	Scalar	NULL	{"fid":"30150","symbol":"","file":"","isolation":"isolated","type":"BUILTIN","md5":""}
url_decode(VARCHAR)	VARCHAR	Scalar	NULL	{"fid":"30422","symbol":"","file":"","isolation":"isolated","type":"BUILTIN","md5":""}
url_encode(VARCHAR)	VARCHAR	Scalar	NULL	{"fid":"30421","symbol":"","file":"","isolation":"isolated","type":"BUILTIN","md5":""}
url_extract_host(VARCHAR)	VARCHAR	Scalar	NULL	{"fid":"30412","symbol":"","file":"","isolation":"isolated","type":"BUILTIN","md5":""}
url_extract_parameter(VARCHAR,VARCHAR)	VARCHAR	Scalar	NULL	{"fid":"30411","symbol":"","file":"","isolation":"isolated","type":"BUILTIN","md5":""}
utc_time()	TIME	Scalar	NULL	{"fid":"50331","symbol":"","file":"","isolation":"isolated","type":"BUILTIN","md5":""}
utc_timestamp()	DATETIME	Scalar	NULL	{"fid":"50330","symbol":"","file":"","isolation":"isolated","type":"BUILTIN","md5":""}
uuid()	VARCHAR	Scalar	NULL	{"fid":"100015","symbol":"","file":"","isolation":"isolated","type":"BUILTIN","md5":""}
uuid_numeric()	LARGEINT	Scalar	NULL	{"fid":"100016","symbol":"","file":"","isolation":"isolated","type":"BUILTIN","md5":""}
uuid_v7()	VARCHAR	Scalar	NULL	{"fid":"100025","symbol":"","file":"","isolation":"isolated","type":"BUILTIN","md5":""}
uuid_v7_numeric()	LARGEINT	Scalar	NULL	{"fid":"100026","symbol":"","file":"","isolation":"isolated","type":"BUILTIN","md5":""}
var_pop(BIGINT)	DOUBLE	Aggregate	VARBINARY	{"fid":"0","symbol":"","file":"","isolation":"isolated","type":"BUILTIN","md5":""}
var_pop(BOOLEAN)	DOUBLE	Aggregate	VARBINARY	{"fid":"0","symbol":"","file":"","isolation":"isolated","type":"BUILTIN","md5":""}
var_pop(DOUBLE)	DOUBLE	Aggregate	VARBINARY	{"fid":"0","symbol":"","file":"","isolation":"isolated","type":"BUILTIN","md5":""}
var_pop(FLOAT)	DOUBLE	Aggregate	VARBINARY	{"fid":"0","symbol":"","file":"","isolation":"isolated","type":"BUILTIN","md5":""}
var_pop(INT)	DOUBLE	Aggregate	VARBINARY	{"fid":"0","symbol":"","file":"","isolation":"isolated","type":"BUILTIN","md5":""}
var_pop(LARGEINT)	DOUBLE	Aggregate	VARBINARY	{"fid":"0","symbol":"","file":"","isolation":"isolated","type":"BUILTIN","md5":""}
var_pop(SMALLINT)	DOUBLE	Aggregate	VARBINARY	{"fid":"0","symbol":"","file":"","isolation":"isolated","type":"BUILTIN","md5":""}
var_pop(TINYINT)	DOUBLE	Aggregate	VARBINARY	{"fid":"0","symbol":"","file":"","isolation":"isolated","type":"BUILTIN","md5":""}
var_pop_combine(BIGINT)	VARBINARY	Aggregate	NULL	{"fid":"0","symbol":"","file":"","isolation":"isolated","type":"BUILTIN","md5":""}
var_pop_combine(BOOLEAN)	VARBINARY	Aggregate	NULL	{"fid":"0","symbol":"","file":"","isolation":"isolated","type":"BUILTIN","md5":""}
var_pop_combine(DOUBLE)	VARBINARY	Aggregate	NULL	{"fid":"0","symbol":"","file":"","isolation":"isolated","type":"BUILTIN","md5":""}
var_pop_combine(FLOAT)	VARBINARY	Aggregate	NULL	{"fid":"0","symbol":"","file":"","isolation":"isolated","type":"BUILTIN","md5":""}
var_pop_combine(INT)	VARBINARY	Aggregate	NULL	{"fid":"0","symbol":"","file":"","isolation":"isolated","type":"BUILTIN","md5":""}
var_pop_combine(LARGEINT)	VARBINARY	Aggregate	NULL	{"fid":"0","symbol":"","file":"","isolation":"isolated","type":"BUILTIN","md5":""}
var_pop_combine(SMALLINT)	VARBINARY	Aggregate	NULL	{"fid":"0","symbol":"","file":"","isolation":"isolated","type":"BUILTIN","md5":""}
var_pop_combine(TINYINT)	VARBINARY	Aggregate	NULL	{"fid":"0","symbol":"","file":"","isolation":"isolated","type":"BUILTIN","md5":""}
var_pop_if(BIGINT,BOOLEAN)	DOUBLE	Aggregate	VARBINARY	{"fid":"0","symbol":"","file":"","isolation":"isolated","type":"BUILTIN","md5":""}
var_pop_if(BOOLEAN,BOOLEAN)	DOUBLE	Aggregate	VARBINARY	{"fid":"0","symbol":"","file":"","isolation":"isolated","type":"BUILTIN","md5":""}
var_pop_if(DOUBLE,BOOLEAN)	DOUBLE	Aggregate	VARBINARY	{"fid":"0","symbol":"","file":"","isolation":"isolated","type":"BUILTIN","md5":""}
var_pop_if(FLOAT,BOOLEAN)	DOUBLE	Aggregate	VARBINARY	{"fid":"0","symbol":"","file":"","isolation":"isolated","type":"BUILTIN","md5":""}
var_pop_if(INT,BOOLEAN)	DOUBLE	Aggregate	VARBINARY	{"fid":"0","symbol":"","file":"","isolation":"isolated","type":"BUILTIN","md5":""}
var_pop_if(LARGEINT,BOOLEAN)	DOUBLE	Aggregate	VARBINARY	{"fid":"0","symbol":"","file":"","isolation":"isolated","type":"BUILTIN","md5":""}
var_pop_if(SMALLINT,BOOLEAN)	DOUBLE	Aggregate	VARBINARY	{"fid":"0","symbol":"","file":"","isolation":"isolated","type":"BUILTIN","md5":""}
var_pop_if(TINYINT,BOOLEAN)	DOUBLE	Aggregate	VARBINARY	{"fid":"0","symbol":"","file":"","isolation":"isolated","type":"BUILTIN","md5":""}
var_pop_merge(VARBINARY)	DOUBLE	Aggregate	VARBINARY	{"fid":"0","symbol":"","file":"","isolation":"isolated","type":"BUILTIN","md5":""}
var_pop_state(BIGINT)	VARBINARY	Scalar	NULL	{"fid":"0","symbol":"","file":"","isolation":"isolated","type":"BUILTIN","md5":""}
var_pop_state(BOOLEAN)	VARBINARY	Scalar	NULL	{"fid":"0","symbol":"","file":"","isolation":"isolated","type":"BUILTIN","md5":""}
var_pop_state(DOUBLE)	VARBINARY	Scalar	NULL	{"fid":"0","symbol":"","file":"","isolation":"isolated","type":"BUILTIN","md5":""}
var_pop_state(FLOAT)	VARBINARY	Scalar	NULL	{"fid":"0","symbol":"","file":"","isolation":"isolated","type":"BUILTIN","md5":""}
var_pop_state(INT)	VARBINARY	Scalar	NULL	{"fid":"0","symbol":"","file":"","isolation":"isolated","type":"BUILTIN","md5":""}
var_pop_state(LARGEINT)	VARBINARY	Scalar	NULL	{"fid":"0","symbol":"","file":"","isolation":"isolated","type":"BUILTIN","md5":""}
var_pop_state(SMALLINT)	VARBINARY	Scalar	NULL	{"fid":"0","symbol":"","file":"","isolation":"isolated","type":"BUILTIN","md5":""}
var_pop_state(TINYINT)	VARBINARY	Scalar	NULL	{"fid":"0","symbol":"","file":"","isolation":"isolated","type":"BUILTIN","md5":""}
var_pop_state_merge(VARBINARY)	DOUBLE	Scalar	NULL	{"fid":"0","symbol":"","file":"","isolation":"isolated","type":"BUILTIN","md5":""}
var_pop_state_union(VARBINARY,VARBINARY)	VARBINARY	Scalar	NULL	{"fid":"0","symbol":"","file":"","isolation":"isolated","type":"BUILTIN","md5":""}
var_pop_union(VARBINARY)	VARBINARY	Aggregate	NULL	{"fid":"0","symbol":"","file":"","isolation":"isolated","type":"BUILTIN","md5":""}
var_samp(BIGINT)	DOUBLE	Aggregate	VARBINARY	{"fid":"0","symbol":"","file":"","isolation":"isolated","type":"BUILTIN","md5":""}
var_samp(BOOLEAN)	DOUBLE	Aggregate	VARBINARY	{"fid":"0","symbol":"","file":"","isolation":"isolated","type":"BUILTIN","md5":""}
var_samp(DOUBLE)	DOUBLE	Aggregate	VARBINARY	{"fid":"0","symbol":"","file":"","isolation":"isolated","type":"BUILTIN","md5":""}
var_samp(FLOAT)	DOUBLE	Aggregate	VARBINARY	{"fid":"0","symbol":"","file":"","isolation":"isolated","type":"BUILTIN","md5":""}
var_samp(INT)	DOUBLE	Aggregate	VARBINARY	{"fid":"0","symbol":"","file":"","isolation":"isolated","type":"BUILTIN","md5":""}
var_samp(LARGEINT)	DOUBLE	Aggregate	VARBINARY	{"fid":"0","symbol":"","file":"","isolation":"isolated","type":"BUILTIN","md5":""}
var_samp(SMALLINT)	DOUBLE	Aggregate	VARBINARY	{"fid":"0","symbol":"","file":"","isolation":"isolated","type":"BUILTIN","md5":""}
var_samp(TINYINT)	DOUBLE	Aggregate	VARBINARY	{"fid":"0","symbol":"","file":"","isolation":"isolated","type":"BUILTIN","md5":""}
var_samp_combine(BIGINT)	VARBINARY	Aggregate	NULL	{"fid":"0","symbol":"","file":"","isolation":"isolated","type":"BUILTIN","md5":""}
var_samp_combine(BOOLEAN)	VARBINARY	Aggregate	NULL	{"fid":"0","symbol":"","file":"","isolation":"isolated","type":"BUILTIN","md5":""}
var_samp_combine(DOUBLE)	VARBINARY	Aggregate	NULL	{"fid":"0","symbol":"","file":"","isolation":"isolated","type":"BUILTIN","md5":""}
var_samp_combine(FLOAT)	VARBINARY	Aggregate	NULL	{"fid":"0","symbol":"","file":"","isolation":"isolated","type":"BUILTIN","md5":""}
var_samp_combine(INT)	VARBINARY	Aggregate	NULL	{"fid":"0","symbol":"","file":"","isolation":"isolated","type":"BUILTIN","md5":""}
var_samp_combine(LARGEINT)	VARBINARY	Aggregate	NULL	{"fid":"0","symbol":"","file":"","isolation":"isolated","type":"BUILTIN","md5":""}
var_samp_combine(SMALLINT)	VARBINARY	Aggregate	NULL	{"fid":"0","symbol":"","file":"","isolation":"isolated","type":"BUILTIN","md5":""}
var_samp_combine(TINYINT)	VARBINARY	Aggregate	NULL	{"fid":"0","symbol":"","file":"","isolation":"isolated","type":"BUILTIN","md5":""}
var_samp_if(BIGINT,BOOLEAN)	DOUBLE	Aggregate	VARBINARY	{"fid":"0","symbol":"","file":"","isolation":"isolated","type":"BUILTIN","md5":""}
var_samp_if(BOOLEAN,BOOLEAN)	DOUBLE	Aggregate	VARBINARY	{"fid":"0","symbol":"","file":"","isolation":"isolated","type":"BUILTIN","md5":""}
var_samp_if(DOUBLE,BOOLEAN)	DOUBLE	Aggregate	VARBINARY	{"fid":"0","symbol":"","file":"","isolation":"isolated","type":"BUILTIN","md5":""}
var_samp_if(FLOAT,BOOLEAN)	DOUBLE	Aggregate	VARBINARY	{"fid":"0","symbol":"","file":"","isolation":"isolated","type":"BUILTIN","md5":""}
var_samp_if(INT,BOOLEAN)	DOUBLE	Aggregate	VARBINARY	{"fid":"0","symbol":"","file":"","isolation":"isolated","type":"BUILTIN","md5":""}
var_samp_if(LARGEINT,BOOLEAN)	DOUBLE	Aggregate	VARBINARY	{"fid":"0","symbol":"","file":"","isolation":"isolated","type":"BUILTIN","md5":""}
var_samp_if(SMALLINT,BOOLEAN)	DOUBLE	Aggregate	VARBINARY	{"fid":"0","symbol":"","file":"","isolation":"isolated","type":"BUILTIN","md5":""}
var_samp_if(TINYINT,BOOLEAN)	DOUBLE	Aggregate	VARBINARY	{"fid":"0","symbol":"","file":"","isolation":"isolated","type":"BUILTIN","md5":""}
var_samp_merge(VARBINARY)	DOUBLE	Aggregate	VARBINARY	{"fid":"0","symbol":"","file":"","isolation":"isolated","type":"BUILTIN","md5":""}
var_samp_state(BIGINT)	VARBINARY	Scalar	NULL	{"fid":"0","symbol":"","file":"","isolation":"isolated","type":"BUILTIN","md5":""}
var_samp_state(BOOLEAN)	VARBINARY	Scalar	NULL	{"fid":"0","symbol":"","file":"","isolation":"isolated","type":"BUILTIN","md5":""}
var_samp_state(DOUBLE)	VARBINARY	Scalar	NULL	{"fid":"0","symbol":"","file":"","isolation":"isolated","type":"BUILTIN","md5":""}
var_samp_state(FLOAT)	VARBINARY	Scalar	NULL	{"fid":"0","symbol":"","file":"","isolation":"isolated","type":"BUILTIN","md5":""}
var_samp_state(INT)	VARBINARY	Scalar	NULL	{"fid":"0","symbol":"","file":"","isolation":"isolated","type":"BUILTIN","md5":""}
var_samp_state(LARGEINT)	VARBINARY	Scalar	NULL	{"fid":"0","symbol":"","file":"","isolation":"isolated","type":"BUILTIN","md5":""}
var_samp_state(SMALLINT)	VARBINARY	Scalar	NULL	{"fid":"0","symbol":"","file":"","isolation":"isolated","type":"BUILTIN","md5":""}
var_samp_state(TINYINT)	VARBINARY	Scalar	NULL	{"fid":"0","symbol":"","file":"","isolation":"isolated","type":"BUILTIN","md5":""}
var_samp_state_merge(VARBINARY)	DOUBLE	Scalar	NULL	{"fid":"0","symbol":"","file":"","isolation":"isolated","type":"BUILTIN","md5":""}
var_samp_state_union(VARBINARY,VARBINARY)	VARBINARY	Scalar	NULL	{"fid":"0","symbol":"","file":"","isolation":"isolated","type":"BUILTIN","md5":""}
var_samp_union(VARBINARY)	VARBINARY	Aggregate	NULL	{"fid":"0","symbol":"","file":"","isolation":"isolated","type":"BUILTIN","md5":""}
variance(BIGINT)	DOUBLE	Aggregate	VARBINARY	{"fid":"0","symbol":"","file":"","isolation":"isolated","type":"BUILTIN","md5":""}
variance(BOOLEAN)	DOUBLE	Aggregate	VARBINARY	{"fid":"0","symbol":"","file":"","isolation":"isolated","type":"BUILTIN","md5":""}
variance(DOUBLE)	DOUBLE	Aggregate	VARBINARY	{"fid":"0","symbol":"","file":"","isolation":"isolated","type":"BUILTIN","md5":""}
variance(FLOAT)	DOUBLE	Aggregate	VARBINARY	{"fid":"0","symbol":"","file":"","isolation":"isolated","type":"BUILTIN","md5":""}
variance(INT)	DOUBLE	Aggregate	VARBINARY	{"fid":"0","symbol":"","file":"","isolation":"isolated","type":"BUILTIN","md5":""}
variance(LARGEINT)	DOUBLE	Aggregate	VARBINARY	{"fid":"0","symbol":"","file":"","isolation":"isolated","type":"BUILTIN","md5":""}
variance(SMALLINT)	DOUBLE	Aggregate	VARBINARY	{"fid":"0","symbol":"","file":"","isolation":"isolated","type":"BUILTIN","md5":""}
variance(TINYINT)	DOUBLE	Aggregate	VARBINARY	{"fid":"0","symbol":"","file":"","isolation":"isolated","type":"BUILTIN","md5":""}
variance_combine(BIGINT)	VARBINARY	Aggregate	NULL	{"fid":"0","symbol":"","file":"","isolation":"isolated","type":"BUILTIN","md5":""}
variance_combine(BOOLEAN)	VARBINARY	Aggregate	NULL	{"fid":"0","symbol":"","file":"","isolation":"isolated","type":"BUILTIN","md5":""}
variance_combine(DOUBLE)	VARBINARY	Aggregate	NULL	{"fid":"0","symbol":"","file":"","isolation":"isolated","type":"BUILTIN","md5":""}
variance_combine(FLOAT)	VARBINARY	Aggregate	NULL	{"fid":"0","symbol":"","file":"","isolation":"isolated","type":"BUILTIN","md5":""}
variance_combine(INT)	VARBINARY	Aggregate	NULL	{"fid":"0","symbol":"","file":"","isolation":"isolated","type":"BUILTIN","md5":""}
variance_combine(LARGEINT)	VARBINARY	Aggregate	NULL	{"fid":"0","symbol":"","file":"","isolation":"isolated","type":"BUILTIN","md5":""}
variance_combine(SMALLINT)	VARBINARY	Aggregate	NULL	{"fid":"0","symbol":"","file":"","isolation":"isolated","type":"BUILTIN","md5":""}
variance_combine(TINYINT)	VARBINARY	Aggregate	NULL	{"fid":"0","symbol":"","file":"","isolation":"isolated","type":"BUILTIN","md5":""}
variance_if(BIGINT,BOOLEAN)	DOUBLE	Aggregate	VARBINARY	{"fid":"0","symbol":"","file":"","isolation":"isolated","type":"BUILTIN","md5":""}
variance_if(BOOLEAN,BOOLEAN)	DOUBLE	Aggregate	VARBINARY	{"fid":"0","symbol":"","file":"","isolation":"isolated","type":"BUILTIN","md5":""}
variance_if(DOUBLE,BOOLEAN)	DOUBLE	Aggregate	VARBINARY	{"fid":"0","symbol":"","file":"","isolation":"isolated","type":"BUILTIN","md5":""}
variance_if(FLOAT,BOOLEAN)	DOUBLE	Aggregate	VARBINARY	{"fid":"0","symbol":"","file":"","isolation":"isolated","type":"BUILTIN","md5":""}
variance_if(INT,BOOLEAN)	DOUBLE	Aggregate	VARBINARY	{"fid":"0","symbol":"","file":"","isolation":"isolated","type":"BUILTIN","md5":""}
variance_if(LARGEINT,BOOLEAN)	DOUBLE	Aggregate	VARBINARY	{"fid":"0","symbol":"","file":"","isolation":"isolated","type":"BUILTIN","md5":""}
variance_if(SMALLINT,BOOLEAN)	DOUBLE	Aggregate	VARBINARY	{"fid":"0","symbol":"","file":"","isolation":"isolated","type":"BUILTIN","md5":""}
variance_if(TINYINT,BOOLEAN)	DOUBLE	Aggregate	VARBINARY	{"fid":"0","symbol":"","file":"","isolation":"isolated","type":"BUILTIN","md5":""}
variance_merge(VARBINARY)	DOUBLE	Aggregate	VARBINARY	{"fid":"0","symbol":"","file":"","isolation":"isolated","type":"BUILTIN","md5":""}
variance_pop(BIGINT)	DOUBLE	Aggregate	VARBINARY	{"fid":"0","symbol":"","file":"","isolation":"isolated","type":"BUILTIN","md5":""}
variance_pop(BOOLEAN)	DOUBLE	Aggregate	VARBINARY	{"fid":"0","symbol":"","file":"","isolation":"isolated","type":"BUILTIN","md5":""}
variance_pop(DOUBLE)	DOUBLE	Aggregate	VARBINARY	{"fid":"0","symbol":"","file":"","isolation":"isolated","type":"BUILTIN","md5":""}
variance_pop(FLOAT)	DOUBLE	Aggregate	VARBINARY	{"fid":"0","symbol":"","file":"","isolation":"isolated","type":"BUILTIN","md5":""}
variance_pop(INT)	DOUBLE	Aggregate	VARBINARY	{"fid":"0","symbol":"","file":"","isolation":"isolated","type":"BUILTIN","md5":""}
variance_pop(LARGEINT)	DOUBLE	Aggregate	VARBINARY	{"fid":"0","symbol":"","file":"","isolation":"isolated","type":"BUILTIN","md5":""}
variance_pop(SMALLINT)	DOUBLE	Aggregate	VARBINARY	{"fid":"0","symbol":"","file":"","isolation":"isolated","type":"BUILTIN","md5":""}
variance_pop(TINYINT)	DOUBLE	Aggregate	VARBINARY	{"fid":"0","symbol":"","file":"","isolation":"isolated","type":"BUILTIN","md5":""}
variance_pop_combine(BIGINT)	VARBINARY	Aggregate	NULL	{"fid":"0","symbol":"","file":"","isolation":"isolated","type":"BUILTIN","md5":""}
variance_pop_combine(BOOLEAN)	VARBINARY	Aggregate	NULL	{"fid":"0","symbol":"","file":"","isolation":"isolated","type":"BUILTIN","md5":""}
variance_pop_combine(DOUBLE)	VARBINARY	Aggregate	NULL	{"fid":"0","symbol":"","file":"","isolation":"isolated","type":"BUILTIN","md5":""}
variance_pop_combine(FLOAT)	VARBINARY	Aggregate	NULL	{"fid":"0","symbol":"","file":"","isolation":"isolated","type":"BUILTIN","md5":""}
variance_pop_combine(INT)	VARBINARY	Aggregate	NULL	{"fid":"0","symbol":"","file":"","isolation":"isolated","type":"BUILTIN","md5":""}
variance_pop_combine(LARGEINT)	VARBINARY	Aggregate	NULL	{"fid":"0","symbol":"","file":"","isolation":"isolated","type":"BUILTIN","md5":""}
variance_pop_combine(SMALLINT)	VARBINARY	Aggregate	NULL	{"fid":"0","symbol":"","file":"","isolation":"isolated","type":"BUILTIN","md5":""}
variance_pop_combine(TINYINT)	VARBINARY	Aggregate	NULL	{"fid":"0","symbol":"","file":"","isolation":"isolated","type":"BUILTIN","md5":""}
variance_pop_if(BIGINT,BOOLEAN)	DOUBLE	Aggregate	VARBINARY	{"fid":"0","symbol":"","file":"","isolation":"isolated","type":"BUILTIN","md5":""}
variance_pop_if(BOOLEAN,BOOLEAN)	DOUBLE	Aggregate	VARBINARY	{"fid":"0","symbol":"","file":"","isolation":"isolated","type":"BUILTIN","md5":""}
variance_pop_if(DOUBLE,BOOLEAN)	DOUBLE	Aggregate	VARBINARY	{"fid":"0","symbol":"","file":"","isolation":"isolated","type":"BUILTIN","md5":""}
variance_pop_if(FLOAT,BOOLEAN)	DOUBLE	Aggregate	VARBINARY	{"fid":"0","symbol":"","file":"","isolation":"isolated","type":"BUILTIN","md5":""}
variance_pop_if(INT,BOOLEAN)	DOUBLE	Aggregate	VARBINARY	{"fid":"0","symbol":"","file":"","isolation":"isolated","type":"BUILTIN","md5":""}
variance_pop_if(LARGEINT,BOOLEAN)	DOUBLE	Aggregate	VARBINARY	{"fid":"0","symbol":"","file":"","isolation":"isolated","type":"BUILTIN","md5":""}
variance_pop_if(SMALLINT,BOOLEAN)	DOUBLE	Aggregate	VARBINARY	{"fid":"0","symbol":"","file":"","isolation":"isolated","type":"BUILTIN","md5":""}
variance_pop_if(TINYINT,BOOLEAN)	DOUBLE	Aggregate	VARBINARY	{"fid":"0","symbol":"","file":"","isolation":"isolated","type":"BUILTIN","md5":""}
variance_pop_merge(VARBINARY)	DOUBLE	Aggregate	VARBINARY	{"fid":"0","symbol":"","file":"","isolation":"isolated","type":"BUILTIN","md5":""}
variance_pop_state(BIGINT)	VARBINARY	Scalar	NULL	{"fid":"0","symbol":"","file":"","isolation":"isolated","type":"BUILTIN","md5":""}
variance_pop_state(BOOLEAN)	VARBINARY	Scalar	NULL	{"fid":"0","symbol":"","file":"","isolation":"isolated","type":"BUILTIN","md5":""}
variance_pop_state(DOUBLE)	VARBINARY	Scalar	NULL	{"fid":"0","symbol":"","file":"","isolation":"isolated","type":"BUILTIN","md5":""}
variance_pop_state(FLOAT)	VARBINARY	Scalar	NULL	{"fid":"0","symbol":"","file":"","isolation":"isolated","type":"BUILTIN","md5":""}
variance_pop_state(INT)	VARBINARY	Scalar	NULL	{"fid":"0","symbol":"","file":"","isolation":"isolated","type":"BUILTIN","md5":""}
variance_pop_state(LARGEINT)	VARBINARY	Scalar	NULL	{"fid":"0","symbol":"","file":"","isolation":"isolated","type":"BUILTIN","md5":""}
variance_pop_state(SMALLINT)	VARBINARY	Scalar	NULL	{"fid":"0","symbol":"","file":"","isolation":"isolated","type":"BUILTIN","md5":""}
variance_pop_state(TINYINT)	VARBINARY	Scalar	NULL	{"fid":"0","symbol":"","file":"","isolation":"isolated","type":"BUILTIN","md5":""}
variance_pop_state_merge(VARBINARY)	DOUBLE	Scalar	NULL	{"fid":"0","symbol":"","file":"","isolation":"isolated","type":"BUILTIN","md5":""}
variance_pop_state_union(VARBINARY,VARBINARY)	VARBINARY	Scalar	NULL	{"fid":"0","symbol":"","file":"","isolation":"isolated","type":"BUILTIN","md5":""}
variance_pop_union(VARBINARY)	VARBINARY	Aggregate	NULL	{"fid":"0","symbol":"","file":"","isolation":"isolated","type":"BUILTIN","md5":""}
variance_samp(BIGINT)	DOUBLE	Aggregate	VARBINARY	{"fid":"0","symbol":"","file":"","isolation":"isolated","type":"BUILTIN","md5":""}
variance_samp(BOOLEAN)	DOUBLE	Aggregate	VARBINARY	{"fid":"0","symbol":"","file":"","isolation":"isolated","type":"BUILTIN","md5":""}
variance_samp(DOUBLE)	DOUBLE	Aggregate	VARBINARY	{"fid":"0","symbol":"","file":"","isolation":"isolated","type":"BUILTIN","md5":""}
variance_samp(FLOAT)	DOUBLE	Aggregate	VARBINARY	{"fid":"0","symbol":"","file":"","isolation":"isolated","type":"BUILTIN","md5":""}
variance_samp(INT)	DOUBLE	Aggregate	VARBINARY	{"fid":"0","symbol":"","file":"","isolation":"isolated","type":"BUILTIN","md5":""}
variance_samp(LARGEINT)	DOUBLE	Aggregate	VARBINARY	{"fid":"0","symbol":"","file":"","isolation":"isolated","type":"BUILTIN","md5":""}
variance_samp(SMALLINT)	DOUBLE	Aggregate	VARBINARY	{"fid":"0","symbol":"","file":"","isolation":"isolated","type":"BUILTIN","md5":""}
variance_samp(TINYINT)	DOUBLE	Aggregate	VARBINARY	{"fid":"0","symbol":"","file":"","isolation":"isolated","type":"BUILTIN","md5":""}
variance_samp_combine(BIGINT)	VARBINARY	Aggregate	NULL	{"fid":"0","symbol":"","file":"","isolation":"isolated","type":"BUILTIN","md5":""}
variance_samp_combine(BOOLEAN)	VARBINARY	Aggregate	NULL	{"fid":"0","symbol":"","file":"","isolation":"isolated","type":"BUILTIN","md5":""}
variance_samp_combine(DOUBLE)	VARBINARY	Aggregate	NULL	{"fid":"0","symbol":"","file":"","isolation":"isolated","type":"BUILTIN","md5":""}
variance_samp_combine(FLOAT)	VARBINARY	Aggregate	NULL	{"fid":"0","symbol":"","file":"","isolation":"isolated","type":"BUILTIN","md5":""}
variance_samp_combine(INT)	VARBINARY	Aggregate	NULL	{"fid":"0","symbol":"","file":"","isolation":"isolated","type":"BUILTIN","md5":""}
variance_samp_combine(LARGEINT)	VARBINARY	Aggregate	NULL	{"fid":"0","symbol":"","file":"","isolation":"isolated","type":"BUILTIN","md5":""}
variance_samp_combine(SMALLINT)	VARBINARY	Aggregate	NULL	{"fid":"0","symbol":"","file":"","isolation":"isolated","type":"BUILTIN","md5":""}
variance_samp_combine(TINYINT)	VARBINARY	Aggregate	NULL	{"fid":"0","symbol":"","file":"","isolation":"isolated","type":"BUILTIN","md5":""}
variance_samp_if(BIGINT,BOOLEAN)	DOUBLE	Aggregate	VARBINARY	{"fid":"0","symbol":"","file":"","isolation":"isolated","type":"BUILTIN","md5":""}
variance_samp_if(BOOLEAN,BOOLEAN)	DOUBLE	Aggregate	VARBINARY	{"fid":"0","symbol":"","file":"","isolation":"isolated","type":"BUILTIN","md5":""}
variance_samp_if(DOUBLE,BOOLEAN)	DOUBLE	Aggregate	VARBINARY	{"fid":"0","symbol":"","file":"","isolation":"isolated","type":"BUILTIN","md5":""}
variance_samp_if(FLOAT,BOOLEAN)	DOUBLE	Aggregate	VARBINARY	{"fid":"0","symbol":"","file":"","isolation":"isolated","type":"BUILTIN","md5":""}
variance_samp_if(INT,BOOLEAN)	DOUBLE	Aggregate	VARBINARY	{"fid":"0","symbol":"","file":"","isolation":"isolated","type":"BUILTIN","md5":""}
variance_samp_if(LARGEINT,BOOLEAN)	DOUBLE	Aggregate	VARBINARY	{"fid":"0","symbol":"","file":"","isolation":"isolated","type":"BUILTIN","md5":""}
variance_samp_if(SMALLINT,BOOLEAN)	DOUBLE	Aggregate	VARBINARY	{"fid":"0","symbol":"","file":"","isolation":"isolated","type":"BUILTIN","md5":""}
variance_samp_if(TINYINT,BOOLEAN)	DOUBLE	Aggregate	VARBINARY	{"fid":"0","symbol":"","file":"","isolation":"isolated","type":"BUILTIN","md5":""}
variance_samp_merge(VARBINARY)	DOUBLE	Aggregate	VARBINARY	{"fid":"0","symbol":"","file":"","isolation":"isolated","type":"BUILTIN","md5":""}
variance_samp_state(BIGINT)	VARBINARY	Scalar	NULL	{"fid":"0","symbol":"","file":"","isolation":"isolated","type":"BUILTIN","md5":""}
variance_samp_state(BOOLEAN)	VARBINARY	Scalar	NULL	{"fid":"0","symbol":"","file":"","isolation":"isolated","type":"BUILTIN","md5":""}
variance_samp_state(DOUBLE)	VARBINARY	Scalar	NULL	{"fid":"0","symbol":"","file":"","isolation":"isolated","type":"BUILTIN","md5":""}
variance_samp_state(FLOAT)	VARBINARY	Scalar	NULL	{"fid":"0","symbol":"","file":"","isolation":"isolated","type":"BUILTIN","md5":""}
variance_samp_state(INT)	VARBINARY	Scalar	NULL	{"fid":"0","symbol":"","file":"","isolation":"isolated","type":"BUILTIN","md5":""}
variance_samp_state(LARGEINT)	VARBINARY	Scalar	NULL	{"fid":"0","symbol":"","file":"","isolation":"isolated","type":"BUILTIN","md5":""}
variance_samp_state(SMALLINT)	VARBINARY	Scalar	NULL	{"fid":"0","symbol":"","file":"","isolation":"isolated","type":"BUILTIN","md5":""}
variance_samp_state(TINYINT)	VARBINARY	Scalar	NULL	{"fid":"0","symbol":"","file":"","isolation":"isolated","type":"BUILTIN","md5":""}
variance_samp_state_merge(VARBINARY)	DOUBLE	Scalar	NULL	{"fid":"0","symbol":"","file":"","isolation":"isolated","type":"BUILTIN","md5":""}
variance_samp_state_union(VARBINARY,VARBINARY)	VARBINARY	Scalar	NULL	{"fid":"0","symbol":"","file":"","isolation":"isolated","type":"BUILTIN","md5":""}
variance_samp_union(VARBINARY)	VARBINARY	Aggregate	NULL	{"fid":"0","symbol":"","file":"","isolation":"isolated","type":"BUILTIN","md5":""}
variance_state(BIGINT)	VARBINARY	Scalar	NULL	{"fid":"0","symbol":"","file":"","isolation":"isolated","type":"BUILTIN","md5":""}
variance_state(BOOLEAN)	VARBINARY	Scalar	NULL	{"fid":"0","symbol":"","file":"","isolation":"isolated","type":"BUILTIN","md5":""}
variance_state(DOUBLE)	VARBINARY	Scalar	NULL	{"fid":"0","symbol":"","file":"","isolation":"isolated","type":"BUILTIN","md5":""}
variance_state(FLOAT)	VARBINARY	Scalar	NULL	{"fid":"0","symbol":"","file":"","isolation":"isolated","type":"BUILTIN","md5":""}
variance_state(INT)	VARBINARY	Scalar	NULL	{"fid":"0","symbol":"","file":"","isolation":"isolated","type":"BUILTIN","md5":""}
variance_state(LARGEINT)	VARBINARY	Scalar	NULL	{"fid":"0","symbol":"","file":"","isolation":"isolated","type":"BUILTIN","md5":""}
variance_state(SMALLINT)	VARBINARY	Scalar	NULL	{"fid":"0","symbol":"","file":"","isolation":"isolated","type":"BUILTIN","md5":""}
variance_state(TINYINT)	VARBINARY	Scalar	NULL	{"fid":"0","symbol":"","file":"","isolation":"isolated","type":"BUILTIN","md5":""}
variance_state_merge(VARBINARY)	DOUBLE	Scalar	NULL	{"fid":"0","symbol":"","file":"","isolation":"isolated","type":"BUILTIN","md5":""}
variance_state_union(VARBINARY,VARBINARY)	VARBINARY	Scalar	NULL	{"fid":"0","symbol":"","file":"","isolation":"isolated","type":"BUILTIN","md5":""}
variance_union(VARBINARY)	VARBINARY	Aggregate	NULL	{"fid":"0","symbol":"","file":"","isolation":"isolated","type":"BUILTIN","md5":""}
variant_query(VARIANT,VARCHAR)	VARIANT	Scalar	NULL	{"fid":"110200","symbol":"","file":"","isolation":"isolated","type":"BUILTIN","md5":""}
variant_typeof(VARIANT)	VARCHAR	Scalar	NULL	{"fid":"110205","symbol":"","file":"","isolation":"isolated","type":"BUILTIN","md5":""}
version()	VARCHAR	Scalar	NULL	{"fid":"100012","symbol":"","file":"","isolation":"isolated","type":"BUILTIN","md5":""}
week(DATETIME)	INT	Scalar	NULL	{"fid":"50064","symbol":"","file":"","isolation":"isolated","type":"BUILTIN","md5":""}
week(DATETIME,INT)	INT	Scalar	NULL	{"fid":"50067","symbol":"","file":"","isolation":"isolated","type":"BUILTIN","md5":""}
week_iso(DATETIME)	INT	Scalar	NULL	{"fid":"50068","symbol":"","file":"","isolation":"isolated","type":"BUILTIN","md5":""}
weekday(DATETIME)	INT	Scalar	NULL	{"fid":"50100","symbol":"","file":"","isolation":"isolated","type":"BUILTIN","md5":""}
weekofyear(DATETIME)	INT	Scalar	NULL	{"fid":"50063","symbol":"","file":"","isolation":"isolated","type":"BUILTIN","md5":""}
weeks_add(DATETIME,INT)	DATETIME	Scalar	NULL	{"fid":"50130","symbol":"","file":"","isolation":"isolated","type":"BUILTIN","md5":""}
weeks_diff(DATETIME,DATETIME)	BIGINT	Scalar	NULL	{"fid":"50192","symbol":"","file":"","isolation":"isolated","type":"BUILTIN","md5":""}
weeks_sub(DATETIME,INT)	DATETIME	Scalar	NULL	{"fid":"50131","symbol":"","file":"","isolation":"isolated","type":"BUILTIN","md5":""}
window_funnel(BIGINT,BIGINT,INT,INVALID_TYPE)	INT	Aggregate	INVALID_TYPE	{"fid":"0","symbol":"","file":"","isolation":"isolated","type":"BUILTIN","md5":""}
window_funnel(BIGINT,DATE,INT,INVALID_TYPE)	INT	Aggregate	INVALID_TYPE	{"fid":"0","symbol":"","file":"","isolation":"isolated","type":"BUILTIN","md5":""}
window_funnel(BIGINT,DATETIME,INT,INVALID_TYPE)	INT	Aggregate	INVALID_TYPE	{"fid":"0","symbol":"","file":"","isolation":"isolated","type":"BUILTIN","md5":""}
window_funnel(BIGINT,INT,INT,INVALID_TYPE)	INT	Aggregate	INVALID_TYPE	{"fid":"0","symbol":"","file":"","isolation":"isolated","type":"BUILTIN","md5":""}
xx_hash3_128(VARCHAR, ...)	LARGEINT	Scalar	NULL	{"fid":"100022","symbol":"","file":"","isolation":"isolated","type":"BUILTIN","md5":""}
xx_hash3_64(VARCHAR, ...)	BIGINT	Scalar	NULL	{"fid":"100021","symbol":"","file":"","isolation":"isolated","type":"BUILTIN","md5":""}
year(DATE)	SMALLINT	Scalar	NULL	{"fid":"50008","symbol":"","file":"","isolation":"isolated","type":"BUILTIN","md5":""}
year(DATETIME)	SMALLINT	Scalar	NULL	{"fid":"50009","symbol":"","file":"","isolation":"isolated","type":"BUILTIN","md5":""}
years_add(DATETIME,INT)	DATETIME	Scalar	NULL	{"fid":"50110","symbol":"","file":"","isolation":"isolated","type":"BUILTIN","md5":""}
years_diff(DATETIME,DATETIME)	BIGINT	Scalar	NULL	{"fid":"50190","symbol":"","file":"","isolation":"isolated","type":"BUILTIN","md5":""}
years_sub(DATETIME,INT)	DATETIME	Scalar	NULL	{"fid":"50111","symbol":"","file":"","isolation":"isolated","type":"BUILTIN","md5":""}
yearweek(DATETIME)	INT	Scalar	NULL	{"fid":"50042","symbol":"","file":"","isolation":"isolated","type":"BUILTIN","md5":""}
yearweek(DATETIME,INT)	INT	Scalar	NULL	{"fid":"50043","symbol":"","file":"","isolation":"isolated","type":"BUILTIN","md5":""}
